traffic_type,app,source_file,split,protocol_id,rtt,rtt_valid,syn_count,fin_count,rst_count,n_dst_ips,n_dst_ports,n_src_ports,conn_per_sec,packet_sizes,iats,directions
cloud_gaming,GeForce_Now,/indian-slp/Users/ug/ZEPA/Kritik/net_data/5G_Traffic_Datasets/Game_Streaming/GeForce_Now/GeForce_Now_1.csv,pretrain,0,0.031907,True,0,0,0,1,7,8,0.050836,"[557, 3462, 133, 314, 559, 7242, 559, 7242, 71]","[0.0, 0.031907, 0.005047, 0.021612, 0.003261, 0.027276, 1.845593, 0.024155, 4.005104]","[1, -1, 1, -1, 1, -1, 1, -1, -1]"
cloud_gaming,GeForce_Now,/indian-slp/Users/ug/ZEPA/Kritik/net_data/5G_Traffic_Datasets/Game_Streaming/GeForce_Now/GeForce_Now_1.csv,pretrain,0,0.029091,True,0,0,0,1,7,8,0.050836,"[557, 3462, 133, 314, 1884, 3444, 71]","[0.0, 0.029091, 0.013388, 0.032249, 0.00488, 0.150889, 4.000305]","[1, -1, 1, -1, 1, -1, -1]"
cloud_gaming,GeForce_Now,/indian-slp/Users/ug/ZEPA/Kritik/net_data/5G_Traffic_Datasets/Game_Streaming/GeForce_Now/GeForce_Now_1.csv,pretrain,3,0.0,False,0,0,0,1,7,8,0.050836,"[64, 64, 64, 64, 64]","[0.0, 5.70739, 3.857637, 29.783077, 19.170757]","[1, 1, 1, 1, 1]"
cloud_gaming,GeForce_Now,/indian-slp/Users/ug/ZEPA/Kritik/net_data/5G_Traffic_Datasets/Game_Streaming/GeForce_Now/GeForce_Now_1.csv,pretrain,0,0.028347,True,1,1,0,1,7,8,0.050836,"[60, 48, 40, 40, 40, 40, 40, 40, 40, 40, 40, 40, 40]","[0.0, 0.028347, 0.000136, 0.001643, 0.032345, 0.004526, 0.024906, 0.063652, 1.809198, 0.024127, 4.005235, 4.1e-05, 0.03137]","[1, -1, 1, -1, 1, -1, -1, 1, -1, 1, 1, -1, 1]"
cloud_gaming,GeForce_Now,/indian-slp/Users/ug/ZEPA/Kritik/net_data/5G_Traffic_Datasets/Game_Streaming/GeForce_Now/GeForce_Now_1.csv,pretrain,0,0.025335,True,1,1,0,1,7,8,0.050836,"[60, 48, 40, 40, 40, 40, 40, 40, 40, 40, 40]","[0.0, 0.025335, 0.000585, 0.005991, 0.029376, 0.012842, 0.037165, 0.18645, 3.964947, 0.010371, 0.033994]","[1, -1, 1, -1, 1, -1, -1, 1, 1, -1, 1]"
cloud_gaming,GeForce_Now,/indian-slp/Users/ug/ZEPA/Kritik/net_data/5G_Traffic_Datasets/Game_Streaming/GeForce_Now/GeForce_Now_1.csv,pretrain,0,0.096624,True,1,0,0,1,7,8,0.050836,"[60, 48, 40, 40, 40, 40, 40, 40, 40, 40, 40, 40, 40, 40, 40, 40, 40, 40, 40, 40, 40, 40, 40, 40, 40, 40, 40, 40, 40, 40, 40, 40, 40, 40, 40, 40, 40, 40, 40, 40, 40, 40, 40, 40, 40, 40, 40, 40, 40, 40, 40, 40, 40, 40, 40, 40, 40, 40, 40, 40, 40, 40, 40, 40]","[0.0, 0.096624, 0.000528, 0.007086, 0.035705, 0.003362, 0.035122, 0.030546, 0.000649, 0.023858, 0.044282, 0.032301, 0.010161, 0.004343, 0.021584, 0.000993, 0.005414, 0.079053, 0.054382, 0.039027, 0.036969, 0.039026, 0.242773, 0.355118, 0.066384, 0.954021, 1.991356, 2.001488, 1.998565, 2.000619, 2.000287, 2.000758, 2.000418, 2.000258, 2.000579, 2.00094, 2.001341, 1.999761, 2.005873, 1.995889, 2.000507, 2.000047, 2.000052, 2.000652, 2.001535, 1.998812, 2.000927, 2.000101, 2.000426, 2.000124, 2.000373, 2.000103, 2.000422, 2.003427, 1.998092, 2.000819, 2.001799, 1.999914, 2.000859, 2.000301, 2.000848, 2.000515, 2.000602, 2.000942]","[1, -1, 1, -1, 1, -1, -1, -1, -1, -1, 1, 1, 1, 1, 1, 1, 1, -1, -1, -1, -1, -1, 1, -1, 1, -1, -1, -1, -1, -1, -1, -1, -1, -1, -1, -1, -1, -1, -1, -1, -1, -1, -1, -1, -1, -1, -1, -1, -1, -1, -1, -1, -1, -1, -1, -1, -1, -1, -1, -1, -1, -1, -1, -1]"
cloud_gaming,GeForce_Now,/indian-slp/Users/ug/ZEPA/Kritik/net_data/5G_Traffic_Datasets/Game_Streaming/GeForce_Now/GeForce_Now_1.csv,pretrain,0,0.03564,True,0,0,0,1,7,8,0.050836,"[557, 3495, 166, 330, 410, 235, 80, 308, 221, 353, 10000, 3580, 5440, 10000, 3580, 10000, 3580, 5440, 5440, 10000, 10000, 7120, 10000, 7573, 491, 224, 512, 222, 514, 223, 517, 224, 731, 134, 272, 134, 80, 80, 80, 80, 80, 80, 80, 80, 80, 80, 80, 80, 80, 80, 80, 80, 80, 80, 80, 80, 80, 80, 80, 80, 80, 80, 80, 80]","[0.0, 0.03564, 0.00475, 0.028508, 0.00648, 0.028322, 0.002368, 0.000743, 0.021454, 0.00229, 0.043881, 0.000395, 0.019636, 0.012292, 0.000622, 0.009489, 0.00067, 0.003634, 0.011148, 0.010279, 0.000913, 0.000544, 0.003854, 0.000519, 0.080325, 0.044887, 0.009488, 0.031861, 0.00718, 0.031389, 0.005566, 0.030742, 0.008332, 0.209919, 0.387977, 0.066242, 0.95402, 1.991333, 1.999949, 2.00023, 2.000472, 2.00035, 2.000715, 2.000419, 2.0004, 2.00045, 2.000955, 2.00108, 2.000155, 2.005368, 1.996301, 2.000346, 2.000205, 2.000157, 2.000567, 2.000244, 2.000177, 2.000745, 2.000306, 2.000328, 2.0002, 2.000256, 2.000157, 2.000412]","[1, -1, 1, -1, 1, -1, 1, 1, -1, 1, -1, -1, -1, -1, -1, -1, -1, -1, -1, -1, -1, -1, -1, -1, 1, -1, 1, -1, 1, -1, 1, -1, 1, -1, 1, -1, 1, 1, 1, 1, 1, 1, 1, 1, 1, 1, 1, 1, 1, 1, 1, 1, 1, 1, 1, 1, 1, 1, 1, 1, 1, 1, 1, 1]"
cloud_gaming,GeForce_Now,/indian-slp/Users/ug/ZEPA/Kritik/net_data/5G_Traffic_Datasets/Game_Streaming/GeForce_Now/GeForce_Now_1.csv,pretrain,1,0.705252,True,0,0,0,1,7,8,0.050836,"[64, 64, 64, 64, 64, 64, 64, 64, 64, 64, 64, 64, 64, 64, 64, 64, 64, 64, 64, 64, 64, 64, 64, 64, 71, 93, 115, 137, 137, 137, 137, 137, 137, 137, 137, 137, 137, 137, 137, 137, 137, 137, 137, 137, 137, 137, 137, 137, 137, 137, 137, 137, 137, 137, 64, 137, 137, 137, 137, 137, 137, 137, 137, 137]","[0.0, 0.000282, 5.2e-05, 0.704918, 0.001155, 0.008655, 0.000105, 4.4e-05, 3.6e-05, 3.2e-05, 2.9e-05, 2.8e-05, 0.000122, 3.7e-05, 0.0004, 0.001007, 0.000965, 0.001012, 0.001002, 0.000989, 0.001012, 0.000994, 0.000997, 0.001079, 0.187953, 0.000433, 0.01809, 6.4e-05, 0.01986, 7.5e-05, 0.020752, 7.6e-05, 0.019465, 8.2e-05, 0.021509, 0.000193, 0.01895, 6.9e-05, 0.020337, 0.000184, 0.019021, 0.001542, 0.019073, 8.3e-05, 0.019213, 7.7e-05, 0.024541, 0.000273, 0.014503, 7.2e-05, 0.021106, 8.6e-05, 0.020455, 5.7e-05, 0.014405, 0.004983, 7.4e-05, 0.019821, 6.4e-05, 0.018865, 7.3e-05, 0.024192, 0.000153, 0.0165]","[1, 1, 1, -1, 1, 1, 1, 1, 1, 1, 1, 1, 1, 1, 1, 1, 1, 1, 1, 1, 1, 1, 1, 1, 1, 1, 1, 1, 1, 1, 1, 1, 1, 1, 1, 1, 1, 1, 1, 1, 1, 1, 1, 1, 1, 1, 1, 1, 1, 1, 1, 1, 1, 1, -1, 1, 1, 1, 1, 1, 1, 1, 1, 1]"
cloud_gaming,GeForce_Now,/indian-slp/Users/ug/ZEPA/Kritik/net_data/5G_Traffic_Datasets/Game_Streaming/GeForce_Now/GeForce_Now_1.csv,pretrain,1,0.265341,True,0,0,0,1,7,8,0.050836,"[64, 64, 64, 64, 64, 64, 64, 64, 64, 64, 80, 80, 76, 44, 76, 38, 76, 601, 345, 38, 46, 70, 354, 54, 82, 38, 282, 82, 38, 138, 210, 38, 74, 38, 108, 54, 338, 223, 38, 38, 38, 354, 38, 842, 38, 606, 38, 858, 38, 106, 590, 38, 38, 601, 38, 106, 976, 106, 46, 345, 38, 106, 38, 590]","[0.0, 0.022128, 0.021311, 0.021022, 0.022761, 0.023782, 0.024723, 0.029839, 0.021816, 0.021068, 0.031731, 0.020472, 0.004688, 0.000611, 0.019748, 0.000161, 0.031713, 0.000154, 6e-05, 6.2e-05, 8.4e-05, 0.276049, 0.002284, 0.018231, 0.018752, 0.001341, 0.011811, 0.018065, 0.000616, 0.001539, 0.001583, 0.009389, 0.006688, 0.001153, 0.001079, 0.007699, 0.002854, 0.01789, 0.000422, 0.004429, 0.004533, 0.022398, 0.02938, 0.021816, 0.034054, 0.017752, 0.034717, 0.015721, 0.025607, 0.002418, 0.026571, 0.003513, 0.031771, 0.000117, 0.000289, 0.014036, 0.00035, 0.014359, 0.015084, 0.005688, 0.000262, 0.002617, 0.002852, 0.010129]","[1, 1, 1, 1, 1, 1, 1, 1, 1, 1, 1, 1, -1, 1, -1, 1, -1, -1, -1, 1, 1, 1, 1, -1, -1, 1, 1, -1, 1, 1, 1, -1, -1, 1, 1, -1, 1, -1, 1, -1, -1, 1, -1, 1, -1, 1, -1, 1, -1, 1, 1, -1, -1, -1, 1, 1, 1, 1, -1, -1, 1, 1, -1, 1]"
cloud_gaming,GeForce_Now,/indian-slp/Users/ug/ZEPA/Kritik/net_data/5G_Traffic_Datasets/Game_Streaming/GeForce_Now/GeForce_Now_1.csv,pretrain,1,0.257634,True,0,0,0,1,7,8,0.050836,"[64, 1332, 1332, 1332, 1332, 1332, 1332, 1168, 1332, 1332, 1332, 1332, 1332, 1332, 1095, 1332, 1332, 1332, 1332, 1332, 1332, 1200, 1332, 1332, 1332, 1332, 1332, 1332, 990, 1332, 1332, 1332, 1332, 1332, 1332, 1332, 189, 1332, 1332, 1332, 1332, 1332, 1332, 1312, 1332, 1332, 1332, 1332, 1332, 1332, 1154, 1332, 1332, 1332, 1332, 1332, 1332, 1332, 540, 1332, 1332, 1332, 1332, 1332]","[0.0, 0.257634, 0.000198, 5.1e-05, 3.7e-05, 3.4e-05, 3.1e-05, 3.1e-05, 3e-05, 3.1e-05, 0.006878, 0.000268, 0.000162, 6.8e-05, 6.5e-05, 6.5e-05, 6.9e-05, 0.008173, 9.6e-05, 3.8e-05, 2.9e-05, 2.7e-05, 2.5e-05, 2.5e-05, 0.036158, 0.000109, 2.9e-05, 2.6e-05, 3.1e-05, 1.5e-05, 1.5e-05, 0.021762, 0.000118, 1.8e-05, 1.4e-05, 1.4e-05, 1.3e-05, 1.3e-05, 1.3e-05, 0.012902, 0.001585, 0.000182, 6.1e-05, 7.9e-05, 5.8e-05, 7.6e-05, 0.014303, 0.000114, 2.5e-05, 1.4e-05, 1.3e-05, 1.3e-05, 1.5e-05, 0.01186, 0.000175, 6.9e-05, 5.7e-05, 5.6e-05, 5.6e-05, 5.4e-05, 5.6e-05, 0.024488, 7.1e-05, 2.5e-05]","[1, -1, -1, -1, -1, -1, -1, -1, -1, -1, -1, -1, -1, -1, -1, -1, -1, -1, -1, -1, -1, -1, -1, -1, -1, -1, -1, -1, -1, -1, -1, -1, -1, -1, -1, -1, -1, -1, -1, -1, -1, -1, -1, -1, -1, -1, -1, -1, -1, -1, -1, -1, -1, -1, -1, -1, -1, -1, -1, -1, -1, -1, -1, -1]"
cloud_gaming,GeForce_Now,/indian-slp/Users/ug/ZEPA/Kritik/net_data/5G_Traffic_Datasets/Game_Streaming/GeForce_Now/GeForce_Now_1.csv,pretrain,1,0.035353,True,0,0,0,1,7,8,0.050836,"[64, 329, 329, 329, 329, 341, 341, 329, 329, 329, 329, 341, 341, 329, 329, 329, 329, 341, 341, 329, 329, 329, 329, 341, 341, 329, 329, 329, 329, 341, 341, 329, 329, 329, 329, 341, 341, 329, 329, 329, 329, 341, 341, 329, 329, 329, 329, 341, 341, 329, 329, 329, 329, 341, 341, 329, 329, 329, 329, 341, 341, 329, 329, 329]","[0.0, 0.035353, 0.000123, 0.010026, 0.000429, 5.8e-05, 2.8e-05, 0.002903, 3.7e-05, 0.011883, 3.2e-05, 1.6e-05, 1.5e-05, 0.011539, 5e-05, 0.007234, 4.1e-05, 2.4e-05, 2.1e-05, 0.010561, 8.7e-05, 0.005926, 6.6e-05, 4.7e-05, 4.3e-05, 0.006517, 0.000199, 0.023247, 8.4e-05, 7.4e-05, 3e-05, 0.006128, 6.6e-05, 0.006222, 4.6e-05, 2.7e-05, 2.6e-05, 0.007712, 5e-05, 0.014119, 0.004059, 5.4e-05, 1.9e-05, 1.4e-05, 1.5e-05, 0.01946, 0.000396, 0.000119, 3.6e-05, 0.005271, 6.3e-05, 0.005682, 5.2e-05, 2.3e-05, 1.5e-05, 0.013081, 0.011832, 0.0001, 0.006199, 3.8e-05, 2.3e-05, 2.2e-05, 2.2e-05, 0.011835]","[1, -1, -1, -1, -1, -1, -1, -1, -1, -1, -1, -1, -1, -1, -1, -1, -1, -1, -1, -1, -1, -1, -1, -1, -1, -1, -1, -1, -1, -1, -1, -1, -1, -1, -1, -1, -1, -1, -1, -1, -1, -1, -1, -1, -1, -1, -1, -1, -1, -1, -1, -1, -1, -1, -1, -1, -1, -1, -1, -1, -1, -1, -1, -1]"
cloud_gaming,GeForce_Now,/indian-slp/Users/ug/ZEPA/Kritik/net_data/5G_Traffic_Datasets/Game_Streaming/GeForce_Now/GeForce_Now_2.csv,pretrain,3,0.0,False,0,0,0,1,7,7,0.033719,"[64, 64, 64, 64, 64, 64, 64, 64]","[0.0, 13.111983, 27.752041, 1.998336, 22.699495, 20.66051, 10.583589, 5.547235]","[1, -1, 1, -1, 1, -1, 1, 1]"
cloud_gaming,GeForce_Now,/indian-slp/Users/ug/ZEPA/Kritik/net_data/5G_Traffic_Datasets/Game_Streaming/GeForce_Now/GeForce_Now_2.csv,pretrain,0,0.022915,True,1,0,0,1,7,7,0.033719,"[60, 48, 40, 40, 40, 40, 40, 40, 40, 40, 40, 40, 40, 40, 40, 40, 40, 40, 40, 40, 40, 40, 40, 40, 40, 40, 40, 40, 40, 40, 40, 40, 40, 40, 40, 40, 40, 40, 40, 40, 40, 40, 40, 40, 40, 40, 40, 40, 40, 40, 40, 40, 40, 40, 40, 40, 40, 40, 40, 40, 40, 40, 40, 40]","[0.0, 0.022915, 0.000272, 0.004257, 0.026159, 0.000511, 0.016151, 0.032321, 0.097237, 1.011657, 0.07273, 1.024, 0.085746, 1.025317, 0.093708, 1.034573, 0.075267, 1.037329, 0.062543, 1.054025, 0.038313, 1.040315, 0.170283, 1.028578, 0.041627, 1.039473, 0.052929, 0.005798, 1.024955, 0.034982, 1.016123, 0.134078, 1.050658, 0.029089, 1.049115, 0.117536, 0.004594, 1.039367, 0.033497, 1.039783, 0.122485, 1.042353, 0.044395, 1.054512, 0.122619, 0.006354, 1.040561, 0.038089, 0.011747, 1.02442, 0.028367, 0.012138, 1.035816, 0.033251, 1.03285, 0.025584, 1.050091, 0.075013, 1.048064, 0.027552, 0.014451, 1.040009, 0.123307, 1.063505]","[1, -1, 1, -1, 1, 1, -1, -1, 1, -1, 1, -1, 1, -1, 1, -1, 1, -1, 1, -1, 1, -1, 1, -1, 1, -1, 1, 1, -1, 1, -1, 1, -1, 1, -1, 1, 1, -1, 1, -1, 1, -1, 1, -1, 1, 1, -1, 1, 1, -1, 1, 1, -1, 1, -1, 1, -1, 1, -1, 1, 1, -1, 1, -1]"
cloud_gaming,GeForce_Now,/indian-slp/Users/ug/ZEPA/Kritik/net_data/5G_Traffic_Datasets/Game_Streaming/GeForce_Now/GeForce_Now_2.csv,pretrain,0,0.026234,True,0,0,0,1,7,7,0.033719,"[557, 2740, 762, 133, 330, 781, 2628, 831, 2628, 831, 2628, 831, 2628, 831, 2628, 830, 2625, 831, 2625, 831, 2625, 831, 2625, 831, 1390, 1275, 831, 2625, 831, 2625, 831, 2625, 830, 1390, 1275, 831, 2625, 831, 2625, 831, 2625, 831, 1390, 1275, 831, 1390, 1275, 831, 1390, 1275, 830, 2625, 831, 2625, 831, 2625, 831, 1390, 1275, 831, 2625, 831, 2625, 831]","[0.0, 0.026234, 0.000411, 0.01642, 0.028758, 0.003446, 0.065988, 1.043082, 0.072357, 1.024165, 0.085724, 1.025344, 0.093743, 1.03447, 0.075429, 1.037027, 0.061096, 1.055559, 0.038444, 1.040157, 0.170428, 1.02857, 0.041747, 1.039333, 0.053068, 0.005833, 1.024653, 0.035239, 1.01607, 0.133832, 1.05084, 0.029237, 1.048936, 0.11752, 0.004684, 1.039227, 0.033455, 1.039842, 0.122634, 1.04224, 0.044564, 1.054492, 0.122518, 0.006331, 1.040692, 0.038082, 0.011814, 1.024243, 0.028424, 0.012173, 1.03585, 0.032948, 1.032964, 0.025772, 1.049744, 0.075313, 1.047912, 0.027659, 0.014459, 1.039969, 0.123217, 1.063568, 0.047131, 1.038086]","[1, -1, -1, 1, -1, 1, -1, 1, -1, 1, -1, 1, -1, 1, -1, 1, -1, 1, -1, 1, -1, 1, -1, 1, -1, -1, 1, -1, 1, -1, 1, -1, 1, -1, -1, 1, -1, 1, -1, 1, -1, 1, -1, -1, 1, -1, -1, 1, -1, -1, 1, -1, 1, -1, 1, -1, 1, -1, -1, 1, -1, 1, -1, 1]"
cloud_gaming,GeForce_Now,/indian-slp/Users/ug/ZEPA/Kritik/net_data/5G_Traffic_Datasets/Game_Streaming/GeForce_Now/GeForce_Now_2.csv,pretrain,0,0.025754,True,1,0,0,1,7,7,0.033719,"[60, 48, 40, 40, 40, 40, 40, 40, 40, 40, 40, 40, 40, 40, 40, 40, 40, 40, 40, 40, 40, 40, 40, 40, 40, 40, 40, 40, 40, 40, 40, 40, 40, 40, 40, 40, 40, 40, 40, 40, 40, 40, 40, 40, 40, 40, 40, 40, 40, 40, 40, 40, 40, 40, 40, 40, 40, 40, 40, 40, 40, 40, 40, 40]","[0.0, 0.025754, 0.000226, 0.004357, 0.041274, 0.000156, 0.036152, 0.029405, 0.003211, 0.041528, 0.057532, 0.03741, 0.000219, 0.015931, 0.014765, 0.002395, 0.000191, 0.037475, 0.015497, 0.058223, 0.01275, 0.050063, 0.048458, 0.046732, 0.758451, 0.428456, 0.083563, 0.287764, 2.002663, 1.998825, 2.000222, 2.000561, 2.000505, 2.003126, 1.9985, 2.001628, 1.999245, 2.000634, 2.000813, 2.000202, 2.000556, 2.001147, 1.999873, 2.002491, 2.00179, 2.000223, 2.000735, 2.000408, 2.000453, 2.000683, 2.000797, 2.004639, 1.996587, 2.000957, 2.003097, 1.997723, 2.000669, 2.002216, 2.000565, 2.00067, 2.000625, 2.000544, 2.000211, 2.002001]","[1, -1, 1, -1, 1, -1, -1, -1, -1, -1, 1, 1, 1, 1, 1, 1, 1, 1, -1, 1, -1, -1, -1, -1, 1, -1, 1, -1, -1, -1, -1, -1, -1, -1, -1, -1, -1, -1, -1, -1, -1, -1, -1, -1, -1, -1, -1, -1, -1, -1, -1, -1, -1, -1, -1, -1, -1, -1, -1, -1, -1, -1, -1, -1]"
cloud_gaming,GeForce_Now,/indian-slp/Users/ug/ZEPA/Kritik/net_data/5G_Traffic_Datasets/Game_Streaming/GeForce_Now/GeForce_Now_2.csv,pretrain,1,1.313074,True,0,0,0,1,7,7,0.033719,"[64, 64, 64, 64, 64, 64, 64, 64, 64, 64, 64, 64, 64, 64, 64, 64, 64, 64, 64, 64, 64, 64, 64, 64, 64, 64, 64, 71, 93, 115, 137, 137, 137, 137, 137, 137, 137, 137, 137, 137, 137, 137, 137, 137, 137, 137, 137, 137, 137, 137, 137, 137, 137, 137, 137, 137, 137, 137, 137, 64, 137, 137, 137, 137]","[0.0, 0.005317, 0.00014, 1.008569, 8.3e-05, 4.4e-05, 0.298921, 0.008928, 0.000113, 4e-05, 2.9e-05, 2.5e-05, 0.000108, 2.6e-05, 2.9e-05, 2.7e-05, 0.00039, 0.000977, 0.000999, 0.001003, 0.001022, 0.000995, 0.001001, 0.000992, 0.00101, 0.000996, 0.00097, 0.179894, 7.4e-05, 0.019702, 8.6e-05, 0.020184, 9e-05, 0.023477, 7.5e-05, 0.019901, 0.00021, 0.016496, 0.002547, 0.018255, 0.000323, 0.019193, 0.000175, 0.022968, 0.000178, 0.016261, 0.000956, 0.020233, 0.002317, 0.017164, 0.000144, 0.018694, 0.000118, 0.021255, 8.2e-05, 0.020564, 7.4e-05, 0.017948, 0.000254, 0.013978, 0.006457, 0.00012, 0.02051, 8.7e-05]","[1, 1, 1, 1, 1, 1, -1, 1, 1, 1, 1, 1, 1, 1, 1, 1, 1, 1, 1, 1, 1, 1, 1, 1, 1, 1, 1, 1, 1, 1, 1, 1, 1, 1, 1, 1, 1, 1, 1, 1, 1, 1, 1, 1, 1, 1, 1, 1, 1, 1, 1, 1, 1, 1, 1, 1, 1, 1, 1, -1, 1, 1, 1, 1]"
cloud_gaming,GeForce_Now,/indian-slp/Users/ug/ZEPA/Kritik/net_data/5G_Traffic_Datasets/Game_Streaming/GeForce_Now/GeForce_Now_2.csv,pretrain,1,0.801097,True,0,0,0,1,7,7,0.033719,"[64, 64, 64, 64, 64, 64, 64, 64, 64, 64, 64, 64, 64, 64, 64, 64, 64, 64, 64, 64, 64, 64, 64, 64, 64, 64, 64, 64, 64, 64, 64, 64, 64, 64, 64, 80, 80, 76, 44, 76, 38, 38, 68, 38, 934, 601, 601, 601, 70, 1170, 46, 601, 1256, 1170, 1205, 345, 339, 118, 70, 354, 38, 82, 38, 46]","[0.0, 0.01943, 0.021193, 0.020505, 0.021176, 0.021495, 0.020906, 0.025012, 0.020766, 0.022846, 0.021729, 0.021111, 0.020694, 0.020909, 0.022158, 0.020753, 0.021689, 0.020057, 0.021826, 0.024183, 0.02078, 0.021235, 0.024383, 0.021234, 0.021061, 0.027038, 0.019941, 0.020839, 0.02099, 0.021111, 0.020804, 0.021581, 0.020062, 0.021079, 0.021239, 0.040945, 0.012349, 0.015988, 0.002215, 0.016435, 0.000316, 0.01134, 0.000132, 0.000281, 0.005859, 0.000119, 6.8e-05, 5.7e-05, 0.001483, 0.003652, 0.005522, 0.000402, 9.6e-05, 5.7e-05, 5.5e-05, 5.5e-05, 5.4e-05, 0.000764, 0.339853, 0.008929, 0.009646, 0.014453, 0.000288, 0.008885]","[1, 1, 1, 1, 1, 1, 1, 1, 1, 1, 1, 1, 1, 1, 1, 1, 1, 1, 1, 1, 1, 1, 1, 1, 1, 1, 1, 1, 1, 1, 1, 1, 1, 1, 1, 1, 1, -1, 1, -1, 1, -1, -1, 1, -1, -1, -1, -1, 1, -1, 1, -1, -1, -1, -1, -1, -1, 1, 1, 1, -1, -1, 1, -1]"
cloud_gaming,GeForce_Now,/indian-slp/Users/ug/ZEPA/Kritik/net_data/5G_Traffic_Datasets/Game_Streaming/GeForce_Now/GeForce_Now_2.csv,pretrain,1,0.323908,True,0,0,0,1,7,7,0.033719,"[64, 1332, 1332, 1332, 1332, 1332, 1332, 1332, 1332, 1073, 1332, 1332, 1332, 1332, 1332, 1332, 1262, 1332, 1332, 1332, 1332, 1332, 1332, 1186, 1332, 1332, 1332, 1332, 1332, 1332, 1102, 1332, 1332, 1332, 1332, 1332, 1332, 1079, 1332, 1332, 1332, 1332, 1332, 1332, 874, 1332, 1332, 1332, 1332, 1332, 1332, 627, 1332, 1332, 1332, 1332, 1332, 1332, 261, 1332, 1332, 1332, 1332, 1332]","[0.0, 0.323908, 0.000327, 8.6e-05, 7.3e-05, 7.3e-05, 7.1e-05, 6.8e-05, 6.7e-05, 7.5e-05, 7.5e-05, 7.5e-05, 0.030538, 0.000145, 2.6e-05, 1.4e-05, 1.5e-05, 1.4e-05, 1.5e-05, 0.011963, 0.000103, 4e-05, 2.4e-05, 1.9e-05, 1.8e-05, 1.5e-05, 0.008266, 0.000142, 3.8e-05, 4.8e-05, 2.9e-05, 1.6e-05, 1.7e-05, 0.010477, 8.6e-05, 3.1e-05, 2.2e-05, 1.8e-05, 1.7e-05, 1.8e-05, 0.033194, 5.3e-05, 2.6e-05, 2.3e-05, 2.3e-05, 2.2e-05, 2.3e-05, 0.015457, 0.000134, 2.9e-05, 2.6e-05, 2.4e-05, 1.5e-05, 1.5e-05, 0.022346, 8.2e-05, 2.9e-05, 2.7e-05, 2.8e-05, 1.4e-05, 1.4e-05, 0.017291, 6.9e-05, 2.5e-05]","[1, -1, -1, -1, -1, -1, -1, -1, -1, -1, -1, -1, -1, -1, -1, -1, -1, -1, -1, -1, -1, -1, -1, -1, -1, -1, -1, -1, -1, -1, -1, -1, -1, -1, -1, -1, -1, -1, -1, -1, -1, -1, -1, -1, -1, -1, -1, -1, -1, -1, -1, -1, -1, -1, -1, -1, -1, -1, -1, -1, -1, -1, -1, -1]"
cloud_gaming,GeForce_Now,/indian-slp/Users/ug/ZEPA/Kritik/net_data/5G_Traffic_Datasets/Game_Streaming/GeForce_Now/GeForce_Now_2.csv,pretrain,1,0.130165,True,0,0,0,1,7,7,0.033719,"[64, 329, 329, 329, 329, 341, 341, 329, 329, 329, 329, 341, 341, 329, 329, 329, 329, 341, 341, 329, 329, 329, 329, 341, 341, 329, 329, 329, 329, 341, 341, 329, 329, 329, 329, 341, 341, 329, 329, 329, 329, 341, 341, 329, 329, 329, 329, 341, 341, 329, 329, 329, 329, 341, 341, 329, 329, 329, 329, 341, 341, 329, 329, 329]","[0.0, 0.130165, 0.000134, 0.020625, 5.7e-05, 3.2e-05, 5e-05, 0.00555, 0.000113, 0.010655, 0.000119, 4.6e-05, 1.9e-05, 0.006945, 4.1e-05, 0.013652, 0.006636, 8.1e-05, 8.3e-05, 0.006195, 8.9e-05, 0.009416, 4.6e-05, 2.6e-05, 2.5e-05, 0.015063, 7.8e-05, 0.007294, 5e-05, 2.7e-05, 2.6e-05, 0.011748, 2.8e-05, 0.012096, 9.5e-05, 2.4e-05, 1.7e-05, 0.00568, 5e-05, 0.008818, 0.010121, 5.6e-05, 2.7e-05, 2.4e-05, 4e-05, 0.007146, 3e-05, 1.7e-05, 1.5e-05, 0.010587, 0.00015, 0.005724, 5.8e-05, 0.006417, 5.4e-05, 0.005669, 5.4e-05, 0.00673, 4.5e-05, 2e-05, 1.5e-05, 0.011757, 5e-05, 0.007828]","[1, -1, -1, -1, -1, -1, -1, -1, -1, -1, -1, -1, -1, -1, -1, -1, -1, -1, -1, -1, -1, -1, -1, -1, -1, -1, -1, -1, -1, -1, -1, -1, -1, -1, -1, -1, -1, -1, -1, -1, -1, -1, -1, -1, -1, -1, -1, -1, -1, -1, -1, -1, -1, -1, -1, -1, -1, -1, -1, -1, -1, -1, -1, -1]"
cloud_gaming,GeForce_Now,/indian-slp/Users/ug/ZEPA/Kritik/net_data/5G_Traffic_Datasets/Game_Streaming/GeForce_Now/GeForce_Now_3.csv,pretrain,0,0.024976,True,1,2,0,1,8,15,0.060193,"[60, 48, 40, 40, 40, 40, 40, 40, 40, 40, 40, 40, 40, 40]","[0.0, 0.024976, 0.00016, 0.003078, 0.031001, 0.009355, 0.035636, 0.145317, 3.972516, 1e-05, 0.037486, 1.91868, 0.002667, 7e-06]","[1, -1, 1, -1, 1, -1, -1, 1, 1, -1, 1, -1, 1, -1]"
cloud_gaming,GeForce_Now,/indian-slp/Users/ug/ZEPA/Kritik/net_data/5G_Traffic_Datasets/Game_Streaming/GeForce_Now/GeForce_Now_3.csv,pretrain,0,0.031828,True,0,0,0,1,8,15,0.060193,"[557, 3462, 133, 314, 1910, 708, 71, 559, 557, 1390, 2112, 133, 314, 558, 7242, 559, 7242, 557, 3462, 133, 314, 1916, 557, 181, 91, 738, 7242, 708, 557, 3495, 166, 314, 1778, 1840, 71, 71, 71, 71, 71, 3184, 3184, 557, 181, 91, 3184, 2643, 557, 3462, 133, 330, 781, 3341, 830, 3341, 831, 3341, 71, 831, 3341, 831, 3341, 831, 3341, 831]","[0.0, 0.031828, 0.00984, 0.033801, 0.001741, 0.112542, 4.005398, 1.956228, 0.039232, 0.01993, 0.011844, 0.004257, 0.039557, 0.002906, 0.032181, 0.181197, 0.027482, 1.828685, 0.018956, 0.018344, 0.02485, 0.004934, 0.018145, 0.031746, 0.006185, 0.009663, 0.024651, 0.025871, 0.557119, 0.031067, 0.044078, 0.03159, 0.011982, 0.487837, 0.002265, 0.825313, 1.019046, 0.966681, 0.019998, 4.24235, 0.001492, 0.048658, 0.044205, 0.001409, 0.000151, 0.843305, 1.141874, 0.020269, 0.01233, 0.029186, 0.003472, 0.057716, 1.044953, 0.079712, 1.044344, 0.075948, 0.491492, 0.544044, 0.070265, 1.024876, 0.06964, 1.03117, 0.068343, 1.039703]","[1, -1, 1, -1, 1, -1, -1, 1, 1, -1, -1, 1, -1, 1, -1, 1, -1, 1, -1, 1, -1, 1, 1, -1, 1, 1, -1, -1, 1, -1, 1, -1, 1, -1, 1, -1, 1, -1, -1, 1, 1, 1, -1, 1, 1, -1, 1, -1, 1, -1, 1, -1, 1, -1, 1, -1, -1, 1, -1, 1, -1, 1, -1, 1]"
cloud_gaming,GeForce_Now,/indian-slp/Users/ug/ZEPA/Kritik/net_data/5G_Traffic_Datasets/Game_Streaming/GeForce_Now/GeForce_Now_3.csv,pretrain,0,0.021307,True,1,1,1,1,8,15,0.060193,"[60, 48, 40, 40, 40, 40, 40, 40, 40, 40, 40, 40, 40, 40, 40, 40]","[0.0, 0.021307, 0.000286, 0.001333, 0.019895, 0.011951, 0.004068, 0.042576, 0.064205, 0.149197, 0.02749, 4.00315, 1.1e-05, 0.039684, 0.979281, 0.000682]","[1, -1, 1, -1, 1, 1, -1, -1, 1, -1, 1, 1, -1, 1, -1, 1]"
cloud_gaming,GeForce_Now,/indian-slp/Users/ug/ZEPA/Kritik/net_data/5G_Traffic_Datasets/Game_Streaming/GeForce_Now/GeForce_Now_3.csv,pretrain,1,0.050835,True,0,0,0,1,8,15,0.060193,"[312, 211, 96, 96, 96, 96, 96, 96, 96, 96, 96, 96, 96, 96, 96, 96, 96, 96, 96, 96, 96, 96, 96, 96, 96, 96, 96, 96, 96, 96, 96, 96, 96, 96, 96, 96, 96, 96, 96, 96, 96, 96, 96, 96, 96, 96, 96, 96, 96, 96, 96, 96, 96, 96, 96, 96, 96, 96, 96, 96, 96, 96, 96, 96]","[0.0, 0.050835, 0.001985, 0.011689, 0.024178, 0.008351, 0.018852, 0.010415, 0.018822, 0.011646, 0.020497, 0.013089, 0.009874, 0.028374, 0.012244, 0.010677, 0.018766, 0.012149, 0.019544, 0.010467, 0.020965, 0.005612, 0.023889, 0.010427, 0.028346, 0.000317, 0.02193, 0.010548, 0.017475, 0.00024, 0.033024, 0.013461, 0.024296, 0.01916, 0.006994, 0.010535, 0.02394, 0.009555, 0.017846, 0.011095, 0.018695, 0.011419, 0.019766, 0.012679, 0.011313, 0.020002, 0.01774, 0.010906, 0.011859, 0.020401, 0.019235, 0.013365, 0.011755, 0.018308, 0.021149, 0.010478, 0.018406, 0.012134, 0.020629, 0.00981, 0.022996, 0.012214, 0.015699, 0.010848]","[1, -1, 1, 1, -1, -1, 1, 1, -1, -1, 1, 1, -1, -1, 1, 1, -1, -1, 1, 1, -1, -1, 1, 1, -1, -1, 1, 1, -1, -1, 1, 1, -1, -1, 1, 1, -1, -1, 1, 1, -1, -1, 1, 1, -1, -1, 1, 1, -1, -1, 1, 1, -1, -1, 1, 1, -1, -1, 1, 1, -1, -1, 1, 1]"
cloud_gaming,GeForce_Now,/indian-slp/Users/ug/ZEPA/Kritik/net_data/5G_Traffic_Datasets/Game_Streaming/GeForce_Now/GeForce_Now_3.csv,pretrain,0,0.022205,True,1,2,0,1,8,15,0.060193,"[60, 48, 40, 40, 40, 40, 40, 40, 40, 40, 40, 40, 40, 40]","[0.0, 0.022205, 0.002315, 0.001342, 0.019223, 0.017914, 0.029845, 0.147524, 3.965527, 8e-06, 0.034251, 4.208038, 0.000669, 5e-06]","[1, -1, 1, -1, 1, -1, -1, 1, 1, -1, 1, -1, 1, -1]"
cloud_gaming,GeForce_Now,/indian-slp/Users/ug/ZEPA/Kritik/net_data/5G_Traffic_Datasets/Game_Streaming/GeForce_Now/GeForce_Now_3.csv,pretrain,0,0.027317,True,1,2,0,1,8,15,0.060193,"[60, 48, 40, 40, 40, 40, 40, 40, 40, 40, 40, 40, 40, 40]","[0.0, 0.027317, 0.000292, 0.003644, 0.032375, 0.005354, 0.00971, 0.070346, 3.9578, 6.8e-05, 0.035456, 4.2274, 0.000447, 4e-06]","[1, -1, 1, -1, 1, -1, -1, 1, 1, -1, 1, -1, 1, -1]"
cloud_gaming,GeForce_Now,/indian-slp/Users/ug/ZEPA/Kritik/net_data/5G_Traffic_Datasets/Game_Streaming/GeForce_Now/GeForce_Now_3.csv,pretrain,0,0.025629,True,1,2,0,1,8,15,0.060193,"[60, 48, 40, 40, 40, 40, 40, 40, 40, 40, 40, 40]","[0.0, 0.025629, 0.000597, 0.003506, 0.031692, 0.043177, 0.031638, 0.011937, 0.487867, 0.002031, 0.000131, 1.1e-05]","[1, -1, 1, -1, 1, -1, 1, -1, -1, -1, 1, -1]"
cloud_gaming,GeForce_Now,/indian-slp/Users/ug/ZEPA/Kritik/net_data/5G_Traffic_Datasets/Game_Streaming/GeForce_Now/GeForce_Now_3.csv,pretrain,0,0.039865,True,1,2,0,1,8,15,0.060193,"[60, 48, 40, 40, 40, 40, 40, 40, 40, 40, 40, 40, 40, 40]","[0.0, 0.039865, 0.00017, 0.001251, 0.044283, 0.00126, 0.000111, 0.876207, 3.968708, 2.9e-05, 0.03102, 4.168448, 0.000447, 1.1e-05]","[1, -1, 1, -1, 1, -1, -1, 1, 1, -1, 1, -1, 1, -1]"
cloud_gaming,GeForce_Now,/indian-slp/Users/ug/ZEPA/Kritik/net_data/5G_Traffic_Datasets/Game_Streaming/GeForce_Now/GeForce_Now_3.csv,pretrain,0,0.023449,True,1,1,0,1,8,15,0.060193,"[60, 48, 40, 40, 40, 40, 40, 40, 40, 40, 40, 40, 40, 40, 40, 40, 40, 40, 40, 40, 40, 40, 40]","[0.0, 0.023449, 0.000244, 0.003122, 0.020404, 0.011971, 0.032557, 0.097663, 1.005214, 0.07986, 1.044182, 0.075938, 1.035372, 0.070513, 1.024764, 0.069621, 1.031386, 0.068141, 1.039773, 0.071375, 4.006448, 1.1e-05, 0.044651]","[1, -1, 1, -1, 1, -1, -1, 1, -1, 1, -1, 1, -1, 1, -1, 1, -1, 1, -1, 1, 1, -1, 1]"
cloud_gaming,GeForce_Now,/indian-slp/Users/ug/ZEPA/Kritik/net_data/5G_Traffic_Datasets/Game_Streaming/GeForce_Now/GeForce_Now_3.csv,pretrain,0,0.021251,True,1,1,0,1,8,15,0.060193,"[60, 48, 40, 40, 40, 40, 40, 40, 40, 40, 40]","[0.0, 0.021251, 0.00031, 0.003058, 0.031518, 0.00251, 0.001895, 0.204377, 3.972083, 1.6e-05, 0.036602]","[1, -1, 1, -1, 1, -1, -1, 1, 1, -1, 1]"
cloud_gaming,GeForce_Now,/indian-slp/Users/ug/ZEPA/Kritik/net_data/5G_Traffic_Datasets/Game_Streaming/GeForce_Now/GeForce_Now_3.csv,pretrain,0,0.024264,True,1,0,0,1,8,15,0.060193,"[60, 48, 40, 40, 40, 40, 40, 40, 40, 40, 40, 40, 40, 40, 40, 40, 40, 40, 40, 40, 40, 40, 40, 40, 40, 40, 40, 40, 40, 40, 40, 40, 40, 40, 40, 40, 40, 40, 40, 40, 40, 40, 40, 40, 40, 40, 40, 40, 40, 40, 40, 40, 40, 40, 40, 40, 40, 40, 40, 40, 40, 40, 40, 40]","[0.0, 0.024264, 0.000399, 0.004222, 0.024449, 0.013595, 0.006242, 0.037705, 0.033181, 0.006274, 0.034035, 0.047926, 0.041474, 0.000241, 0.03605, 0.000274, 0.00025, 0.017253, 0.049764, 0.084457, 0.065017, 0.0421, 0.045865, 0.712102, 0.42469, 0.09629, 0.297481, 2.000238, 2.00036, 2.000604, 2.000325, 2.000897, 1.999934, 2.00026, 2.00068, 2.000324, 2.001439, 2.000725, 2.000291, 2.000624, 2.000528, 2.001631, 2.000138, 2.0008, 2.001531, 2.001532, 2.000413, 2.00137, 2.014167, 1.98602, 2.000417, 2.001338, 1.999665, 2.000646, 2.000264, 2.001551, 2.000363, 2.001264, 2.001447, 2.00024, 2.010469, 1.992651, 2.000038, 2.000649]","[1, -1, 1, -1, 1, 1, -1, -1, -1, -1, -1, 1, 1, 1, 1, 1, 1, 1, -1, -1, -1, -1, -1, 1, -1, 1, -1, -1, -1, -1, -1, -1, -1, -1, -1, -1, -1, -1, -1, -1, -1, -1, -1, -1, -1, -1, -1, -1, -1, -1, -1, -1, -1, -1, -1, -1, -1, -1, -1, -1, -1, -1, -1, -1]"
cloud_gaming,GeForce_Now,/indian-slp/Users/ug/ZEPA/Kritik/net_data/5G_Traffic_Datasets/Game_Streaming/GeForce_Now/GeForce_Now_3.csv,pretrain,1,1.266229,True,0,0,0,1,8,15,0.060193,"[64, 64, 64, 64, 64, 64, 64, 64, 64, 64, 64, 64, 71, 93, 115, 137, 137, 137, 137, 137, 137, 137, 137, 137, 137, 137, 137, 137, 137, 137, 137, 137, 137, 137, 137, 137, 137, 137, 137, 137, 137, 137, 137, 137, 137, 137, 137, 137, 64, 137, 137, 137, 137, 137, 137, 137, 137, 137, 137, 137, 137, 137, 137, 137]","[0.0, 0.004173, 0.001051, 1.00615, 0.000187, 9.4e-05, 0.254574, 0.005004, 0.0001, 3.9e-05, 3.6e-05, 2.9e-05, 0.149817, 6.1e-05, 0.020143, 0.000104, 0.020757, 7.8e-05, 0.020337, 6.2e-05, 0.019556, 0.000205, 0.019233, 0.000762, 0.019005, 0.000632, 0.021542, 0.001623, 0.016008, 0.000373, 0.0193, 6.4e-05, 0.020383, 0.000339, 0.018989, 7.4e-05, 0.020236, 0.000144, 0.020389, 5.8e-05, 0.02102, 0.000141, 0.020044, 0.000164, 0.01924, 6.1e-05, 0.02004, 0.000141, 0.008681, 0.013896, 0.000164, 0.015596, 5.7e-05, 0.019949, 6.8e-05, 0.021946, 0.000145, 0.019725, 0.000148, 0.020101, 0.000129, 0.018442, 0.000131, 0.024339]","[1, 1, 1, 1, 1, 1, -1, 1, 1, 1, 1, 1, 1, 1, 1, 1, 1, 1, 1, 1, 1, 1, 1, 1, 1, 1, 1, 1, 1, 1, 1, 1, 1, 1, 1, 1, 1, 1, 1, 1, 1, 1, 1, 1, 1, 1, 1, 1, -1, 1, 1, 1, 1, 1, 1, 1, 1, 1, 1, 1, 1, 1, 1, 1]"
cloud_gaming,GeForce_Now,/indian-slp/Users/ug/ZEPA/Kritik/net_data/5G_Traffic_Datasets/Game_Streaming/GeForce_Now/GeForce_Now_3.csv,pretrain,1,0.731773,True,0,0,0,1,8,15,0.060193,"[64, 64, 64, 64, 64, 64, 64, 64, 64, 64, 64, 64, 64, 64, 64, 64, 64, 64, 64, 64, 64, 64, 64, 64, 64, 64, 64, 64, 64, 64, 64, 80, 80, 76, 44, 76, 38, 76, 360, 46, 1172, 1168, 600, 1168, 926, 928, 1168, 461, 775, 118, 652, 70, 46, 316, 54, 282, 82, 38, 38, 82, 282, 38, 138, 210]","[0.0, 0.020752, 0.021212, 0.021025, 0.021067, 0.023156, 0.024443, 0.025297, 0.021024, 0.021067, 0.02185, 0.030582, 0.016766, 0.022723, 0.020957, 0.020861, 0.020947, 0.02095, 0.021049, 0.026419, 0.018175, 0.03009, 0.022178, 0.021819, 0.025466, 0.019249, 0.020612, 0.022217, 0.025732, 0.020675, 0.021728, 0.036909, 0.019963, 0.004813, 0.000749, 0.018032, 0.000444, 0.011903, 0.000135, 0.000391, 0.00553, 0.000107, 5.1e-05, 4.4e-05, 4.4e-05, 4.3e-05, 4.2e-05, 4.2e-05, 4.3e-05, 4.5e-05, 9.6e-05, 0.000306, 0.000106, 0.360504, 0.045193, 0.005566, 0.006589, 0.000249, 0.024411, 0.018422, 0.000411, 8.4e-05, 0.006711, 0.001372]","[1, 1, 1, 1, 1, 1, 1, 1, 1, 1, 1, 1, 1, 1, 1, 1, 1, 1, 1, 1, 1, 1, 1, 1, 1, 1, 1, 1, 1, 1, 1, 1, 1, -1, 1, -1, 1, -1, -1, 1, -1, -1, -1, -1, -1, -1, -1, -1, -1, 1, -1, 1, 1, 1, -1, 1, -1, 1, -1, -1, 1, 1, 1, 1]"
cloud_gaming,GeForce_Now,/indian-slp/Users/ug/ZEPA/Kritik/net_data/5G_Traffic_Datasets/Game_Streaming/GeForce_Now/GeForce_Now_3.csv,pretrain,1,0.332439,True,0,0,0,1,8,15,0.060193,"[64, 1332, 1332, 1332, 1332, 1332, 1332, 1332, 1332, 1073, 1332, 1332, 1332, 1332, 1332, 1332, 1262, 1332, 1332, 1332, 1332, 1332, 1332, 1186, 1332, 1332, 1332, 1332, 1332, 1332, 1102, 1332, 1332, 1332, 1332, 1332, 1332, 1079, 1332, 1332, 1332, 1332, 1332, 1332, 874, 1332, 1332, 1332, 1332, 1332, 1332, 627, 1332, 1332, 1332, 1332, 1332, 1332, 261, 1332, 1332, 1332, 1332, 1332]","[0.0, 0.332439, 0.000284, 6.4e-05, 4.2e-05, 5.9e-05, 6.5e-05, 3.8e-05, 3.4e-05, 3.3e-05, 3.3e-05, 3.3e-05, 0.013403, 0.001406, 0.000477, 0.00019, 0.000173, 0.000298, 0.000216, 0.020551, 0.00041, 0.000327, 0.000166, 0.000179, 0.000241, 0.000156, 0.000147, 0.000199, 0.000149, 0.000147, 0.000148, 0.000239, 0.000158, 0.013977, 0.00032, 0.00401, 0.000321, 0.000142, 0.000186, 0.000138, 0.025809, 0.000497, 0.000445, 0.002238, 0.000272, 0.000363, 0.000509, 0.008978, 0.000285, 0.000198, 0.000201, 0.000229, 0.000253, 0.000177, 0.013379, 8.4e-05, 2.6e-05, 2.5e-05, 2.3e-05, 2.2e-05, 2.4e-05, 0.020061, 7.3e-05, 1.9e-05]","[1, -1, -1, -1, -1, -1, -1, -1, -1, -1, -1, -1, -1, -1, -1, -1, -1, -1, -1, -1, -1, -1, -1, -1, -1, -1, -1, -1, -1, -1, -1, -1, -1, -1, -1, -1, -1, -1, -1, -1, -1, -1, -1, -1, -1, -1, -1, -1, -1, -1, -1, -1, -1, -1, -1, -1, -1, -1, -1, -1, -1, -1, -1, -1]"
cloud_gaming,GeForce_Now,/indian-slp/Users/ug/ZEPA/Kritik/net_data/5G_Traffic_Datasets/Game_Streaming/GeForce_Now/GeForce_Now_3.csv,pretrain,1,0.145735,True,0,0,0,1,8,15,0.060193,"[64, 329, 329, 329, 329, 341, 341, 329, 329, 329, 329, 341, 341, 329, 329, 329, 329, 341, 341, 329, 329, 329, 329, 341, 341, 329, 329, 329, 329, 341, 341, 329, 329, 329, 329, 341, 341, 329, 329, 329, 329, 341, 341, 329, 329, 329, 329, 341, 341, 329, 329, 329, 329, 341, 341, 329, 329, 329, 329, 341, 341, 329, 329, 329]","[0.0, 0.145735, 0.001382, 0.011585, 0.000165, 0.000112, 0.000102, 8.9e-05, 9e-05, 0.005019, 0.000144, 9.7e-05, 0.000141, 0.004365, 0.00035, 0.005304, 0.00016, 0.000104, 9.5e-05, 0.014528, 0.000373, 0.004772, 0.000207, 0.000101, 9.5e-05, 0.011725, 0.000199, 0.000114, 0.000103, 9.9e-05, 9.9e-05, 0.015255, 0.000213, 0.000128, 0.000147, 0.00012, 0.000135, 0.020616, 0.000327, 0.01194, 5.7e-05, 2.1e-05, 1.7e-05, 0.008115, 0.00012, 0.011603, 0.000384, 2.1e-05, 1.6e-05, 0.022251, 7.2e-05, 2.9e-05, 2.6e-05, 1.4e-05, 1.5e-05, 0.018244, 9.6e-05, 2.9e-05, 2.5e-05, 2.6e-05, 2.6e-05, 0.007105, 6.1e-05, 0.01171]","[1, -1, -1, -1, -1, -1, -1, -1, -1, -1, -1, -1, -1, -1, -1, -1, -1, -1, -1, -1, -1, -1, -1, -1, -1, -1, -1, -1, -1, -1, -1, -1, -1, -1, -1, -1, -1, -1, -1, -1, -1, -1, -1, -1, -1, -1, -1, -1, -1, -1, -1, -1, -1, -1, -1, -1, -1, -1, -1, -1, -1, -1, -1, -1]"
cloud_gaming,GeForce_Now,/indian-slp/Users/ug/ZEPA/Kritik/net_data/5G_Traffic_Datasets/Game_Streaming/GeForce_Now/GeForce_Now_3.csv,pretrain,3,0.0,False,0,0,0,1,8,15,0.060193,"[64, 64, 64, 64, 64, 64, 64, 64, 64, 64]","[0.0, 14.084877, 14.601591, 11.095285, 19.285166, 10.583966, 17.023144, 7.189087, 2.402387, 9.598337]","[1, 1, 1, 1, 1, 1, -1, 1, 1, 1]"
cloud_gaming,GeForce_Now,/indian-slp/Users/ug/ZEPA/Kritik/net_data/5G_Traffic_Datasets/Game_Streaming/GeForce_Now/GeForce_Now_4.csv,test,1,0.029662,True,0,0,0,1,5,5,0.0223,"[38, 770, 46, 740, 38, 826, 38, 588, 38, 740, 38, 724, 38, 454, 38, 724, 38, 606, 606, 858, 106, 38, 38, 46, 724, 38, 588, 38, 842, 38, 606, 38, 588, 38, 724, 38, 842, 38, 454, 858, 38, 38, 724, 36, 38, 38, 724, 38, 588, 38, 724, 38, 740, 38, 708, 38, 604, 38, 708, 38, 724, 38, 604, 604]","[0.0, 0.006417, 0.023245, 0.027441, 0.038066, 0.010492, 0.033393, 0.016983, 0.025672, 0.025018, 0.040967, 0.010023, 0.038707, 0.010796, 0.03823, 0.013503, 0.036473, 0.014119, 0.047465, 0.002424, 0.001516, 0.000161, 0.000417, 0.041066, 0.006511, 0.037317, 0.015064, 0.030571, 0.020808, 0.033117, 0.016671, 0.028751, 0.022988, 0.025408, 0.025326, 0.030805, 0.019314, 0.021691, 0.028058, 0.050145, 0.004774, 0.029057, 0.018023, 0.028826, 0.00025, 0.003905, 0.018159, 0.032254, 0.016755, 0.034433, 0.016613, 0.035106, 0.015586, 0.032357, 0.017503, 0.026388, 0.025163, 0.030346, 0.021993, 0.034462, 0.014576, 0.034843, 0.016427, 0.045437]","[1, 1, -1, 1, -1, 1, -1, 1, -1, 1, -1, 1, -1, 1, -1, 1, -1, 1, 1, 1, -1, -1, 1, -1, 1, -1, 1, -1, 1, -1, 1, -1, 1, -1, 1, -1, 1, -1, 1, 1, -1, -1, 1, -1, 1, -1, 1, -1, 1, -1, 1, -1, 1, -1, 1, -1, 1, -1, 1, -1, 1, -1, 1, 1]"
cloud_gaming,GeForce_Now,/indian-slp/Users/ug/ZEPA/Kritik/net_data/5G_Traffic_Datasets/Game_Streaming/GeForce_Now/GeForce_Now_4.csv,test,0,0.026907,True,1,0,0,1,5,5,0.0223,"[60, 48, 40, 40, 40, 40, 40, 40, 40, 40, 40, 40, 40, 40, 40, 40, 40, 40, 40, 40, 40, 40, 40, 40, 40, 40, 40, 40, 40, 40, 40, 40, 40, 40, 40, 40, 40, 40, 40, 40, 40, 40, 40, 40, 40, 40, 40, 40, 40, 40, 40, 40, 40, 40, 40, 40, 40, 40, 40, 40, 40, 40, 40, 40]","[0.0, 0.026907, 0.000572, 0.000233, 0.028366, 0.000164, 0.001438, 0.03946, 0.07266, 0.792061, 2.000513, 2.000969, 2.000252, 2.001907, 1.99886, 2.001136, 2.000545, 1.999986, 2.00115, 1.999944, 2.000684, 2.000857, 2.00284, 2.000502, 2.001741, 1.99985, 1.9992, 2.000943, 2.000484, 2.000408, 2.000576, 2.000911, 2.000071, 2.002, 1.999454, 2.000596, 2.001336, 2.000399, 2.000484, 2.000946, 2.001884, 1.999916, 2.000347, 2.001148, 1.999634, 2.000856, 2.000941, 2.000951, 1.999704, 2.000451, 2.000496, 2.000852, 2.000399, 2.000561, 2.001991, 1.999643, 2.000225, 2.001957, 1.999589, 2.00017, 2.006968, 1.994566, 2.000199, 2.002666]","[1, -1, 1, -1, 1, 1, -1, -1, 1, -1, -1, -1, -1, -1, -1, -1, -1, -1, -1, -1, -1, -1, -1, -1, -1, -1, -1, -1, -1, -1, -1, -1, -1, -1, -1, -1, -1, -1, -1, -1, -1, -1, -1, -1, -1, -1, -1, -1, -1, -1, -1, -1, -1, -1, -1, -1, -1, -1, -1, -1, -1, -1, -1, -1]"
cloud_gaming,GeForce_Now,/indian-slp/Users/ug/ZEPA/Kritik/net_data/5G_Traffic_Datasets/Game_Streaming/GeForce_Now/GeForce_Now_4.csv,test,0,0.028474,True,0,0,0,1,5,5,0.0223,"[557, 1390, 2145, 166, 330, 410, 235, 80, 80, 80, 80, 80, 80, 80, 80, 80, 80, 80, 80, 80, 80, 80, 80, 80, 80, 80, 80, 80, 80, 80, 80, 80, 80, 80, 80, 80, 80, 80, 80, 80, 80, 80, 80, 80, 80, 80, 80, 80, 80, 80, 80, 80, 80, 80, 80, 80, 80, 80, 80, 80, 80, 80, 80, 80]","[0.0, 0.028474, 0.000139, 0.001503, 0.034095, 0.005352, 0.038954, 0.82564, 2.000582, 2.000826, 1.999959, 2.002089, 1.998994, 2.001096, 2.000326, 2.000328, 2.000978, 2.000202, 2.000486, 2.000783, 2.002829, 2.000578, 2.001507, 1.999669, 1.999841, 2.000751, 2.000538, 2.000294, 2.000728, 2.000471, 2.000503, 2.000877, 2.000551, 2.000583, 2.001332, 2.000465, 2.000397, 2.000954, 2.000851, 2.00082, 2.000511, 2.001128, 1.999666, 2.000709, 2.000755, 2.001234, 1.999688, 2.000493, 2.000514, 2.000854, 2.000343, 2.000702, 2.001461, 2.000146, 2.000285, 2.001425, 2.000119, 2.000189, 2.006795, 1.994596, 2.000313, 2.002103, 2.000646, 2.002655]","[1, -1, -1, 1, -1, 1, -1, 1, 1, 1, 1, 1, 1, 1, 1, 1, 1, 1, 1, 1, 1, 1, 1, 1, 1, 1, 1, 1, 1, 1, 1, 1, 1, 1, 1, 1, 1, 1, 1, 1, 1, 1, 1, 1, 1, 1, 1, 1, 1, 1, 1, 1, 1, 1, 1, 1, 1, 1, 1, 1, 1, 1, 1, 1]"
cloud_gaming,GeForce_Now,/indian-slp/Users/ug/ZEPA/Kritik/net_data/5G_Traffic_Datasets/Game_Streaming/GeForce_Now/GeForce_Now_4.csv,test,1,0.32233,True,0,0,0,1,5,5,0.0223,"[64, 1332, 1332, 1332, 1332, 1332, 1332, 1332, 1332, 1332, 1332, 1332, 655, 1332, 1332, 1332, 1332, 1332, 1332, 1332, 1332, 1332, 1332, 1332, 1332, 1332, 1332, 1332, 136, 1332, 1332, 1332, 1332, 1332, 1332, 1332, 1332, 1332, 1332, 1332, 1332, 1332, 1332, 510, 1332, 1332, 1332, 1332, 1332, 1332, 1332, 1332, 1332, 1332, 1332, 1332, 1332, 518, 1332, 1332, 1332, 1332, 1332, 1332]","[0.0, 0.32233, 0.000442, 0.000118, 0.000114, 0.000102, 0.000189, 7.3e-05, 0.005493, 0.000162, 6.5e-05, 5.8e-05, 0.000183, 6.1e-05, 5.7e-05, 0.011082, 0.000223, 0.000107, 0.000138, 8.9e-05, 5.6e-05, 5.1e-05, 4.9e-05, 5.5e-05, 4.9e-05, 4.9e-05, 5.4e-05, 5e-05, 4.9e-05, 4.8e-05, 5.6e-05, 0.016999, 0.000103, 2.5e-05, 1.6e-05, 1.7e-05, 1.2e-05, 1.2e-05, 1.4e-05, 1.2e-05, 1.2e-05, 1.4e-05, 1.3e-05, 1.2e-05, 1.1e-05, 1.5e-05, 0.012947, 9e-05, 2.3e-05, 1.2e-05, 1.5e-05, 1.2e-05, 1.2e-05, 1.4e-05, 1.2e-05, 1.2e-05, 1.3e-05, 1.2e-05, 1.2e-05, 1.3e-05, 0.019036, 0.000122, 2.5e-05, 1.5e-05]","[1, -1, -1, -1, -1, -1, -1, -1, -1, -1, -1, -1, -1, -1, -1, -1, -1, -1, -1, -1, -1, -1, -1, -1, -1, -1, -1, -1, -1, -1, -1, -1, -1, -1, -1, -1, -1, -1, -1, -1, -1, -1, -1, -1, -1, -1, -1, -1, -1, -1, -1, -1, -1, -1, -1, -1, -1, -1, -1, -1, -1, -1, -1, -1]"
cloud_gaming,GeForce_Now,/indian-slp/Users/ug/ZEPA/Kritik/net_data/5G_Traffic_Datasets/Game_Streaming/GeForce_Now/GeForce_Now_4.csv,test,1,0.188646,True,0,0,0,1,5,5,0.0223,"[64, 329, 329, 329, 341, 341, 329, 329, 329, 329, 341, 341, 329, 329, 329, 329, 341, 341, 329, 329, 329, 329, 341, 341, 329, 329, 329, 329, 341, 341, 329, 329, 329, 329, 341, 341, 329, 329, 329, 329, 341, 341, 329, 329, 329, 329, 341, 341, 329, 329, 329, 329, 341, 341, 329, 329, 329, 329, 341, 341, 329, 329, 329, 329]","[0.0, 0.188646, 0.000276, 0.000113, 0.000104, 0.000186, 0.010869, 8.5e-05, 0.00643, 0.000182, 0.000138, 9.2e-05, 0.012162, 0.000112, 0.012769, 5.8e-05, 1.4e-05, 1.3e-05, 0.005782, 4e-05, 0.007664, 5.9e-05, 1.6e-05, 1.2e-05, 0.011514, 5.5e-05, 0.008421, 6.6e-05, 1.6e-05, 1.2e-05, 0.005639, 4.8e-05, 0.012118, 0.006834, 0.00014, 0.003708, 0.004408, 0.000443, 0.003969, 0.000297, 0.000202, 0.001071, 0.006359, 0.000147, 0.015025, 0.001725, 0.000441, 0.000445, 0.009097, 7.3e-05, 0.005942, 0.000191, 4.6e-05, 1.9e-05, 0.008866, 0.000225, 0.012014, 7.3e-05, 1.9e-05, 1.5e-05, 0.011708, 3.4e-05, 0.007185, 8.2e-05]","[1, -1, -1, -1, -1, -1, -1, -1, -1, -1, -1, -1, -1, -1, -1, -1, -1, -1, -1, -1, -1, -1, -1, -1, -1, -1, -1, -1, -1, -1, -1, -1, -1, -1, -1, -1, -1, -1, -1, -1, -1, -1, -1, -1, -1, -1, -1, -1, -1, -1, -1, -1, -1, -1, -1, -1, -1, -1, -1, -1, -1, -1, -1, -1]"
cloud_gaming,GeForce_Now,/indian-slp/Users/ug/ZEPA/Kritik/net_data/5G_Traffic_Datasets/Game_Streaming/GeForce_Now/GeForce_Now_5.csv,test,0,0.016213,True,1,1,0,1,6,7,0.064878,"[60, 48, 40, 40, 40, 40, 40, 40, 40, 40, 40, 40]","[0.0, 0.016213, 0.000102, 0.001228, 0.025242, 0.011752, 0.00399, 0.023967, 0.066852, 3.962726, 3.2e-05, 0.040348]","[1, -1, 1, -1, 1, 1, -1, -1, 1, 1, -1, 1]"
cloud_gaming,GeForce_Now,/indian-slp/Users/ug/ZEPA/Kritik/net_data/5G_Traffic_Datasets/Game_Streaming/GeForce_Now/GeForce_Now_5.csv,test,0,0.025252,True,0,0,0,1,6,7,0.064878,"[557, 1390, 2112, 133, 314, 559, 7242, 557, 3462, 133, 330, 782, 3342, 71, 832, 3342, 832, 3342, 832, 3342, 832, 3342, 832, 3342, 832, 1390, 1390, 769, 557, 3495, 166, 330, 410, 235, 80, 308, 221, 353, 10000, 3580, 5440, 10000, 10000, 1720, 10000, 880, 10000, 880, 10000, 10000, 10000, 1210, 10000, 43, 491, 223, 514, 224, 517, 223, 2453, 134, 272, 134]","[0.0, 0.025252, 0.011713, 0.004092, 0.02275, 0.001211, 0.031717, 3.142315, 0.031687, 0.013638, 0.028217, 0.002644, 0.067316, 0.711634, 0.326136, 0.070304, 1.033532, 0.073808, 1.050771, 0.087842, 1.035397, 0.15379, 1.036411, 0.074222, 1.038459, 0.100878, 0.012431, 0.008046, 1.02466, 0.030043, 0.012374, 0.026317, 0.016238, 0.028681, 0.002036, 0.004242, 0.023985, 0.00197, 0.052892, 0.000466, 0.014491, 0.016779, 0.000524, 0.000105, 0.011892, 0.000192, 0.01808, 0.000177, 0.008601, 0.000222, 0.004189, 0.000869, 0.006886, 0.000201, 0.059296, 0.05186, 0.010119, 0.040398, 0.007628, 0.038732, 0.00799, 0.54509, 0.388074, 0.086126]","[1, -1, -1, 1, -1, 1, -1, 1, -1, 1, -1, 1, -1, -1, 1, -1, 1, -1, 1, -1, 1, -1, 1, -1, 1, -1, -1, -1, 1, -1, 1, -1, 1, -1, 1, 1, -1, 1, -1, -1, -1, -1, -1, -1, -1, -1, -1, -1, -1, -1, -1, -1, -1, -1, 1, -1, 1, -1, 1, -1, 1, -1, 1, -1]"
cloud_gaming,GeForce_Now,/indian-slp/Users/ug/ZEPA/Kritik/net_data/5G_Traffic_Datasets/Game_Streaming/GeForce_Now/GeForce_Now_5.csv,test,0,0.027522,True,1,1,0,1,6,7,0.064878,"[60, 48, 40, 40, 40, 40, 40, 40, 40, 40, 40, 40, 40, 40, 40, 40, 40, 40, 40, 40, 40, 40, 40, 40, 40]","[0.0, 0.027522, 0.000428, 0.004401, 0.03196, 0.013051, 0.030878, 0.107104, 0.99808, 0.070509, 1.03354, 0.073603, 1.050945, 0.087823, 1.035386, 0.153637, 1.03654, 0.074076, 1.038648, 0.100732, 0.012338, 0.008044, 3.985631, 0.000384, 0.039203]","[1, -1, 1, -1, 1, -1, -1, 1, -1, 1, -1, 1, -1, 1, -1, 1, -1, 1, -1, 1, 1, 1, 1, -1, 1]"
cloud_gaming,GeForce_Now,/indian-slp/Users/ug/ZEPA/Kritik/net_data/5G_Traffic_Datasets/Game_Streaming/GeForce_Now/GeForce_Now_5.csv,test,0,0.032105,True,1,0,0,1,6,7,0.064878,"[60, 48, 40, 40, 40, 40, 40, 40, 40, 40, 40, 40, 40, 40, 40, 40, 40, 40, 40, 40, 40, 40, 40, 40, 40, 40, 40, 40, 40, 40, 40, 40, 40, 40, 40, 40, 40, 40, 40, 40, 40, 40, 40, 40, 40, 40, 40, 40, 40, 40, 40, 40, 40, 40, 40, 40, 40, 40, 40, 40, 40, 40, 40, 40]","[0.0, 0.032105, 0.001742, 0.004264, 0.030657, 0.011383, 0.042402, 0.030679, 0.004182, 0.025969, 0.053307, 0.031614, 0.000248, 0.012109, 0.018247, 0.008945, 0.005071, 0.00695, 0.059292, 0.062041, 0.047981, 0.046737, 0.59204, 0.341107, 0.086235, 0.598113, 2.000384, 2.000119, 2.000769, 2.002217, 2.001674, 1.999097, 2.000477, 2.002137, 1.999299, 2.001182, 2.001265, 1.999593, 2.000442, 2.000834, 2.000918, 2.002963, 2.000603, 1.999994, 2.000672, 2.00027, 2.000587, 2.003251, 1.999102, 1.99937, 2.000791, 2.00053, 2.000467, 2.000074, 2.000946, 2.000302, 2.000957, 2.000477, 2.000591, 2.00128, 1.999187, 2.000799, 2.000192, 2.000109]","[1, -1, 1, -1, 1, -1, -1, -1, -1, -1, 1, 1, 1, 1, 1, 1, 1, 1, -1, -1, -1, -1, 1, -1, 1, -1, -1, -1, -1, -1, -1, -1, -1, -1, -1, -1, -1, -1, -1, -1, -1, -1, -1, -1, -1, -1, -1, -1, -1, -1, -1, -1, -1, -1, -1, -1, -1, -1, -1, -1, -1, -1, -1, -1]"
cloud_gaming,GeForce_Now,/indian-slp/Users/ug/ZEPA/Kritik/net_data/5G_Traffic_Datasets/Game_Streaming/GeForce_Now/GeForce_Now_5.csv,test,1,0.624729,True,0,0,0,1,6,7,0.064878,"[64, 64, 64, 64, 64, 64, 64, 64, 64, 64, 64, 64, 64, 64, 64, 64, 64, 64, 64, 64, 64, 64, 64, 64, 64, 64, 80, 80, 76, 44, 76, 38, 76, 38, 360, 1159, 907, 38, 62, 594, 1156, 38, 46, 920, 361, 46, 38, 70, 278, 282, 82, 38, 38, 46, 38, 282, 82, 38, 138, 210, 74, 38, 38, 108]","[0.0, 0.021045, 0.021458, 0.022045, 0.022873, 0.021153, 0.023063, 0.02103, 0.022377, 0.022415, 0.020776, 0.02175, 0.022541, 0.022508, 0.020429, 0.021338, 0.021612, 0.022852, 0.019975, 0.020859, 0.023581, 0.021095, 0.02452, 0.021463, 0.021377, 0.021422, 0.053275, 0.013057, 0.01284, 0.000894, 0.016312, 0.000393, 0.012721, 0.000486, 0.007229, 0.000131, 6.4e-05, 6.4e-05, 0.000131, 6.8e-05, 7.9e-05, 7.6e-05, 7.8e-05, 6.7e-05, 7.9e-05, 7.4e-05, 7.4e-05, 0.271394, 3.8e-05, 0.035043, 0.022212, 0.000447, 0.006288, 0.000116, 0.005396, 0.016031, 0.000719, 0.000443, 0.002755, 0.001711, 0.016666, 0.000388, 0.001315, 0.003376]","[1, 1, 1, 1, 1, 1, 1, 1, 1, 1, 1, 1, 1, 1, 1, 1, 1, 1, 1, 1, 1, 1, 1, 1, 1, 1, 1, 1, -1, 1, -1, 1, -1, 1, -1, -1, -1, 1, 1, -1, -1, 1, 1, -1, -1, 1, 1, 1, 1, 1, -1, 1, -1, -1, -1, 1, -1, 1, 1, 1, -1, -1, 1, 1]"
cloud_gaming,GeForce_Now,/indian-slp/Users/ug/ZEPA/Kritik/net_data/5G_Traffic_Datasets/Game_Streaming/GeForce_Now/GeForce_Now_5.csv,test,1,0.329702,True,0,0,0,1,6,7,0.064878,"[64, 1332, 1332, 1332, 1332, 1332, 1332, 1332, 1332, 605, 1332, 1332, 1332, 1332, 1332, 1332, 1332, 516, 1332, 1332, 1332, 1332, 1332, 1332, 1332, 308, 1332, 1332, 1332, 1332, 1332, 1332, 1332, 102, 1332, 1332, 1332, 1332, 1332, 1332, 1332, 305, 1332, 1332, 1332, 1332, 1332, 1332, 1332, 70, 1332, 1332, 1332, 1332, 1332, 1332, 1332, 164, 1332, 1332, 1332, 1332, 1332, 1332]","[0.0, 0.329702, 0.00027, 7.8e-05, 5.9e-05, 5.5e-05, 5.2e-05, 5.1e-05, 4.9e-05, 4.9e-05, 4.9e-05, 0.000133, 0.022244, 0.000101, 3.5e-05, 2.9e-05, 2.7e-05, 2.7e-05, 2.7e-05, 2.6e-05, 0.015244, 0.000799, 0.000368, 0.000318, 8.5e-05, 4.6e-05, 3.9e-05, 3.8e-05, 0.019099, 0.000243, 0.000219, 0.000217, 0.000218, 0.000222, 0.000572, 0.000433, 0.009917, 0.007627, 0.000544, 0.000393, 0.000348, 0.000483, 0.000319, 0.000201, 0.007538, 0.000377, 0.00023, 0.000204, 0.000195, 0.000187, 0.000253, 0.000189, 0.026688, 6.3e-05, 2.5e-05, 1.7e-05, 1.6e-05, 1.6e-05, 1.6e-05, 1.6e-05, 0.01738, 0.000142, 2.2e-05, 1.6e-05]","[1, -1, -1, -1, -1, -1, -1, -1, -1, -1, -1, -1, -1, -1, -1, -1, -1, -1, -1, -1, -1, -1, -1, -1, -1, -1, -1, -1, -1, -1, -1, -1, -1, -1, -1, -1, -1, -1, -1, -1, -1, -1, -1, -1, -1, -1, -1, -1, -1, -1, -1, -1, -1, -1, -1, -1, -1, -1, -1, -1, -1, -1, -1, -1]"
cloud_gaming,GeForce_Now,/indian-slp/Users/ug/ZEPA/Kritik/net_data/5G_Traffic_Datasets/Game_Streaming/GeForce_Now/GeForce_Now_5.csv,test,1,0.159684,True,0,0,0,1,6,7,0.064878,"[64, 329, 329, 329, 329, 341, 341, 329, 329, 329, 329, 341, 341, 329, 329, 329, 329, 341, 341, 329, 329, 329, 329, 341, 341, 329, 329, 329, 329, 341, 341, 329, 329, 329, 329, 341, 341, 329, 329, 329, 329, 341, 341, 329, 329, 329, 329, 341, 341, 329, 329, 329, 329, 341, 341, 329, 329, 329, 329, 341, 341, 329, 329, 329]","[0.0, 0.159684, 0.008801, 0.000707, 0.011273, 0.000238, 0.000218, 0.000217, 0.000218, 0.000265, 0.000736, 0.000345, 0.000155, 0.00016, 0.000152, 0.000193, 0.00027, 0.000288, 0.00025, 0.000156, 0.000151, 0.000151, 0.000307, 0.000352, 0.000158, 0.000152, 0.000155, 0.000155, 0.000155, 0.000155, 0.000153, 0.003623, 0.001441, 0.008934, 0.000453, 0.000379, 0.000375, 0.011683, 0.002915, 0.004489, 0.000103, 6.1e-05, 0.000659, 0.011091, 0.000331, 0.011851, 0.000118, 6.9e-05, 6.5e-05, 0.012787, 0.010269, 0.000109, 2.6e-05, 2.4e-05, 2.4e-05, 0.005998, 0.000138, 0.011859, 0.000127, 6.9e-05, 0.000131, 0.00643, 9.1e-05, 0.00675]","[1, -1, -1, -1, -1, -1, -1, -1, -1, -1, -1, -1, -1, -1, -1, -1, -1, -1, -1, -1, -1, -1, -1, -1, -1, -1, -1, -1, -1, -1, -1, -1, -1, -1, -1, -1, -1, -1, -1, -1, -1, -1, -1, -1, -1, -1, -1, -1, -1, -1, -1, -1, -1, -1, -1, -1, -1, -1, -1, -1, -1, -1, -1, -1]"
cloud_gaming,GeForce_Now,/indian-slp/Users/ug/ZEPA/Kritik/net_data/5G_Traffic_Datasets/Game_Streaming/GeForce_Now/GeForce_Now_6.csv,pretrain,0,0.032066,True,1,0,0,1,5,5,0.035032,"[60, 48, 40, 40, 40, 40, 40, 40, 40, 40, 40, 40, 40, 40, 40, 40, 40, 40, 40, 40, 40, 40, 40, 40, 40, 40, 40, 40, 40, 40, 40, 40, 40, 40, 40, 40, 40, 40, 40, 40, 40, 40, 40, 40, 40, 40, 40, 40, 40, 40, 40, 40, 40, 40, 40, 40, 40, 40, 40, 40, 40, 40, 40, 40]","[0.0, 0.032066, 0.000552, 0.011725, 0.030746, 0.007551, 0.044121, 0.028521, 0.00252, 0.028129, 0.047852, 0.036367, 0.000248, 0.019085, 0.026183, 0.001373, 0.004767, 0.056406, 0.061261, 0.039718, 0.04826, 0.579261, 0.385929, 0.405505, 0.25773, 2.000243, 2.000604, 2.000011, 2.004273, 1.99811, 2.001521, 2.000197, 2.000728, 2.000428, 2.001347, 1.999727, 2.00236, 1.999573, 2.001889, 2.000454, 2.001908, 1.999057, 2.000708, 2.000385, 2.00087, 2.001961, 2.00029, 2.002279, 2.000128, 2.000861, 1.999947, 2.00125, 2.006587, 1.995228, 2.00016, 2.001276, 2.000554, 2.000554, 2.001573, 1.999934, 2.000646, 2.000687, 2.000318, 2.00049]","[1, -1, 1, -1, 1, -1, -1, -1, -1, -1, 1, 1, 1, 1, 1, 1, 1, -1, -1, -1, -1, 1, -1, 1, -1, -1, -1, -1, -1, -1, -1, -1, -1, -1, -1, -1, -1, -1, -1, -1, -1, -1, -1, -1, -1, -1, -1, -1, -1, -1, -1, -1, -1, -1, -1, -1, -1, -1, -1, -1, -1, -1, -1, -1]"
cloud_gaming,GeForce_Now,/indian-slp/Users/ug/ZEPA/Kritik/net_data/5G_Traffic_Datasets/Game_Streaming/GeForce_Now/GeForce_Now_6.csv,pretrain,0,0.028623,True,0,0,0,1,5,5,0.035032,"[557, 3495, 166, 330, 410, 235, 80, 308, 221, 353, 10000, 3580, 5440, 10000, 10000, 1720, 5440, 5440, 5440, 10000, 10000, 10000, 10000, 6613, 491, 223, 514, 223, 517, 222, 2608, 134, 272, 134, 80, 80, 80, 80, 80, 80, 80, 80, 80, 80, 80, 80, 80, 80, 80, 80, 80, 80, 80, 80, 80, 80, 80, 80, 80, 80, 80, 80, 80, 80]","[0.0, 0.028623, 0.009058, 0.032207, 0.013218, 0.024984, 0.003657, 0.00254, 0.023524, 0.003723, 0.048266, 0.000392, 0.024605, 0.011648, 0.000342, 0.0001, 0.007027, 0.011782, 0.014177, 0.011801, 0.000751, 0.00025, 0.00102, 0.00151, 0.059469, 0.054568, 0.006696, 0.032409, 0.007273, 0.032606, 0.015548, 0.539483, 0.424696, 0.406179, 0.258235, 2.000255, 2.000561, 2.000015, 2.004227, 1.998162, 2.00123, 2.000465, 2.000449, 2.000636, 2.001152, 1.999857, 2.002104, 1.999999, 2.001602, 2.000632, 2.001696, 1.999194, 2.000746, 2.000448, 2.000712, 2.001931, 2.000437, 2.002147, 2.000206, 2.000629, 2.00032, 2.000926, 2.006513, 1.995522]","[1, -1, 1, -1, 1, -1, 1, 1, -1, 1, -1, -1, -1, -1, -1, -1, -1, -1, -1, -1, -1, -1, -1, -1, 1, -1, 1, -1, 1, -1, 1, -1, 1, -1, 1, 1, 1, 1, 1, 1, 1, 1, 1, 1, 1, 1, 1, 1, 1, 1, 1, 1, 1, 1, 1, 1, 1, 1, 1, 1, 1, 1, 1, 1]"
cloud_gaming,GeForce_Now,/indian-slp/Users/ug/ZEPA/Kritik/net_data/5G_Traffic_Datasets/Game_Streaming/GeForce_Now/GeForce_Now_6.csv,pretrain,1,0.609084,True,0,0,0,1,5,5,0.035032,"[64, 64, 64, 64, 64, 64, 64, 64, 64, 64, 64, 64, 64, 64, 64, 64, 64, 64, 64, 64, 64, 64, 64, 64, 64, 80, 80, 80, 76, 44, 76, 38, 68, 46, 360, 597, 907, 1156, 78, 1156, 1249, 70, 70, 278, 38, 82, 38, 46, 282, 38, 146, 38, 282, 38, 282, 38, 282, 38, 146, 38, 282, 74, 38, 38]","[0.0, 0.019893, 0.021884, 0.021396, 0.022145, 0.020949, 0.023131, 0.022007, 0.022254, 0.021064, 0.022853, 0.020061, 0.021299, 0.021679, 0.02089, 0.021178, 0.020704, 0.02119, 0.020786, 0.021691, 0.020801, 0.021068, 0.020787, 0.02162, 0.020794, 0.064266, 0.01128, 0.020174, 0.00124, 0.001232, 0.033404, 0.000152, 4.8e-05, 0.001969, 0.000142, 9.6e-05, 3.6e-05, 2.8e-05, 0.000271, 0.004947, 8.4e-05, 0.000236, 0.307325, 0.010208, 0.009493, 0.011956, 0.000266, 0.005564, 0.013448, 0.026671, 0.023292, 0.019701, 0.03115, 0.023141, 0.027387, 0.030881, 0.019845, 0.022082, 0.030116, 0.029512, 0.020986, 0.023993, 0.000819, 0.005171]","[1, 1, 1, 1, 1, 1, 1, 1, 1, 1, 1, 1, 1, 1, 1, 1, 1, 1, 1, 1, 1, 1, 1, 1, 1, 1, 1, 1, -1, 1, -1, -1, -1, 1, -1, -1, -1, -1, 1, -1, -1, 1, 1, 1, -1, -1, 1, -1, 1, -1, 1, -1, 1, -1, 1, -1, 1, -1, 1, -1, 1, -1, 1, -1]"
cloud_gaming,GeForce_Now,/indian-slp/Users/ug/ZEPA/Kritik/net_data/5G_Traffic_Datasets/Game_Streaming/GeForce_Now/GeForce_Now_6.csv,pretrain,1,0.672226,True,0,0,0,1,5,5,0.035032,"[64, 64, 1332, 1332, 1332, 1332, 1332, 1332, 1332, 1332, 605, 1332, 1332, 1332, 1332, 1332, 1332, 1332, 516, 1332, 1332, 1332, 1332, 1332, 1332, 1332, 308, 1332, 1332, 1332, 1332, 1332, 1332, 1332, 102, 1332, 1332, 1332, 1332, 1332, 1332, 1332, 305, 1332, 1332, 1332, 1332, 1332, 1332, 1332, 70, 1332, 1332, 1332, 1332, 1332, 1332, 1332, 164, 1332, 1332, 1332, 1332, 1332]","[0.0, 0.500416, 0.17181, 0.002178, 0.000637, 0.000401, 0.000361, 0.000457, 0.002572, 0.001004, 0.000517, 0.000596, 0.000238, 0.005647, 0.002112, 0.000807, 0.001621, 0.000511, 0.000643, 0.000554, 0.00015, 0.005043, 0.000334, 0.000119, 0.000102, 0.000138, 0.000103, 0.000155, 0.002423, 0.023722, 0.000183, 8e-05, 7.2e-05, 7e-05, 6.5e-05, 6.5e-05, 9.2e-05, 0.011222, 0.000191, 5e-05, 2.1e-05, 2e-05, 2.1e-05, 2e-05, 2e-05, 0.020864, 7.7e-05, 3.4e-05, 2.5e-05, 2.5e-05, 2.3e-05, 2.3e-05, 2.3e-05, 0.011216, 0.000134, 0.007184, 0.000208, 6.1e-05, 2.9e-05, 3e-05, 2.7e-05, 0.011237, 0.000122, 4.1e-05]","[1, 1, -1, -1, -1, -1, -1, -1, -1, -1, -1, -1, -1, -1, -1, -1, -1, -1, -1, -1, -1, -1, -1, -1, -1, -1, -1, -1, -1, -1, -1, -1, -1, -1, -1, -1, -1, -1, -1, -1, -1, -1, -1, -1, -1, -1, -1, -1, -1, -1, -1, -1, -1, -1, -1, -1, -1, -1, -1, -1, -1, -1, -1, -1]"
cloud_gaming,GeForce_Now,/indian-slp/Users/ug/ZEPA/Kritik/net_data/5G_Traffic_Datasets/Game_Streaming/GeForce_Now/GeForce_Now_6.csv,pretrain,1,0.134194,True,0,0,0,1,5,5,0.035032,"[64, 329, 329, 329, 329, 341, 341, 329, 329, 329, 329, 341, 341, 329, 329, 329, 329, 341, 341, 329, 329, 329, 329, 341, 341, 329, 329, 329, 329, 341, 341, 329, 329, 329, 329, 341, 341, 329, 329, 329, 329, 341, 341, 329, 329, 329, 329, 341, 341, 329, 329, 329, 329, 341, 341, 329, 329, 329, 329, 341, 341, 329, 329, 329]","[0.0, 0.134194, 0.00031, 7.4e-05, 6.5e-05, 6.3e-05, 6.3e-05, 6.3e-05, 6.3e-05, 7.5e-05, 0.000165, 0.002247, 0.000186, 0.008044, 0.000161, 6.3e-05, 5.8e-05, 5.8e-05, 5.7e-05, 5.8e-05, 5.6e-05, 5.9e-05, 5.8e-05, 5.6e-05, 5.7e-05, 5.7e-05, 5.8e-05, 0.008157, 0.000136, 6.2e-05, 5.7e-05, 0.011212, 0.000346, 0.007521, 9.5e-05, 9.6e-05, 6.2e-05, 0.011859, 0.000112, 0.007179, 0.000125, 6.2e-05, 5.8e-05, 0.011976, 0.000169, 0.014667, 0.000133, 6.1e-05, 5.8e-05, 0.011263, 0.000289, 0.006613, 0.000272, 6.2e-05, 5.7e-05, 0.004954, 0.000141, 0.010075, 0.000227, 7.2e-05, 0.000178, 0.011423, 0.00015, 0.007454]","[1, -1, -1, -1, -1, -1, -1, -1, -1, -1, -1, -1, -1, -1, -1, -1, -1, -1, -1, -1, -1, -1, -1, -1, -1, -1, -1, -1, -1, -1, -1, -1, -1, -1, -1, -1, -1, -1, -1, -1, -1, -1, -1, -1, -1, -1, -1, -1, -1, -1, -1, -1, -1, -1, -1, -1, -1, -1, -1, -1, -1, -1, -1, -1]"
cloud_gaming,GeForce_Now,/indian-slp/Users/ug/ZEPA/Kritik/net_data/5G_Traffic_Datasets/Game_Streaming/GeForce_Now/GeForce_Now_7.csv,test,0,0.021235,True,1,0,0,1,5,5,0.040133,"[60, 48, 40, 40, 40, 40, 40, 40, 40, 40, 40, 40, 40, 40, 40, 40, 40, 40, 40, 40, 40, 40, 40, 40, 40, 40, 40, 40, 40, 40, 40, 40, 40, 40, 40, 40, 40, 40, 40, 40, 40, 40, 40, 40, 40, 40, 40, 40, 40, 40, 40, 40, 40, 40, 40, 40, 40, 40, 40, 40, 40, 40, 40, 40]","[0.0, 0.021235, 0.000557, 0.010648, 0.029054, 0.001047, 0.007463, 0.045438, 0.033832, 0.005942, 0.02667, 0.04491, 0.016743, 0.014986, 0.006576, 0.012073, 0.014526, 0.001591, 0.000236, 0.038302, 0.026178, 0.053867, 0.006954, 0.101738, 0.060381, 0.582413, 0.308096, 0.393299, 0.28442, 2.000708, 2.000335, 2.000136, 2.000901, 2.001737, 2.000615, 2.000547, 2.001401, 2.000144, 2.0029, 2.000639, 2.001169, 2.00036, 2.001559, 1.999628, 1.999996, 2.001593, 1.999934, 2.00065, 2.000348, 2.002086, 1.998797, 2.001153, 2.000397, 2.000335, 2.000541, 2.000546, 2.000773, 2.000508, 2.000404, 2.000353, 2.000718, 2.003238, 1.997446, 2.001066]","[1, -1, 1, -1, 1, 1, -1, -1, -1, -1, -1, 1, 1, 1, 1, 1, 1, 1, 1, 1, -1, 1, -1, -1, -1, 1, -1, 1, -1, -1, -1, -1, -1, -1, -1, -1, -1, -1, -1, -1, -1, -1, -1, -1, -1, -1, -1, -1, -1, -1, -1, -1, -1, -1, -1, -1, -1, -1, -1, -1, -1, -1, -1, -1]"
cloud_gaming,GeForce_Now,/indian-slp/Users/ug/ZEPA/Kritik/net_data/5G_Traffic_Datasets/Game_Streaming/GeForce_Now/GeForce_Now_7.csv,test,0,0.030016,True,0,0,0,1,5,5,0.040133,"[557, 2740, 795, 166, 330, 410, 235, 80, 308, 221, 353, 10000, 3580, 2740, 2740, 10000, 10000, 1720, 10000, 880, 2740, 2740, 2740, 10000, 10000, 10000, 10000, 700, 3253, 491, 222, 513, 223, 516, 223, 2607, 134, 271, 134, 80, 80, 80, 80, 80, 80, 80, 80, 80, 80, 80, 80, 80, 80, 80, 80, 80, 80, 80, 80, 80, 80, 80, 80, 80]","[0.0, 0.030016, 0.000396, 0.008222, 0.03331, 0.012039, 0.031681, 0.002232, 0.005878, 0.024316, 0.002479, 0.04456, 0.000366, 0.016632, 0.000179, 0.014432, 0.000449, 0.000255, 0.006022, 0.000565, 0.011737, 0.000161, 0.014061, 0.000285, 0.000385, 0.00135, 0.000217, 9.9e-05, 0.003897, 0.060568, 0.053785, 0.007024, 0.08899, 0.012715, 0.041994, 0.018387, 0.546958, 0.343479, 0.393316, 0.284529, 2.000708, 2.000281, 2.000169, 2.000814, 2.001687, 2.000376, 2.000653, 2.001313, 2.000391, 2.00293, 2.000651, 2.00104, 2.00046, 2.001396, 1.999759, 2.00014, 2.00129, 2.000143, 2.000584, 2.000347, 2.00209, 1.998842, 2.000969, 2.000385]","[1, -1, -1, 1, -1, 1, -1, 1, 1, -1, 1, -1, -1, -1, -1, -1, -1, -1, -1, -1, -1, -1, -1, -1, -1, -1, -1, -1, -1, 1, -1, 1, -1, 1, -1, 1, -1, 1, -1, 1, 1, 1, 1, 1, 1, 1, 1, 1, 1, 1, 1, 1, 1, 1, 1, 1, 1, 1, 1, 1, 1, 1, 1, 1]"
cloud_gaming,GeForce_Now,/indian-slp/Users/ug/ZEPA/Kritik/net_data/5G_Traffic_Datasets/Game_Streaming/GeForce_Now/GeForce_Now_7.csv,test,1,0.600545,True,0,0,0,1,5,5,0.040133,"[64, 64, 64, 64, 64, 64, 64, 64, 64, 64, 64, 64, 64, 64, 64, 64, 64, 64, 64, 64, 64, 64, 64, 64, 64, 64, 80, 80, 76, 44, 76, 38, 38, 68, 38, 925, 907, 1156, 1156, 62, 62, 1249, 54, 70, 278, 38, 46, 82, 38, 146, 38, 282, 38, 282, 38, 282, 38, 146, 38, 282, 38, 74, 38, 282]","[0.0, 0.02263, 0.021737, 0.021533, 0.022522, 0.021318, 0.022579, 0.019993, 0.020942, 0.023898, 0.021245, 0.018262, 0.020719, 0.020676, 0.021203, 0.020745, 0.022214, 0.021113, 0.021374, 0.020927, 0.025116, 0.020315, 0.021745, 0.025384, 0.02226, 0.02242, 0.034988, 0.018155, 0.004532, 0.000446, 0.022538, 0.000439, 0.006043, 0.000134, 0.000374, 0.006188, 0.000108, 5.6e-05, 5.2e-05, 0.00132, 0.000145, 0.002961, 0.000367, 0.247607, 0.004083, 0.014769, 0.015497, 0.012229, 0.000466, 0.004476, 0.027917, 0.022675, 0.032651, 0.017308, 0.033882, 0.016654, 0.035202, 0.01479, 0.032852, 0.017555, 0.023676, 0.024564, 0.000403, 0.001221]","[1, 1, 1, 1, 1, 1, 1, 1, 1, 1, 1, 1, 1, 1, 1, 1, 1, 1, 1, 1, 1, 1, 1, 1, 1, 1, 1, 1, -1, 1, -1, 1, -1, -1, 1, -1, -1, -1, -1, 1, 1, -1, 1, 1, 1, -1, -1, -1, 1, 1, -1, 1, -1, 1, -1, 1, -1, 1, -1, 1, -1, -1, 1, 1]"
cloud_gaming,GeForce_Now,/indian-slp/Users/ug/ZEPA/Kritik/net_data/5G_Traffic_Datasets/Game_Streaming/GeForce_Now/GeForce_Now_7.csv,test,1,0.619242,True,0,0,0,1,5,5,0.040133,"[64, 64, 1332, 1332, 1332, 1332, 1332, 1332, 1332, 513, 1332, 1332, 1332, 1332, 1332, 1332, 1332, 466, 1332, 1332, 1332, 1332, 1332, 1332, 1332, 80, 1332, 1332, 1332, 1332, 1332, 1332, 1262, 1332, 1332, 1332, 1332, 1332, 1332, 1074, 1332, 1332, 1332, 1332, 1332, 1332, 1238, 1332, 1332, 1332, 1332, 1332, 1332, 1242, 1332, 1332, 1332, 1332, 1332, 1332, 1199, 1332, 1332, 1332]","[0.0, 0.510702, 0.10854, 0.000373, 0.000168, 0.00012, 0.00011, 0.000672, 9e-05, 7e-05, 6.7e-05, 6.7e-05, 0.010881, 0.000614, 0.000762, 0.000108, 6.3e-05, 5.6e-05, 5.4e-05, 5.4e-05, 0.011869, 0.000161, 0.0001, 5.9e-05, 5.5e-05, 5.6e-05, 5.3e-05, 5.5e-05, 0.010615, 0.000223, 0.000116, 0.000112, 0.000112, 6.8e-05, 7.7e-05, 0.013074, 0.000118, 5.9e-05, 5.5e-05, 8.5e-05, 5.6e-05, 8.3e-05, 0.020371, 9.7e-05, 2.9e-05, 1.5e-05, 1.5e-05, 1.3e-05, 1.4e-05, 0.018289, 8.7e-05, 2.9e-05, 1.4e-05, 1.4e-05, 1.4e-05, 1.4e-05, 0.018392, 7.9e-05, 2.3e-05, 1.6e-05, 1.5e-05, 1.4e-05, 1.3e-05, 0.027783]","[1, 1, -1, -1, -1, -1, -1, -1, -1, -1, -1, -1, -1, -1, -1, -1, -1, -1, -1, -1, -1, -1, -1, -1, -1, -1, -1, -1, -1, -1, -1, -1, -1, -1, -1, -1, -1, -1, -1, -1, -1, -1, -1, -1, -1, -1, -1, -1, -1, -1, -1, -1, -1, -1, -1, -1, -1, -1, -1, -1, -1, -1, -1, -1]"
cloud_gaming,GeForce_Now,/indian-slp/Users/ug/ZEPA/Kritik/net_data/5G_Traffic_Datasets/Game_Streaming/GeForce_Now/GeForce_Now_7.csv,test,1,0.148567,True,0,0,0,1,5,5,0.040133,"[64, 329, 329, 329, 329, 341, 341, 329, 329, 329, 329, 341, 341, 329, 329, 329, 329, 341, 341, 329, 329, 329, 329, 341, 341, 329, 329, 329, 329, 341, 341, 329, 329, 329, 329, 341, 341, 329, 329, 329, 329, 341, 341, 329, 329, 329, 329, 341, 341, 329, 329, 329, 329, 341, 341, 329, 329, 329, 329, 341, 341, 329, 329, 329]","[0.0, 0.148567, 0.000646, 0.002097, 0.000165, 0.000102, 9.7e-05, 9.6e-05, 9.6e-05, 9.3e-05, 9.5e-05, 9.5e-05, 9.5e-05, 0.001626, 0.000342, 9.4e-05, 9.7e-05, 8.6e-05, 0.000114, 0.000167, 8.8e-05, 8.7e-05, 8.8e-05, 8.6e-05, 8.6e-05, 8.5e-05, 0.000101, 0.001656, 0.000179, 9.3e-05, 8.7e-05, 0.007614, 0.00044, 0.010761, 0.000251, 0.000139, 0.000132, 0.011731, 0.000501, 0.010593, 0.000299, 0.000132, 0.000125, 0.01143, 0.000149, 0.005216, 0.000189, 6.1e-05, 5.7e-05, 0.007067, 7.8e-05, 0.018348, 0.000255, 6.7e-05, 0.000113, 0.005188, 0.000164, 0.007115, 0.000188, 6.3e-05, 5.8e-05, 0.008785, 0.000179, 0.014366]","[1, -1, -1, -1, -1, -1, -1, -1, -1, -1, -1, -1, -1, -1, -1, -1, -1, -1, -1, -1, -1, -1, -1, -1, -1, -1, -1, -1, -1, -1, -1, -1, -1, -1, -1, -1, -1, -1, -1, -1, -1, -1, -1, -1, -1, -1, -1, -1, -1, -1, -1, -1, -1, -1, -1, -1, -1, -1, -1, -1, -1, -1, -1, -1]"
cloud_gaming,GeForce_Now,/indian-slp/Users/ug/ZEPA/Kritik/net_data/5G_Traffic_Datasets/Game_Streaming/GeForce_Now/GeForce_Now_8.csv,pretrain,0,0.030878,True,1,0,0,1,5,5,0.035215,"[60, 48, 40, 40, 40, 40, 40, 40, 40, 40, 40, 40, 40, 40, 40, 40, 40, 40, 40, 40, 40, 40, 40, 40, 40, 40, 40, 40, 40, 40, 40, 40, 40, 40, 40, 40, 40, 40, 40, 40, 40, 40, 40, 40, 40, 40, 40, 40, 40, 40, 40, 40, 40, 40, 40, 40, 40, 40, 40, 40, 40, 40, 40, 40]","[0.0, 0.030878, 0.001507, 0.006193, 0.016496, 0.004128, 0.02953, 0.026029, 0.002292, 0.027258, 0.033713, 0.038126, 0.000193, 0.018303, 0.012026, 0.000231, 0.006044, 0.051847, 0.062481, 0.051816, 0.04433, 0.608567, 0.294454, 0.079252, 0.669541, 2.000216, 2.000496, 2.000704, 2.000488, 2.004025, 1.997636, 1.999683, 2.002607, 1.998229, 2.001177, 2.000093, 2.0016, 2.000872, 2.003177, 1.999804, 2.00131, 1.999684, 2.001776, 1.999412, 2.000642, 2.000902, 2.000899, 2.000274, 2.000318, 2.001991, 1.999657, 2.000695, 2.000729, 2.00027, 2.000321, 2.001225, 2.000325, 2.001079, 2.000347, 2.001118, 2.000129, 2.000346, 2.003405, 1.997832]","[1, -1, 1, -1, 1, -1, -1, -1, -1, -1, 1, 1, 1, 1, 1, 1, 1, -1, -1, -1, -1, 1, -1, 1, -1, -1, -1, -1, -1, -1, -1, -1, -1, -1, -1, -1, -1, -1, -1, -1, -1, -1, -1, -1, -1, -1, -1, -1, -1, -1, -1, -1, -1, -1, -1, -1, -1, -1, -1, -1, -1, -1, -1, -1]"
cloud_gaming,GeForce_Now,/indian-slp/Users/ug/ZEPA/Kritik/net_data/5G_Traffic_Datasets/Game_Streaming/GeForce_Now/GeForce_Now_8.csv,pretrain,0,0.017062,True,0,0,0,1,5,5,0.035215,"[557, 3495, 166, 330, 410, 235, 80, 308, 221, 353, 10000, 3580, 5440, 10000, 10000, 1720, 5440, 5440, 5440, 10000, 10000, 8470, 10000, 8114, 492, 225, 516, 225, 519, 224, 2455, 134, 273, 134, 80, 80, 80, 80, 80, 80, 80, 80, 80, 80, 80, 80, 80, 80, 80, 80, 80, 80, 80, 80, 80, 80, 80, 80, 80, 80, 80, 80, 80, 80]","[0.0, 0.017062, 0.004502, 0.018652, 0.010758, 0.024898, 0.001258, 0.002333, 0.025833, 0.00146, 0.033663, 9e-05, 0.026398, 0.011567, 0.000247, 8.2e-05, 0.004843, 0.013263, 0.005934, 0.006175, 0.000224, 0.000109, 0.005853, 0.000175, 0.05162, 0.053299, 0.009359, 0.04625, 0.005617, 0.030039, 0.014299, 0.5747, 0.328226, 0.079209, 0.669704, 2.000204, 2.0005, 2.000372, 2.000687, 2.003929, 1.996975, 2.000418, 2.002508, 1.998497, 2.000546, 2.000598, 2.001562, 2.000681, 2.003364, 1.999918, 2.000668, 2.000282, 2.001562, 1.999601, 2.00058, 2.000783, 2.000877, 2.000424, 2.000355, 2.001764, 1.999873, 2.000527, 2.000759, 2.000413]","[1, -1, 1, -1, 1, -1, 1, 1, -1, 1, -1, -1, -1, -1, -1, -1, -1, -1, -1, -1, -1, -1, -1, -1, 1, -1, 1, -1, 1, -1, 1, -1, 1, -1, 1, 1, 1, 1, 1, 1, 1, 1, 1, 1, 1, 1, 1, 1, 1, 1, 1, 1, 1, 1, 1, 1, 1, 1, 1, 1, 1, 1, 1, 1]"
cloud_gaming,GeForce_Now,/indian-slp/Users/ug/ZEPA/Kritik/net_data/5G_Traffic_Datasets/Game_Streaming/GeForce_Now/GeForce_Now_8.csv,pretrain,1,0.632072,True,0,0,0,1,5,5,0.035215,"[64, 64, 64, 64, 64, 64, 64, 64, 64, 64, 64, 64, 64, 64, 64, 64, 64, 64, 64, 64, 64, 64, 64, 64, 64, 64, 64, 80, 80, 76, 44, 76, 38, 38, 68, 38, 925, 594, 907, 594, 1156, 920, 361, 118, 70, 278, 38, 46, 82, 38, 282, 38, 82, 38, 315, 282, 74, 38, 108, 54, 38, 38, 218, 38]","[0.0, 0.021638, 0.02161, 0.021577, 0.022571, 0.020839, 0.02094, 0.023276, 0.021288, 0.021935, 0.023141, 0.021601, 0.022361, 0.020564, 0.019778, 0.020955, 0.021445, 0.021555, 0.021224, 0.020968, 0.021261, 0.021697, 0.021455, 0.027886, 0.020602, 0.020914, 0.022095, 0.043678, 0.014026, 0.009192, 0.000699, 0.019502, 0.000371, 0.011796, 8.9e-05, 0.000477, 0.005003, 8.8e-05, 3.6e-05, 3.1e-05, 3e-05, 3e-05, 2.8e-05, 0.000364, 0.225878, 0.009083, 0.016979, 0.01174, 0.000178, 0.00067, 0.012264, 0.037494, 0.000104, 0.000519, 0.002701, 0.008926, 0.005429, 0.000323, 0.007019, 0.010659, 0.005773, 0.018256, 0.002557, 0.035412]","[1, 1, 1, 1, 1, 1, 1, 1, 1, 1, 1, 1, 1, 1, 1, 1, 1, 1, 1, 1, 1, 1, 1, 1, 1, 1, 1, 1, 1, -1, 1, -1, 1, -1, -1, 1, -1, -1, -1, -1, -1, -1, -1, 1, 1, 1, -1, -1, -1, 1, 1, -1, -1, 1, 1, 1, -1, 1, 1, -1, -1, -1, 1, -1]"
cloud_gaming,GeForce_Now,/indian-slp/Users/ug/ZEPA/Kritik/net_data/5G_Traffic_Datasets/Game_Streaming/GeForce_Now/GeForce_Now_8.csv,pretrain,1,0.281737,True,0,0,0,1,5,5,0.035215,"[64, 1332, 1332, 1332, 1332, 1332, 1332, 1332, 602, 1332, 1332, 1332, 1332, 1332, 1332, 1332, 414, 1332, 1332, 1332, 1332, 1332, 1332, 1332, 334, 1332, 1332, 1332, 1332, 1332, 1332, 1332, 341, 1332, 1332, 1332, 1332, 1332, 1332, 1332, 260, 1332, 1332, 1332, 1332, 1332, 1332, 1332, 120, 1332, 1332, 1332, 1332, 1332, 1332, 1332, 170, 1332, 1332, 1332, 1332, 1332, 1332, 1332]","[0.0, 0.281737, 0.00113, 0.00014, 0.000333, 0.000137, 0.001499, 0.000208, 0.000128, 0.000117, 0.000118, 0.009485, 0.000392, 0.00011, 0.0001, 9.8e-05, 9.7e-05, 9.6e-05, 9.7e-05, 0.015416, 0.000186, 8.8e-05, 8.7e-05, 0.000145, 0.000125, 0.000146, 0.000176, 0.017155, 0.002122, 0.000267, 0.000172, 0.000168, 0.000229, 0.000169, 0.000168, 0.010508, 0.000451, 0.000316, 0.000237, 0.000197, 0.000189, 0.000261, 0.000208, 0.018593, 0.000294, 0.000182, 0.000152, 0.00015, 0.000165, 0.000306, 0.000185, 0.012999, 0.009311, 0.001855, 0.000643, 0.000329, 0.000306, 0.000402, 0.00041, 0.00031, 0.001781, 0.000668, 0.000227, 0.000239]","[1, -1, -1, -1, -1, -1, -1, -1, -1, -1, -1, -1, -1, -1, -1, -1, -1, -1, -1, -1, -1, -1, -1, -1, -1, -1, -1, -1, -1, -1, -1, -1, -1, -1, -1, -1, -1, -1, -1, -1, -1, -1, -1, -1, -1, -1, -1, -1, -1, -1, -1, -1, -1, -1, -1, -1, -1, -1, -1, -1, -1, -1, -1, -1]"
cloud_gaming,GeForce_Now,/indian-slp/Users/ug/ZEPA/Kritik/net_data/5G_Traffic_Datasets/Game_Streaming/GeForce_Now/GeForce_Now_8.csv,pretrain,1,0.146757,True,0,0,0,1,5,5,0.035215,"[64, 329, 329, 329, 329, 341, 341, 329, 329, 329, 329, 341, 341, 329, 329, 329, 329, 341, 341, 329, 329, 329, 329, 341, 341, 329, 329, 329, 329, 341, 341, 329, 329, 329, 329, 341, 341, 329, 329, 329, 329, 341, 341, 329, 329, 329, 329, 341, 341, 329, 329, 329, 329, 341, 341, 329, 329, 329, 329, 341, 341, 329, 329, 329]","[0.0, 0.146757, 0.000199, 2.9e-05, 2e-05, 1.8e-05, 1.9e-05, 1.8e-05, 1.7e-05, 1.7e-05, 0.006169, 0.002004, 0.000188, 0.000169, 0.000223, 0.000175, 0.000168, 0.000167, 0.000101, 0.000101, 0.0001, 0.000101, 0.0001, 0.0001, 0.0001, 0.000101, 0.000101, 0.007053, 0.000499, 0.000172, 0.000108, 0.001997, 0.000334, 0.004853, 0.000163, 8.7e-05, 8.4e-05, 0.0122, 0.000149, 0.011341, 0.000283, 0.000116, 0.000105, 0.016483, 0.00039, 0.000304, 0.000401, 0.000398, 0.000356, 0.008407, 0.007241, 0.005686, 6.8e-05, 2.8e-05, 2.4e-05, 0.005899, 8.4e-05, 0.013604, 0.000136, 0.000684, 6.9e-05, 0.005004, 3.9e-05, 0.007678]","[1, -1, -1, -1, -1, -1, -1, -1, -1, -1, -1, -1, -1, -1, -1, -1, -1, -1, -1, -1, -1, -1, -1, -1, -1, -1, -1, -1, -1, -1, -1, -1, -1, -1, -1, -1, -1, -1, -1, -1, -1, -1, -1, -1, -1, -1, -1, -1, -1, -1, -1, -1, -1, -1, -1, -1, -1, -1, -1, -1, -1, -1, -1, -1]"
cloud_gaming,GeForce_Now,/indian-slp/Users/ug/ZEPA/Kritik/net_data/5G_Traffic_Datasets/Game_Streaming/GeForce_Now/GeForce_Now_9.csv,test,0,0.031013,True,1,0,0,1,5,5,0.037307,"[60, 48, 40, 40, 40, 40, 40, 40, 40, 40, 3580, 40, 40, 40, 40, 40, 40, 40, 40, 40, 40, 40, 40, 40, 40, 40, 40, 40, 40, 40, 40, 40, 40, 40, 40, 40, 40, 40, 40, 40, 40, 40, 40, 40, 40, 40, 40, 40, 40, 40, 40, 40, 40, 40, 40, 40, 40, 40, 40, 40, 40, 40, 40, 40]","[0.0, 0.031013, 0.000488, 0.002969, 0.035036, 0.014611, 0.037638, 0.032336, 0.000218, 0.043468, 0.053484, 0.000877, 0.030167, 0.000387, 0.022301, 0.009111, 0.013128, 0.000264, 0.037782, 0.011375, 0.05261, 0.00638, 0.049143, 0.046562, 0.603749, 0.261236, 0.080028, 0.677871, 1.999888, 2.00059, 2.000251, 2.000399, 2.001801, 2.001439, 2.00297, 2.000223, 1.999118, 2.000213, 2.000955, 2.000369, 2.000309, 2.00401, 1.99733, 2.000554, 2.001445, 2.000009, 2.000274, 2.005835, 1.998887, 2.000738, 2.001474, 1.999908, 2.000272, 2.000378, 2.000773, 2.002843, 2.000266, 1.999576, 2.000591, 2.000235, 2.000615, 1.999868, 2.000628, 2.001447]","[1, -1, 1, -1, 1, -1, -1, -1, -1, -1, -1, 1, 1, 1, 1, 1, 1, 1, 1, -1, 1, -1, -1, -1, 1, -1, 1, -1, -1, -1, -1, -1, -1, -1, -1, -1, -1, -1, -1, -1, -1, -1, -1, -1, -1, -1, -1, -1, -1, -1, -1, -1, -1, -1, -1, -1, -1, -1, -1, -1, -1, -1, -1, -1]"
cloud_gaming,GeForce_Now,/indian-slp/Users/ug/ZEPA/Kritik/net_data/5G_Traffic_Datasets/Game_Streaming/GeForce_Now/GeForce_Now_9.csv,test,0,0.032763,True,0,0,0,1,5,5,0.037307,"[557, 3495, 166, 330, 410, 235, 80, 308, 221, 353, 10000, 5440, 10000, 10000, 1720, 5440, 2740, 2740, 2740, 2740, 10000, 10000, 10000, 10000, 6584, 492, 225, 516, 225, 519, 225, 2455, 134, 273, 134, 80, 80, 80, 80, 80, 80, 80, 80, 80, 80, 80, 80, 80, 80, 80, 80, 80, 80, 80, 80, 80, 80, 80, 80, 80, 80, 80, 80, 80]","[0.0, 0.032763, 0.017436, 0.031184, 0.006628, 0.029146, 0.003085, 0.000491, 0.041723, 0.001684, 0.053, 0.018689, 0.012654, 0.00036, 0.000162, 0.009987, 0.012061, 0.000166, 0.009015, 0.000176, 0.012907, 0.000242, 0.000193, 0.000104, 0.000149, 0.049023, 0.052501, 0.006477, 0.039075, 0.010023, 0.0344, 0.012142, 0.563781, 0.301295, 0.079536, 0.678055, 2.000204, 2.000545, 2.000272, 2.000421, 2.001632, 2.001507, 2.00029, 2.002787, 1.999144, 2.000255, 2.000856, 2.000209, 2.000575, 2.003532, 1.997816, 2.000473, 2.001432, 1.999995, 2.000379, 2.004675, 2.000186, 2.000641, 2.001398, 1.999987, 2.00025, 2.000467, 2.000617, 2.002898]","[1, -1, 1, -1, 1, -1, 1, 1, -1, 1, -1, -1, -1, -1, -1, -1, -1, -1, -1, -1, -1, -1, -1, -1, -1, 1, -1, 1, -1, 1, -1, 1, -1, 1, -1, 1, 1, 1, 1, 1, 1, 1, 1, 1, 1, 1, 1, 1, 1, 1, 1, 1, 1, 1, 1, 1, 1, 1, 1, 1, 1, 1, 1, 1]"
cloud_gaming,GeForce_Now,/indian-slp/Users/ug/ZEPA/Kritik/net_data/5G_Traffic_Datasets/Game_Streaming/GeForce_Now/GeForce_Now_9.csv,test,1,0.621547,True,0,0,0,1,5,5,0.037307,"[64, 64, 64, 64, 64, 64, 64, 64, 64, 64, 64, 64, 64, 64, 64, 64, 64, 64, 64, 64, 64, 64, 64, 64, 64, 64, 80, 80, 76, 44, 76, 38, 38, 68, 38, 925, 907, 46, 46, 1155, 1156, 46, 46, 358, 38, 923, 46, 70, 278, 38, 46, 82, 38, 282, 82, 38, 315, 38, 146, 54, 38, 74, 38, 108]","[0.0, 0.021727, 0.02123, 0.02158, 0.022076, 0.023616, 0.022441, 0.022766, 0.020923, 0.020781, 0.027632, 0.020093, 0.020786, 0.020754, 0.020463, 0.022526, 0.022122, 0.021751, 0.020276, 0.021079, 0.021554, 0.021679, 0.021102, 0.021349, 0.021494, 0.02404, 0.047343, 0.018486, 0.009878, 0.004158, 0.014376, 0.000489, 0.012363, 0.000328, 0.001602, 0.004454, 0.000183, 7.7e-05, 0.000119, 6.4e-05, 9.8e-05, 5.7e-05, 7e-05, 0.004352, 0.000721, 0.000154, 0.000271, 0.195972, 0.001158, 0.022528, 0.012023, 8.8e-05, 0.000284, 0.015322, 0.029636, 0.000396, 0.003544, 0.001598, 0.015809, 0.006664, 0.020488, 0.011932, 0.00257, 0.00316]","[1, 1, 1, 1, 1, 1, 1, 1, 1, 1, 1, 1, 1, 1, 1, 1, 1, 1, 1, 1, 1, 1, 1, 1, 1, 1, 1, 1, -1, 1, -1, 1, -1, -1, 1, -1, -1, 1, 1, -1, -1, 1, 1, -1, 1, -1, 1, 1, 1, -1, -1, -1, 1, 1, -1, 1, 1, -1, 1, -1, -1, -1, 1, 1]"
cloud_gaming,GeForce_Now,/indian-slp/Users/ug/ZEPA/Kritik/net_data/5G_Traffic_Datasets/Game_Streaming/GeForce_Now/GeForce_Now_9.csv,test,1,0.284039,True,0,0,0,1,5,5,0.037307,"[64, 1332, 1332, 1332, 1332, 1332, 1332, 1332, 1332, 605, 1332, 1332, 1332, 1332, 1332, 1332, 1332, 516, 1332, 1332, 1332, 1332, 1332, 1332, 1332, 308, 1332, 1332, 1332, 1332, 1332, 1332, 1332, 102, 1332, 1332, 1332, 1332, 1332, 1332, 1332, 305, 1332, 1332, 1332, 1332, 1332, 1332, 1332, 70, 1332, 1332, 1332, 1332, 1332, 1332, 1332, 164, 1332, 1332, 1332, 1332, 1332, 1332]","[0.0, 0.284039, 0.000533, 0.002084, 0.000106, 5.9e-05, 5.2e-05, 4.6e-05, 4.5e-05, 4.2e-05, 4.9e-05, 4.8e-05, 0.004888, 0.001055, 7.4e-05, 6.5e-05, 6.4e-05, 6.4e-05, 0.001127, 0.001121, 0.009352, 0.000424, 0.000109, 7.8e-05, 7.6e-05, 7.5e-05, 7.2e-05, 7.6e-05, 0.02125, 0.00063, 0.000499, 0.000388, 0.000532, 0.000483, 0.002014, 0.000535, 0.005986, 0.000595, 0.00031, 0.000354, 0.000311, 0.000329, 0.000311, 0.000414, 0.01693, 0.000695, 0.000582, 0.00109, 0.000507, 0.000297, 0.000937, 0.000401, 0.029053, 0.000275, 0.000259, 0.000203, 0.00019, 0.000115, 0.000427, 0.000248, 0.016138, 8.1e-05, 3.2e-05, 2.7e-05]","[1, -1, -1, -1, -1, -1, -1, -1, -1, -1, -1, -1, -1, -1, -1, -1, -1, -1, -1, -1, -1, -1, -1, -1, -1, -1, -1, -1, -1, -1, -1, -1, -1, -1, -1, -1, -1, -1, -1, -1, -1, -1, -1, -1, -1, -1, -1, -1, -1, -1, -1, -1, -1, -1, -1, -1, -1, -1, -1, -1, -1, -1, -1, -1]"
cloud_gaming,GeForce_Now,/indian-slp/Users/ug/ZEPA/Kritik/net_data/5G_Traffic_Datasets/Game_Streaming/GeForce_Now/GeForce_Now_9.csv,test,1,0.136363,True,0,0,0,1,5,5,0.037307,"[64, 329, 329, 329, 329, 341, 341, 329, 329, 329, 329, 341, 341, 329, 329, 329, 329, 341, 341, 329, 329, 329, 329, 341, 341, 329, 329, 329, 329, 341, 341, 329, 329, 329, 329, 341, 341, 329, 329, 329, 329, 341, 341, 329, 329, 329, 329, 341, 341, 329, 329, 329, 329, 341, 341, 329, 329, 329, 329, 341, 341, 329, 329, 329]","[0.0, 0.136363, 0.002085, 0.000348, 6.6e-05, 5.3e-05, 4.9e-05, 4.6e-05, 4.2e-05, 4.7e-05, 4.7e-05, 0.001138, 0.000125, 0.000729, 0.000142, 5.8e-05, 4.8e-05, 4.7e-05, 4.6e-05, 4.8e-05, 4.7e-05, 4.7e-05, 4.6e-05, 0.000172, 6.1e-05, 4.8e-05, 4.7e-05, 0.006924, 0.000182, 0.000161, 0.000182, 0.012021, 0.000161, 0.020565, 0.001806, 0.000649, 0.000249, 0.004394, 0.000278, 0.004288, 0.000242, 0.000234, 0.000233, 0.005051, 0.000144, 0.010607, 0.000324, 0.001112, 0.000618, 0.010412, 0.000152, 0.020527, 0.00025, 0.000213, 0.000193, 0.011244, 0.000183, 0.005633, 4.7e-05, 3e-05, 2.7e-05, 0.005889, 6.2e-05, 0.012017]","[1, -1, -1, -1, -1, -1, -1, -1, -1, -1, -1, -1, -1, -1, -1, -1, -1, -1, -1, -1, -1, -1, -1, -1, -1, -1, -1, -1, -1, -1, -1, -1, -1, -1, -1, -1, -1, -1, -1, -1, -1, -1, -1, -1, -1, -1, -1, -1, -1, -1, -1, -1, -1, -1, -1, -1, -1, -1, -1, -1, -1, -1, -1, -1]"
cloud_gaming,KT_GameBox,/indian-slp/Users/ug/ZEPA/Kritik/net_data/5G_Traffic_Datasets/Game_Streaming/KT_GameBox/KT_GameBox_1.csv,pretrain,0,0.030429,True,0,0,0,5,4,19,0.048392,"[561, 1390, 2348, 104, 795, 486, 762, 763, 804, 763, 779]","[0.0, 0.030429, 0.01207, 0.003615, 0.005405, 0.02045, 0.330184, 4.458732, 0.171445, 0.665296, 0.089967]","[1, -1, -1, 1, 1, -1, -1, 1, -1, 1, -1]"
cloud_gaming,KT_GameBox,/indian-slp/Users/ug/ZEPA/Kritik/net_data/5G_Traffic_Datasets/Game_Streaming/KT_GameBox/KT_GameBox_1.csv,pretrain,0,0.030798,True,0,0,0,5,4,19,0.048392,"[557, 4136, 2333, 104, 293, 502, 209, 118, 111, 169, 630]","[0.0, 0.030798, 0.0123, 0.002706, 0.012996, 0.01463, 0.035867, 0.018624, 0.036665, 0.004652, 0.002374]","[1, -1, -1, 1, 1, -1, -1, 1, -1, 1, 1]"
cloud_gaming,KT_GameBox,/indian-slp/Users/ug/ZEPA/Kritik/net_data/5G_Traffic_Datasets/Game_Streaming/KT_GameBox/KT_GameBox_1.csv,pretrain,0,0.021185,True,1,0,0,5,4,19,0.048392,"[60, 48, 40, 40, 40, 40, 40, 40, 40, 40, 40, 40, 40]","[0.0, 0.021185, 0.000146, 0.010244, 0.031411, 0.011593, 0.002694, 0.013004, 0.048489, 0.001952, 0.018642, 0.041398, 0.002284]","[1, -1, 1, -1, 1, 1, -1, -1, 1, 1, -1, -1, -1]"
cloud_gaming,KT_GameBox,/indian-slp/Users/ug/ZEPA/Kritik/net_data/5G_Traffic_Datasets/Game_Streaming/KT_GameBox/KT_GameBox_1.csv,pretrain,0,0.0,False,5,0,0,1,1,1,0.032723,"[60, 60, 60, 60, 60]","[0.0, 1.995839, 4.000772, 8.560513, 16.001983]","[1, 1, 1, 1, 1]"
cloud_gaming,KT_GameBox,/indian-slp/Users/ug/ZEPA/Kritik/net_data/5G_Traffic_Datasets/Game_Streaming/KT_GameBox/KT_GameBox_1.csv,pretrain,0,0.027493,True,1,0,0,5,4,19,0.048392,"[60, 48, 40, 40, 40, 40, 40, 10000, 3580, 40, 10000, 40, 370, 40, 40, 40, 10000, 40, 4420, 40, 10000, 40, 40]","[0.0, 0.027493, 0.000424, 0.001671, 0.032723, 0.001401, 8.4e-05, 0.045421, 0.000552, 0.000301, 0.029633, 0.000204, 0.000293, 9.8e-05, 0.030061, 0.003856, 0.032365, 0.00033, 3.1e-05, 0.01235, 8.9e-05, 0.000235, 0.034873]","[1, -1, 1, -1, 1, -1, -1, -1, -1, 1, -1, 1, -1, 1, 1, -1, -1, 1, -1, 1, -1, 1, 1]"
cloud_gaming,KT_GameBox,/indian-slp/Users/ug/ZEPA/Kritik/net_data/5G_Traffic_Datasets/Game_Streaming/KT_GameBox/KT_GameBox_1.csv,pretrain,0,0.046985,True,0,0,0,5,4,19,0.048392,"[64, 45, 1390, 5094, 104, 795, 486, 762]","[0.0, 0.079313, 0.046985, 0.007112, 0.005079, 0.003202, 0.037585, 0.235397]","[1, 1, -1, -1, 1, 1, -1, -1]"
cloud_gaming,KT_GameBox,/indian-slp/Users/ug/ZEPA/Kritik/net_data/5G_Traffic_Datasets/Game_Streaming/KT_GameBox/KT_GameBox_1.csv,pretrain,0,0.049867,True,0,0,0,5,4,19,0.048392,"[64, 45, 2740, 998, 104, 795, 502, 762]","[0.0, 0.071069, 0.049867, 0.008434, 0.006389, 0.001006, 0.06544, 0.267916]","[1, 1, -1, -1, 1, 1, -1, -1]"
cloud_gaming,KT_GameBox,/indian-slp/Users/ug/ZEPA/Kritik/net_data/5G_Traffic_Datasets/Game_Streaming/KT_GameBox/KT_GameBox_1.csv,pretrain,0,0.044302,True,0,0,0,5,4,19,0.048392,"[64, 49, 2740, 998, 104, 795, 518, 762]","[0.0, 0.061486, 0.044302, 0.019183, 0.003333, 0.003718, 0.018849, 0.229831]","[1, 1, -1, -1, 1, 1, -1, -1]"
cloud_gaming,KT_GameBox,/indian-slp/Users/ug/ZEPA/Kritik/net_data/5G_Traffic_Datasets/Game_Streaming/KT_GameBox/KT_GameBox_1.csv,pretrain,0,0.045304,True,0,0,0,5,4,19,0.048392,"[64, 49, 6444, 104, 795, 263, 279, 762]","[0.0, 0.074952, 0.045304, 0.008235, 0.000361, 0.057834, 0.006723, 0.162903]","[1, 1, -1, 1, 1, -1, -1, -1]"
cloud_gaming,KT_GameBox,/indian-slp/Users/ug/ZEPA/Kritik/net_data/5G_Traffic_Datasets/Game_Streaming/KT_GameBox/KT_GameBox_1.csv,pretrain,0,0.047868,True,1,0,0,5,4,19,0.048392,"[60, 48, 40, 552, 40, 40, 40, 40, 40, 40, 40]","[0.0, 0.047868, 0.000169, 0.003111, 0.000208, 0.000467, 0.048927, 0.003904, 0.000106, 0.082349, 0.095292]","[1, -1, 1, 1, -1, -1, 1, -1, -1, 1, 1]"
cloud_gaming,KT_GameBox,/indian-slp/Users/ug/ZEPA/Kritik/net_data/5G_Traffic_Datasets/Game_Streaming/KT_GameBox/KT_GameBox_1.csv,pretrain,0,0.04887,True,0,0,0,5,4,19,0.048392,"[64, 45, 265, 104, 795, 263, 762]","[0.0, 0.057859, 0.04887, 0.004053, 0.000211, 0.045856, 0.131693]","[1, 1, -1, 1, 1, -1, -1]"
cloud_gaming,KT_GameBox,/indian-slp/Users/ug/ZEPA/Kritik/net_data/5G_Traffic_Datasets/Game_Streaming/KT_GameBox/KT_GameBox_1.csv,pretrain,0,0.055184,True,0,0,0,5,4,19,0.048392,"[64, 45, 6444, 104, 795, 486, 762]","[0.0, 0.087146, 0.055184, 0.004991, 0.003529, 0.054105, 0.194334]","[1, 1, -1, 1, 1, -1, -1]"
cloud_gaming,KT_GameBox,/indian-slp/Users/ug/ZEPA/Kritik/net_data/5G_Traffic_Datasets/Game_Streaming/KT_GameBox/KT_GameBox_1.csv,pretrain,0,0.026118,True,0,0,0,5,4,19,0.048392,"[64, 557, 265, 104, 795, 263, 762]","[0.0, 0.055636, 0.026118, 0.003287, 0.003782, 0.032785, 0.193269]","[1, 1, -1, 1, 1, -1, -1]"
cloud_gaming,KT_GameBox,/indian-slp/Users/ug/ZEPA/Kritik/net_data/5G_Traffic_Datasets/Game_Streaming/KT_GameBox/KT_GameBox_1.csv,pretrain,0,0.025441,True,1,0,0,5,4,19,0.048392,"[60, 48, 40, 40, 40, 2786, 40, 40, 40, 40, 40, 40]","[0.0, 0.025441, 0.0014, 0.00321, 0.028377, 3.9e-05, 8.5e-05, 0.00737, 0.003652, 0.00367, 0.059497, 0.129453]","[1, -1, 1, -1, 1, -1, 1, 1, -1, -1, 1, 1]"
cloud_gaming,KT_GameBox,/indian-slp/Users/ug/ZEPA/Kritik/net_data/5G_Traffic_Datasets/Game_Streaming/KT_GameBox/KT_GameBox_1.csv,pretrain,0,0.028276,True,0,0,0,5,4,19,0.048392,"[64, 557, 1390, 2348, 104, 795, 502, 762]","[0.0, 0.040768, 0.028276, 0.007714, 0.003668, 0.003677, 0.020339, 0.167467]","[1, 1, -1, -1, 1, 1, -1, -1]"
cloud_gaming,KT_GameBox,/indian-slp/Users/ug/ZEPA/Kritik/net_data/5G_Traffic_Datasets/Game_Streaming/KT_GameBox/KT_GameBox_1.csv,pretrain,0,0.03424,True,0,0,0,5,4,19,0.048392,"[64, 561, 4136, 2348, 104, 795, 502, 762]","[0.0, 0.042395, 0.03424, 0.007981, 0.004247, 0.002312, 0.025429, 0.241396]","[1, 1, -1, -1, 1, 1, -1, -1]"
cloud_gaming,KT_GameBox,/indian-slp/Users/ug/ZEPA/Kritik/net_data/5G_Traffic_Datasets/Game_Streaming/KT_GameBox/KT_GameBox_1.csv,pretrain,0,0.030921,True,1,0,0,5,4,19,0.048392,"[60, 48, 40, 40, 40, 40, 40, 40, 40]","[0.0, 0.030921, 0.00017, 0.003567, 0.036532, 0.01208, 0.002955, 0.000665, 0.065719]","[1, -1, 1, -1, 1, 1, -1, -1, 1]"
cloud_gaming,KT_GameBox,/indian-slp/Users/ug/ZEPA/Kritik/net_data/5G_Traffic_Datasets/Game_Streaming/KT_GameBox/KT_GameBox_1.csv,pretrain,0,0.029819,True,0,0,0,5,4,19,0.048392,"[64, 557, 557, 1390, 1390, 5094, 2348, 104, 104, 1064, 795, 486, 518, 762, 762]","[0.0, 0.024069, 0.006686, 0.023133, 0.005775, 0.001216, 0.005127, 0.006929, 1.5e-05, 0.003072, 1.1e-05, 0.035473, 0.000737, 0.027572, 0.150562]","[1, 1, 1, -1, -1, -1, -1, 1, 1, 1, 1, -1, -1, -1, -1]"
cloud_gaming,KT_GameBox,/indian-slp/Users/ug/ZEPA/Kritik/net_data/5G_Traffic_Datasets/Game_Streaming/KT_GameBox/KT_GameBox_1.csv,pretrain,0,0.038267,True,1,0,0,5,4,19,0.048392,"[60, 48, 40, 552, 40, 40, 2740, 40, 1436, 40, 40, 40, 40, 40, 40]","[0.0, 0.038267, 0.000152, 0.003201, 0.00042, 0.031628, 0.006866, 0.00013, 1.8e-05, 4e-05, 0.011964, 0.005723, 0.000143, 0.082559, 0.125466]","[1, -1, 1, 1, -1, 1, -1, 1, -1, 1, 1, -1, -1, 1, 1]"
cloud_gaming,KT_GameBox,/indian-slp/Users/ug/ZEPA/Kritik/net_data/5G_Traffic_Datasets/Game_Streaming/KT_GameBox/KT_GameBox_1.csv,pretrain,3,0.031084,True,0,0,0,5,4,19,0.048392,"[68, 168, 68, 168, 78, 78, 244, 408, 67, 397]","[0.0, 0.031084, 0.050076, 0.043536, 5.013114, 0.005769, 0.038154, 0.010292, 0.661717, 0.040852]","[1, -1, 1, -1, 1, 1, -1, -1, 1, -1]"
cloud_gaming,KT_GameBox,/indian-slp/Users/ug/ZEPA/Kritik/net_data/5G_Traffic_Datasets/Game_Streaming/KT_GameBox/KT_GameBox_1.csv,pretrain,0,0.0342,True,1,2,0,5,4,19,0.048392,"[60, 48, 40, 40, 40, 2786, 40, 40, 40, 40, 40, 40, 40, 40, 40, 40, 40, 40, 40, 40, 40]","[0.0, 0.0342, 0.000135, 0.005962, 0.03064, 3.2e-05, 9e-05, 0.011784, 0.003564, 0.005394, 0.058464, 0.29222, 4.459379, 0.171052, 0.664929, 0.090211, 29.989091, 0.033094, 24.117324, 0.000102, 5e-06]","[1, -1, 1, -1, 1, -1, 1, 1, -1, -1, 1, 1, -1, 1, -1, 1, -1, 1, -1, 1, -1]"
cloud_gaming,KT_GameBox,/indian-slp/Users/ug/ZEPA/Kritik/net_data/5G_Traffic_Datasets/Game_Streaming/KT_GameBox/KT_GameBox_1.csv,pretrain,0,0.034405,True,1,0,0,5,4,19,0.048392,"[60, 48, 40, 1064, 40, 308, 40, 90, 40, 40, 40, 40, 40, 40, 40, 40, 40, 40, 40, 40, 40, 40, 40, 40, 40, 40, 40, 40, 40, 40, 40, 40, 40, 40, 40, 40, 40, 40, 40, 40, 40, 40, 40, 40, 40, 40, 40, 40, 40, 40, 40, 40, 40, 40, 40, 40, 40, 40, 40, 40, 40, 40, 40, 40]","[0.0, 0.034405, 0.000437, 0.002532, 0.000201, 0.00015, 9.2e-05, 0.021763, 0.000553, 0.000951, 0.032574, 0.001263, 0.046106, 0.035389, 0.000113, 0.025725, 0.051373, 0.122708, 0.098421, 0.032215, 0.000926, 0.028756, 0.000975, 0.038329, 0.067961, 0.022591, 0.201081, 0.031602, 8.0153, 0.034135, 2.003292, 0.024851, 1.656406, 0.000282, 4.610825, 0.071023, 3.774498, 0.044126, 1.577953, 0.000425, 2.80268, 0.068778, 5.58146, 0.031508, 2.604328, 0.034631, 7.413341, 0.045162, 0.801684, 0.037659, 8.219198, 0.039354, 1.002862, 0.034153, 7.212958, 0.050646, 2.805988, 0.653145, 0.665818, 0.000256, 0.004612, 0.109507, 0.11287, 0.000539]","[1, -1, 1, 1, -1, 1, -1, -1, 1, -1, 1, -1, -1, -1, -1, -1, 1, 1, -1, 1, -1, -1, -1, -1, 1, 1, -1, 1, -1, 1, -1, 1, 1, -1, -1, 1, -1, 1, 1, -1, -1, 1, -1, 1, -1, 1, -1, 1, -1, 1, -1, 1, -1, 1, -1, 1, -1, 1, 1, -1, -1, -1, -1, -1]"
cloud_gaming,KT_GameBox,/indian-slp/Users/ug/ZEPA/Kritik/net_data/5G_Traffic_Datasets/Game_Streaming/KT_GameBox/KT_GameBox_1.csv,pretrain,3,0.022002,True,0,0,0,5,4,19,0.048392,"[239, 1390, 350, 366, 274, 194, 146, 386, 242, 178, 162, 162, 306, 226, 210, 162, 178, 178, 284, 162, 178, 268, 162, 226, 162, 146, 146, 226, 162, 242, 162, 146, 146, 226, 162, 242, 162, 146, 146, 226, 162, 146, 146, 226, 162, 146, 146, 146, 146, 226, 162, 146, 146, 226, 162, 242, 162, 226, 210, 162, 178, 178, 284, 162]","[0.0, 0.022002, 0.010391, 0.001487, 0.04518, 0.000767, 0.025652, 0.009868, 0.000221, 0.024771, 0.000869, 0.018292, 0.154297, 0.099949, 0.032016, 0.001021, 0.027188, 0.001521, 0.001124, 0.037842, 0.000317, 0.034352, 0.056097, 0.201248, 0.030959, 8.01585, 0.033695, 2.003878, 0.02436, 1.654231, 0.002821, 4.610921, 0.03622, 3.80913, 0.041223, 1.57799, 0.003219, 2.802888, 0.035257, 5.614878, 0.031295, 2.604644, 0.034413, 7.413527, 0.044708, 0.802154, 0.036262, 8.220644, 0.03867, 1.003403, 0.033741, 7.213436, 0.050346, 2.80636, 0.651875, 0.665995, 0.001273, 0.004626, 0.108941, 0.000685, 0.111647, 0.001138, 0.000669, 0.059319]","[1, -1, -1, 1, -1, 1, -1, 1, 1, -1, 1, -1, -1, 1, -1, 1, -1, 1, 1, -1, 1, -1, -1, 1, -1, 1, -1, 1, -1, -1, 1, 1, -1, 1, -1, -1, 1, 1, -1, 1, -1, 1, -1, 1, -1, 1, -1, 1, -1, 1, -1, 1, -1, 1, -1, -1, 1, 1, -1, 1, -1, 1, 1, -1]"
cloud_gaming,KT_GameBox,/indian-slp/Users/ug/ZEPA/Kritik/net_data/5G_Traffic_Datasets/Game_Streaming/KT_GameBox/KT_GameBox_1.csv,pretrain,1,0.028386,True,0,0,0,5,4,19,0.048392,"[46, 56, 52, 1300, 1300, 40, 52, 1300, 1300, 1300, 1300, 1300, 1300, 1300, 1300, 1300, 1300, 1300, 1300, 1300, 1300, 1300, 1300, 1300, 1300, 1300, 1300, 1300, 1300, 1300, 1300, 1300, 52, 1300, 1300, 1300, 1300, 1300, 1300, 1300, 1300, 1300, 1300, 1300, 1300, 1300, 1300, 1300, 1300, 1300, 1300, 1300, 1300, 1300, 1300, 1300, 1300, 1300, 1300, 1300, 1300, 1300, 1300, 1300]","[0.0, 0.028386, 0.003864, 0.087548, 0.000661, 0.000332, 0.000299, 0.000298, 0.000138, 0.000119, 0.000108, 0.000106, 0.000223, 8.6e-05, 8.5e-05, 0.01277, 0.000497, 0.00014, 0.000112, 0.00011, 0.00011, 0.00011, 0.000108, 0.001293, 0.00014, 0.00011, 0.000108, 0.000108, 0.000107, 0.000112, 0.000151, 0.00011, 0.005228, 0.004356, 0.001698, 0.000107, 0.0001, 0.000101, 8.2e-05, 8e-05, 0.000116, 0.000101, 9.8e-05, 0.000107, 0.0001, 9.8e-05, 0.00011, 0.000101, 0.000101, 0.000111, 9.9e-05, 9.8e-05, 0.000106, 0.0001, 9.8e-05, 0.000108, 0.000101, 9.9e-05, 0.001214, 0.000114, 8.4e-05, 7.9e-05, 0.00011, 8.2e-05]","[1, -1, 1, -1, -1, 1, 1, -1, -1, -1, -1, -1, -1, -1, -1, -1, -1, -1, -1, -1, -1, -1, -1, -1, -1, -1, -1, -1, -1, -1, -1, -1, 1, -1, -1, -1, -1, -1, -1, -1, -1, -1, -1, -1, -1, -1, -1, -1, -1, -1, -1, -1, -1, -1, -1, -1, -1, -1, -1, -1, -1, -1, -1, -1]"
cloud_gaming,KT_GameBox,/indian-slp/Users/ug/ZEPA/Kritik/net_data/5G_Traffic_Datasets/Game_Streaming/KT_GameBox/KT_GameBox_1.csv,pretrain,0,0.019332,True,1,0,0,5,4,19,0.048392,"[60, 48, 40, 2740, 40, 5440, 40, 10000, 40, 880, 40, 9877, 40, 4149, 40, 4149, 40, 8245, 40, 4149, 40, 8245, 40, 4149, 40, 1390, 40, 2799, 40, 8245, 40, 4149, 40, 4090, 40, 2740, 40, 1495, 40, 2740, 40, 1449, 40, 1390, 40, 2799, 40, 8245, 40, 10000, 40, 6503, 40, 4149, 40, 10000, 40, 2394, 40, 10000, 40, 10000, 40, 4748]","[0.0, 0.019332, 0.000323, 0.090129, 0.001432, 0.027967, 0.00065, 0.027829, 0.000489, 0.000161, 0.000356, 0.027705, 0.000682, 0.025078, 0.00015, 0.028385, 0.000201, 0.02924, 0.000172, 0.032333, 0.000317, 0.034877, 0.000345, 0.018213, 0.00104, 0.045544, 0.000243, 3.7e-05, 0.000392, 0.024003, 0.000313, 0.025296, 0.000328, 0.028119, 0.000182, 0.006149, 0.000163, 0.006698, 0.000385, 0.107739, 0.00014, 0.0371, 0.000157, 0.074421, 0.000508, 0.0061, 0.000424, 0.005995, 0.001137, 0.014822, 0.000345, 0.000246, 0.000283, 0.030507, 0.000359, 0.005581, 0.000499, 0.000278, 0.000336, 0.132134, 0.001455, 0.000358, 0.001231, 7.4e-05]","[1, -1, 1, -1, 1, -1, 1, -1, 1, -1, 1, -1, 1, -1, 1, -1, 1, -1, 1, -1, 1, -1, 1, -1, 1, -1, 1, -1, 1, -1, 1, -1, 1, -1, 1, -1, 1, -1, 1, -1, 1, -1, 1, -1, 1, -1, 1, -1, 1, -1, 1, -1, 1, -1, 1, -1, 1, -1, 1, -1, 1, -1, 1, -1]"
cloud_gaming,KT_GameBox,/indian-slp/Users/ug/ZEPA/Kritik/net_data/5G_Traffic_Datasets/Game_Streaming/KT_GameBox/KT_GameBox_1.csv,pretrain,0,0.032703,True,0,0,0,5,4,19,0.048392,"[557, 196, 91, 398, 6790, 10000, 10000, 4074, 368, 10000, 10000, 10000, 354]","[0.0, 0.032703, 0.001533, 0.000132, 0.070308, 0.005847, 0.029267, 0.000185, 0.004508, 0.032905, 0.012352, 0.000377, 0.000167]","[1, -1, 1, 1, -1, -1, -1, -1, 1, -1, -1, -1, -1]"
cloud_gaming,KT_GameBox,/indian-slp/Users/ug/ZEPA/Kritik/net_data/5G_Traffic_Datasets/Game_Streaming/KT_GameBox/KT_GameBox_1.csv,pretrain,0,0.066799,True,1,2,0,5,4,19,0.048392,"[60, 48, 40, 552, 40, 40, 40, 40, 40, 40, 40, 40, 40, 40, 40, 40]","[0.0, 0.066799, 0.000157, 0.004206, 0.000407, 0.047191, 0.006983, 0.004885, 0.003208, 0.070894, 0.206263, 29.976655, 0.037072, 29.576378, 0.000811, 1e-05]","[1, -1, 1, 1, -1, 1, 1, -1, -1, 1, 1, -1, 1, -1, 1, -1]"
cloud_gaming,KT_GameBox,/indian-slp/Users/ug/ZEPA/Kritik/net_data/5G_Traffic_Datasets/Game_Streaming/KT_GameBox/KT_GameBox_1.csv,pretrain,0,0.057582,True,1,2,0,5,4,19,0.048392,"[60, 48, 40, 552, 40, 40, 2786, 40, 40, 40, 40, 40, 40, 40, 40, 40, 40, 40]","[0.0, 0.057582, 0.000371, 0.003673, 0.000354, 0.050249, 0.007214, 0.000343, 0.000465, 0.007094, 0.000348, 0.097128, 0.236077, 29.993974, 0.040527, 29.496365, 0.000136, 7e-06]","[1, -1, 1, 1, -1, 1, -1, 1, 1, -1, -1, 1, 1, -1, 1, -1, 1, -1]"
cloud_gaming,KT_GameBox,/indian-slp/Users/ug/ZEPA/Kritik/net_data/5G_Traffic_Datasets/Game_Streaming/KT_GameBox/KT_GameBox_1.csv,pretrain,0,0.04798,True,1,2,0,5,4,19,0.048392,"[60, 48, 40, 552, 40, 40, 1436, 40, 1390, 40, 40, 40, 40, 40, 40, 40, 40, 40, 40, 40]","[0.0, 0.04798, 0.000219, 0.003687, 0.000394, 0.045789, 0.003666, 0.000421, 0.006797, 0.000462, 0.006561, 0.003303, 0.003373, 0.051403, 0.197396, 29.999884, 0.032029, 29.598437, 0.000819, 1.2e-05]","[1, -1, 1, 1, -1, 1, -1, 1, -1, 1, 1, -1, -1, 1, 1, -1, 1, -1, 1, -1]"
cloud_gaming,KT_GameBox,/indian-slp/Users/ug/ZEPA/Kritik/net_data/5G_Traffic_Datasets/Game_Streaming/KT_GameBox/KT_GameBox_1.csv,pretrain,0,0.05251,True,1,2,0,5,4,19,0.048392,"[60, 48, 40, 552, 40, 40, 40, 40, 40, 40, 40, 40, 40, 40, 40]","[0.0, 0.05251, 0.000595, 0.004503, 0.000419, 0.045864, 0.007666, 0.000154, 0.065491, 0.197066, 29.974577, 0.035563, 29.607324, 0.000518, 9e-06]","[1, -1, 1, 1, -1, 1, -1, -1, 1, 1, -1, 1, -1, 1, -1]"
cloud_gaming,KT_GameBox,/indian-slp/Users/ug/ZEPA/Kritik/net_data/5G_Traffic_Datasets/Game_Streaming/KT_GameBox/KT_GameBox_1.csv,pretrain,0,0.0,False,0,2,0,5,4,19,0.048392,"[40, 40, 40, 40, 40]","[0.0, 0.039368, 29.676566, 0.000143, 7e-06]","[-1, 1, -1, 1, -1]"
cloud_gaming,KT_GameBox,/indian-slp/Users/ug/ZEPA/Kritik/net_data/5G_Traffic_Datasets/Game_Streaming/KT_GameBox/KT_GameBox_1.csv,pretrain,0,0.067084,True,1,2,0,5,4,19,0.048392,"[60, 48, 40, 552, 40, 40, 40, 40, 40, 40, 40, 40, 40, 40, 40, 40]","[0.0, 0.067084, 0.000317, 0.005015, 0.00026, 0.000583, 0.05659, 0.003443, 0.003531, 0.092583, 0.159574, 29.980435, 0.049793, 29.578275, 0.000657, 1.1e-05]","[1, -1, 1, 1, -1, -1, 1, -1, -1, 1, 1, -1, 1, -1, 1, -1]"
cloud_gaming,KT_GameBox,/indian-slp/Users/ug/ZEPA/Kritik/net_data/5G_Traffic_Datasets/Game_Streaming/KT_GameBox/KT_GameBox_1.csv,pretrain,0,0.032408,True,1,2,0,5,4,19,0.048392,"[60, 48, 40, 40, 40, 40, 40, 40, 40, 40, 40, 40, 40, 40]","[0.0, 0.032408, 0.000311, 0.004458, 0.026116, 0.003085, 0.004564, 0.071994, 0.156838, 29.994348, 0.03983, 29.656472, 0.000348, 9e-06]","[1, -1, 1, -1, 1, -1, -1, 1, 1, -1, 1, -1, 1, -1]"
cloud_gaming,KT_GameBox,/indian-slp/Users/ug/ZEPA/Kritik/net_data/5G_Traffic_Datasets/Game_Streaming/KT_GameBox/KT_GameBox_1.csv,pretrain,0,0.0,False,0,2,0,5,4,19,0.048392,"[40, 40, 40, 40, 40]","[0.0, 0.037164, 29.699935, 0.000395, 6e-06]","[-1, 1, -1, 1, -1]"
cloud_gaming,KT_GameBox,/indian-slp/Users/ug/ZEPA/Kritik/net_data/5G_Traffic_Datasets/Game_Streaming/KT_GameBox/KT_GameBox_1.csv,pretrain,0,0.027741,True,1,2,0,5,4,19,0.048392,"[60, 48, 40, 40, 40, 40, 40, 40, 40, 40, 40, 40, 40, 40, 40]","[0.0, 0.027741, 0.000395, 0.004398, 0.034445, 0.007655, 0.004444, 0.002005, 0.060083, 0.207048, 29.9956, 0.035934, 29.605252, 6.9e-05, 3e-06]","[1, -1, 1, -1, 1, 1, -1, -1, 1, 1, -1, 1, -1, 1, -1]"
cloud_gaming,KT_GameBox,/indian-slp/Users/ug/ZEPA/Kritik/net_data/5G_Traffic_Datasets/Game_Streaming/KT_GameBox/KT_GameBox_1.csv,pretrain,0,0.026382,True,1,2,0,5,4,19,0.048392,"[60, 48, 40, 40, 40, 2786, 40, 40, 40, 40, 40, 40, 40, 40, 40, 40, 40]","[0.0, 0.026382, 0.000137, 0.002675, 0.024273, 3.3e-05, 0.000268, 0.017384, 0.003025, 0.000626, 0.068079, 0.145839, 29.999776, 0.034447, 29.682795, 7.8e-05, 5e-06]","[1, -1, 1, -1, 1, -1, 1, 1, -1, -1, 1, 1, -1, 1, -1, 1, -1]"
cloud_gaming,KT_GameBox,/indian-slp/Users/ug/ZEPA/Kritik/net_data/5G_Traffic_Datasets/Game_Streaming/KT_GameBox/KT_GameBox_1.csv,pretrain,0,0.031623,True,0,0,0,5,4,19,0.048392,"[64, 45, 1390, 998, 104, 795, 502, 762]","[0.0, 0.047915, 0.031623, 0.019154, 0.005676, 0.000283, 0.049442, 0.156353]","[1, 1, -1, -1, 1, 1, -1, -1]"
cloud_gaming,KT_GameBox,/indian-slp/Users/ug/ZEPA/Kritik/net_data/5G_Traffic_Datasets/Game_Streaming/KT_GameBox/KT_GameBox_10.csv,pretrain,0,0.025275,True,1,0,0,5,4,16,0.050918,"[60, 48, 40, 40, 40, 1390, 40, 1436, 40, 1390, 40, 40, 40, 40, 40, 40, 40, 40, 40, 40]","[0.0, 0.025275, 0.000122, 0.001388, 0.024907, 0.015808, 0.000283, 1.7e-05, 0.000155, 9.3e-05, 0.000155, 0.001874, 0.001656, 0.000103, 0.02717, 0.214295, 4.612839, 0.200563, 0.072213, 0.053689]","[1, -1, 1, -1, 1, -1, 1, -1, 1, -1, 1, 1, -1, -1, 1, 1, -1, 1, -1, 1]"
cloud_gaming,KT_GameBox,/indian-slp/Users/ug/ZEPA/Kritik/net_data/5G_Traffic_Datasets/Game_Streaming/KT_GameBox/KT_GameBox_10.csv,pretrain,0,0.030241,True,0,0,0,5,4,16,0.050918,"[557, 1390, 5079, 104, 293, 263, 279, 209, 118, 111, 169, 630]","[0.0, 0.030241, 0.010492, 0.002058, 0.000138, 0.025861, 0.0059, 0.014122, 0.001544, 0.036559, 0.002618, 0.000316]","[1, -1, -1, 1, 1, -1, -1, -1, 1, -1, 1, 1]"
cloud_gaming,KT_GameBox,/indian-slp/Users/ug/ZEPA/Kritik/net_data/5G_Traffic_Datasets/Game_Streaming/KT_GameBox/KT_GameBox_10.csv,pretrain,0,0.02138,True,1,0,0,5,4,16,0.050918,"[60, 48, 40, 40, 40, 40, 40, 40, 40, 40, 40, 40]","[0.0, 0.02138, 0.000135, 0.001541, 0.030115, 0.01042, 0.002046, 7.5e-05, 0.03208, 0.015418, 0.039327, 9.7e-05]","[1, -1, 1, -1, 1, 1, -1, -1, 1, -1, -1, -1]"
cloud_gaming,KT_GameBox,/indian-slp/Users/ug/ZEPA/Kritik/net_data/5G_Traffic_Datasets/Game_Streaming/KT_GameBox/KT_GameBox_10.csv,pretrain,0,0.02445,True,0,0,0,5,4,16,0.050918,"[561, 1390, 998, 104, 795, 279, 279, 762, 763, 804, 763, 779]","[0.0, 0.02445, 0.017155, 0.001866, 0.001736, 0.019763, 0.005366, 0.176984, 4.652042, 0.200499, 0.072353, 0.053555]","[1, -1, -1, 1, 1, -1, -1, -1, 1, -1, 1, -1]"
cloud_gaming,KT_GameBox,/indian-slp/Users/ug/ZEPA/Kritik/net_data/5G_Traffic_Datasets/Game_Streaming/KT_GameBox/KT_GameBox_10.csv,pretrain,0,0.0,False,5,0,0,1,1,1,0.032983,"[60, 60, 60, 60, 60]","[0.0, 1.998265, 3.999589, 8.320053, 16.00049]","[1, 1, 1, 1, 1]"
cloud_gaming,KT_GameBox,/indian-slp/Users/ug/ZEPA/Kritik/net_data/5G_Traffic_Datasets/Game_Streaming/KT_GameBox/KT_GameBox_10.csv,pretrain,0,0.020138,True,1,0,0,5,4,16,0.050918,"[60, 48, 40, 40, 40, 40, 40, 10000, 3580, 40, 1390, 40, 10000, 40, 5440, 1390, 40, 40, 1390, 10000, 40, 10000, 40, 40, 190, 1390, 40, 1390, 40]","[0.0, 0.020138, 0.000305, 0.002372, 0.033984, 0.002158, 8.6e-05, 0.038282, 0.000438, 0.000182, 0.023466, 0.009992, 0.002682, 0.000387, 0.017495, 0.005681, 0.000517, 0.023723, 0.033751, 0.006241, 0.000236, 0.000284, 0.000167, 0.000392, 4.4e-05, 0.024979, 0.000696, 0.002152, 0.008118]","[1, -1, 1, -1, 1, -1, -1, -1, -1, 1, -1, 1, -1, 1, -1, -1, 1, -1, -1, -1, 1, -1, 1, 1, -1, -1, 1, -1, 1]"
cloud_gaming,KT_GameBox,/indian-slp/Users/ug/ZEPA/Kritik/net_data/5G_Traffic_Datasets/Game_Streaming/KT_GameBox/KT_GameBox_10.csv,pretrain,0,0.034665,True,0,0,0,5,4,16,0.050918,"[64, 561, 4136, 2348, 104, 795, 518, 762]","[0.0, 0.041615, 0.034665, 0.006967, 0.002963, 0.00096, 0.038901, 0.176032]","[1, 1, -1, -1, 1, 1, -1, -1]"
cloud_gaming,KT_GameBox,/indian-slp/Users/ug/ZEPA/Kritik/net_data/5G_Traffic_Datasets/Game_Streaming/KT_GameBox/KT_GameBox_10.csv,pretrain,0,0.042415,True,0,0,0,5,4,16,0.050918,"[64, 557, 6444, 104, 795, 502, 762]","[0.0, 0.036553, 0.042415, 0.004929, 0.000967, 0.032051, 0.174735]","[1, 1, -1, 1, 1, -1, -1]"
cloud_gaming,KT_GameBox,/indian-slp/Users/ug/ZEPA/Kritik/net_data/5G_Traffic_Datasets/Game_Streaming/KT_GameBox/KT_GameBox_10.csv,pretrain,0,0.031285,True,0,0,0,5,4,16,0.050918,"[64, 557, 2740, 3744, 104, 795, 263, 279, 762]","[0.0, 0.051552, 0.031285, 0.005835, 0.004167, 0.000335, 0.028085, 0.003478, 0.195085]","[1, 1, -1, -1, 1, 1, -1, -1, -1]"
cloud_gaming,KT_GameBox,/indian-slp/Users/ug/ZEPA/Kritik/net_data/5G_Traffic_Datasets/Game_Streaming/KT_GameBox/KT_GameBox_10.csv,pretrain,0,0.029568,True,0,0,0,5,4,16,0.050918,"[64, 561, 1390, 2394, 104, 795, 502, 762]","[0.0, 0.047529, 0.029568, 0.011844, 0.003233, 0.001432, 0.040153, 0.162088]","[1, 1, -1, -1, 1, 1, -1, -1]"
cloud_gaming,KT_GameBox,/indian-slp/Users/ug/ZEPA/Kritik/net_data/5G_Traffic_Datasets/Game_Streaming/KT_GameBox/KT_GameBox_10.csv,pretrain,0,0.033102,True,0,0,0,5,4,16,0.050918,"[64, 561, 1390, 5094, 104, 795, 518, 762]","[0.0, 0.047728, 0.033102, 0.006947, 0.004196, 0.001781, 0.035228, 0.152136]","[1, 1, -1, -1, 1, 1, -1, -1]"
cloud_gaming,KT_GameBox,/indian-slp/Users/ug/ZEPA/Kritik/net_data/5G_Traffic_Datasets/Game_Streaming/KT_GameBox/KT_GameBox_10.csv,pretrain,0,0.033583,True,0,0,0,5,4,16,0.050918,"[64, 561, 265, 104, 795, 263, 762]","[0.0, 0.057517, 0.033583, 0.004234, 0.001073, 0.023901, 0.254843]","[1, 1, -1, 1, 1, -1, -1]"
cloud_gaming,KT_GameBox,/indian-slp/Users/ug/ZEPA/Kritik/net_data/5G_Traffic_Datasets/Game_Streaming/KT_GameBox/KT_GameBox_10.csv,pretrain,0,0.040785,True,1,0,0,5,4,16,0.050918,"[60, 48, 40, 40, 40, 40, 40, 40, 40]","[0.0, 0.040785, 0.000291, 0.00326, 0.03048, 0.003676, 0.000824, 0.065421, 0.122028]","[1, -1, 1, -1, 1, -1, -1, 1, 1]"
cloud_gaming,KT_GameBox,/indian-slp/Users/ug/ZEPA/Kritik/net_data/5G_Traffic_Datasets/Game_Streaming/KT_GameBox/KT_GameBox_10.csv,pretrain,0,0.030968,True,0,0,0,5,4,16,0.050918,"[64, 561, 265, 104, 795, 279, 762]","[0.0, 0.053058, 0.030968, 0.00379, 0.000963, 0.030814, 0.156637]","[1, 1, -1, 1, 1, -1, -1]"
cloud_gaming,KT_GameBox,/indian-slp/Users/ug/ZEPA/Kritik/net_data/5G_Traffic_Datasets/Game_Streaming/KT_GameBox/KT_GameBox_10.csv,pretrain,0,0.028311,True,1,0,0,5,4,16,0.050918,"[60, 48, 40, 40, 40, 40, 40, 40, 40]","[0.0, 0.028311, 0.000364, 0.003334, 0.052092, 0.003798, 0.000166, 0.06083, 0.190752]","[1, -1, 1, -1, 1, -1, -1, 1, 1]"
cloud_gaming,KT_GameBox,/indian-slp/Users/ug/ZEPA/Kritik/net_data/5G_Traffic_Datasets/Game_Streaming/KT_GameBox/KT_GameBox_10.csv,pretrain,0,0.052235,True,0,0,0,5,4,16,0.050918,"[64, 557, 265, 104, 795, 279, 762]","[0.0, 0.038125, 0.052235, 0.004145, 0.000289, 0.026996, 0.223923]","[1, 1, -1, 1, 1, -1, -1]"
cloud_gaming,KT_GameBox,/indian-slp/Users/ug/ZEPA/Kritik/net_data/5G_Traffic_Datasets/Game_Streaming/KT_GameBox/KT_GameBox_10.csv,pretrain,3,0.030408,True,0,0,0,5,4,16,0.050918,"[68, 168, 68, 168, 78, 78, 408, 244, 67, 397]","[0.0, 0.030408, 0.045176, 0.033479, 5.027951, 0.004881, 0.046981, 0.004701, 0.103109, 0.039819]","[1, -1, 1, -1, 1, 1, -1, -1, 1, -1]"
cloud_gaming,KT_GameBox,/indian-slp/Users/ug/ZEPA/Kritik/net_data/5G_Traffic_Datasets/Game_Streaming/KT_GameBox/KT_GameBox_10.csv,pretrain,0,0.032568,True,1,0,0,5,4,16,0.050918,"[60, 48, 40, 1064, 308, 40, 90, 40, 40, 40, 40, 40, 40, 40, 40, 40, 40, 40, 40, 40, 40, 40, 40, 40, 40, 40, 40, 40, 40, 40, 40, 40, 40, 40, 40, 40, 40, 40, 40, 40, 40, 40, 40, 40, 40, 40, 40, 40, 40, 40, 40, 40, 40, 40, 40, 40, 40, 40, 40, 40, 40, 40, 40, 40]","[0.0, 0.032568, 0.000353, 0.001691, 0.000135, 0.000101, 0.025277, 0.000465, 0.000779, 0.031335, 0.000832, 0.052694, 0.036382, 0.000125, 0.034973, 0.079489, 0.093661, 0.105757, 0.028804, 0.000177, 0.025314, 5.7e-05, 0.03032, 0.065905, 0.028612, 0.201273, 0.036745, 8.015879, 0.032779, 2.003278, 0.038305, 6.211711, 0.027593, 3.806717, 0.025661, 4.408378, 0.035374, 5.609318, 0.045223, 2.606921, 0.028647, 7.413856, 0.039356, 0.801533, 0.037505, 8.216405, 0.0305, 1.004324, 0.047809, 6.721603, 0.000458, 0.600263, 0.066409, 2.572549, 0.035577, 5.610179, 0.033401, 4.407706, 0.042871, 2.901759, 0.000155, 1.001661, 0.072882, 6.173695]","[1, -1, 1, 1, 1, -1, -1, 1, -1, 1, -1, -1, -1, -1, -1, 1, 1, -1, 1, -1, -1, -1, -1, 1, 1, -1, 1, -1, 1, -1, 1, -1, 1, -1, 1, -1, 1, -1, 1, -1, 1, -1, 1, -1, 1, -1, 1, -1, 1, 1, -1, -1, 1, -1, 1, -1, 1, -1, 1, 1, -1, -1, 1, -1]"
cloud_gaming,KT_GameBox,/indian-slp/Users/ug/ZEPA/Kritik/net_data/5G_Traffic_Datasets/Game_Streaming/KT_GameBox/KT_GameBox_10.csv,pretrain,3,0.026863,True,0,0,0,5,4,16,0.050918,"[239, 1390, 350, 366, 274, 194, 146, 386, 242, 178, 162, 162, 306, 226, 210, 162, 178, 178, 284, 162, 178, 268, 162, 226, 162, 146, 146, 226, 162, 146, 146, 226, 162, 146, 146, 226, 162, 146, 146, 226, 162, 146, 146, 146, 146, 226, 162, 242, 162, 146, 146, 226, 162, 146, 146, 226, 162, 242, 162, 146, 146, 1449, 226, 162]","[0.0, 0.026863, 0.004152, 0.001196, 0.052194, 0.000489, 0.026688, 0.009641, 0.000232, 0.034146, 0.00075, 0.039854, 0.133129, 0.105901, 0.028679, 0.000364, 0.024793, 0.000495, 0.000129, 0.029987, 0.000284, 0.032051, 0.062138, 0.201462, 0.036484, 8.016127, 0.032056, 2.004093, 0.037826, 6.212115, 0.027351, 3.806967, 0.025469, 4.408576, 0.033938, 5.610756, 0.044301, 2.606947, 0.029286, 7.414114, 0.039071, 0.801816, 0.03707, 8.216862, 0.03025, 1.004563, 0.046781, 6.720832, 0.001996, 0.600398, 0.033781, 2.605331, 0.034818, 5.610636, 0.032905, 4.4085, 0.041536, 2.902011, 0.001248, 1.001609, 0.035993, 0.771012, 5.439584, 0.036996]","[1, -1, -1, 1, -1, 1, -1, 1, 1, -1, 1, -1, -1, 1, -1, 1, -1, 1, 1, -1, 1, -1, -1, 1, -1, 1, -1, 1, -1, 1, -1, 1, -1, 1, -1, 1, -1, 1, -1, 1, -1, 1, -1, 1, -1, 1, -1, -1, 1, 1, -1, 1, -1, 1, -1, 1, -1, -1, 1, 1, -1, -1, 1, -1]"
cloud_gaming,KT_GameBox,/indian-slp/Users/ug/ZEPA/Kritik/net_data/5G_Traffic_Datasets/Game_Streaming/KT_GameBox/KT_GameBox_10.csv,pretrain,0,0.033791,True,0,0,0,5,4,16,0.050918,"[557, 196, 91, 398, 6790, 6280, 9984, 368, 10000, 10000, 10000, 534]","[0.0, 0.033791, 0.002472, 0.000164, 0.071288, 0.003981, 0.038207, 0.009146, 0.040539, 0.000452, 0.000162, 0.035898]","[1, -1, 1, 1, -1, -1, -1, 1, -1, -1, -1, -1]"
cloud_gaming,KT_GameBox,/indian-slp/Users/ug/ZEPA/Kritik/net_data/5G_Traffic_Datasets/Game_Streaming/KT_GameBox/KT_GameBox_10.csv,pretrain,1,0.029462,True,0,0,0,5,4,16,0.050918,"[46, 56, 52, 1300, 40, 52, 1300, 1300, 1300, 1300, 1300, 1300, 1300, 1300, 1300, 1300, 1300, 1300, 1300, 1300, 1300, 1300, 1300, 1300, 1300, 1300, 1300, 1300, 1300, 1300, 1300, 1300, 1300, 1300, 1300, 1300, 1300, 1300, 1300, 1300, 1300, 1300, 1300, 1300, 1300, 1300, 1300, 1300, 1300, 1300, 1300, 1300, 1300, 1300, 1300, 52, 1300, 1300, 1300, 1300, 1300, 1300, 1300, 1300]","[0.0, 0.029462, 0.005763, 0.089665, 0.000479, 7.9e-05, 0.005829, 0.000241, 0.000125, 0.000132, 0.000118, 0.000118, 0.000234, 0.000114, 0.000106, 0.005326, 0.000995, 0.000146, 0.000109, 0.000107, 0.000117, 0.000104, 0.000104, 0.000115, 0.00012, 0.000104, 0.000116, 0.000109, 0.00011, 0.000115, 0.000108, 0.000104, 0.000116, 0.00018, 0.00025, 0.000119, 0.000106, 0.000152, 0.000224, 0.000109, 0.00018, 0.001455, 0.000131, 0.000106, 0.000104, 0.000118, 0.000105, 0.000106, 0.000112, 0.000164, 0.000155, 0.000238, 0.000105, 0.000104, 0.000114, 9e-05, 0.000678, 0.000195, 0.000133, 0.000112, 0.000104, 0.000116, 0.000116, 0.000107]","[1, -1, 1, -1, 1, 1, -1, -1, -1, -1, -1, -1, -1, -1, -1, -1, -1, -1, -1, -1, -1, -1, -1, -1, -1, -1, -1, -1, -1, -1, -1, -1, -1, -1, -1, -1, -1, -1, -1, -1, -1, -1, -1, -1, -1, -1, -1, -1, -1, -1, -1, -1, -1, -1, -1, 1, -1, -1, -1, -1, -1, -1, -1, -1]"
cloud_gaming,KT_GameBox,/indian-slp/Users/ug/ZEPA/Kritik/net_data/5G_Traffic_Datasets/Game_Streaming/KT_GameBox/KT_GameBox_10.csv,pretrain,0,0.02265,True,1,0,0,5,4,16,0.050918,"[60, 48, 40, 2740, 40, 4090, 40, 1390, 40, 8140, 40, 4372, 40, 5440, 40, 2740, 40, 145, 40, 1390, 40, 1390, 40, 1449, 40, 4149, 40, 8140, 40, 145, 40, 2740, 40, 1449, 40, 8245, 40, 4149, 40, 4149, 40, 8245, 40, 4149, 40, 1390, 40, 6895, 40, 1390, 40, 1390, 40, 1449, 40, 4149, 40, 1390, 40, 4090, 40, 2845, 40, 2740]","[0.0, 0.02265, 0.000346, 0.073179, 0.000582, 0.023679, 0.000499, 0.007804, 0.001416, 0.015371, 0.000567, 0.024562, 0.000307, 0.013501, 0.000354, 6.1e-05, 0.00014, 0.005257, 0.000198, 0.017797, 8.6e-05, 0.005859, 0.000167, 0.006211, 0.000178, 0.039675, 0.000431, 0.019509, 0.000486, 5.7e-05, 0.003609, 0.014928, 0.000403, 0.005225, 0.000588, 0.032795, 0.000673, 0.026031, 0.001064, 0.034, 0.000276, 0.038904, 0.000648, 0.019277, 0.000233, 0.023206, 0.00024, 0.006208, 0.000254, 0.018333, 0.000295, 0.008762, 0.00042, 0.002934, 0.000414, 0.029072, 0.000431, 0.023112, 0.000498, 0.00598, 0.00033, 5.7e-05, 0.000273, 0.02055]","[1, -1, 1, -1, 1, -1, 1, -1, 1, -1, 1, -1, 1, -1, 1, -1, 1, -1, 1, -1, 1, -1, 1, -1, 1, -1, 1, -1, 1, -1, 1, -1, 1, -1, 1, -1, 1, -1, 1, -1, 1, -1, 1, -1, 1, -1, 1, -1, 1, -1, 1, -1, 1, -1, 1, -1, 1, -1, 1, -1, 1, -1, 1, -1]"
cloud_gaming,KT_GameBox,/indian-slp/Users/ug/ZEPA/Kritik/net_data/5G_Traffic_Datasets/Game_Streaming/KT_GameBox/KT_GameBox_10.csv,pretrain,0,0.0,False,0,2,0,5,4,16,0.050918,"[40, 40, 40, 40, 40]","[0.0, 0.039728, 24.824322, 0.002048, 2.1e-05]","[-1, 1, -1, 1, -1]"
cloud_gaming,KT_GameBox,/indian-slp/Users/ug/ZEPA/Kritik/net_data/5G_Traffic_Datasets/Game_Streaming/KT_GameBox/KT_GameBox_10.csv,pretrain,0,0.028383,True,1,2,0,5,4,16,0.050918,"[60, 48, 40, 40, 40, 40, 40, 40, 40, 40, 40, 40, 40, 40, 40]","[0.0, 0.028383, 0.000379, 0.002656, 0.034911, 0.006634, 0.003176, 0.000821, 0.078542, 0.136456, 29.989858, 0.033631, 29.676846, 0.000171, 8e-06]","[1, -1, 1, -1, 1, 1, -1, -1, 1, 1, -1, 1, -1, 1, -1]"
cloud_gaming,KT_GameBox,/indian-slp/Users/ug/ZEPA/Kritik/net_data/5G_Traffic_Datasets/Game_Streaming/KT_GameBox/KT_GameBox_10.csv,pretrain,0,0.024913,True,1,2,0,5,4,16,0.050918,"[60, 48, 40, 40, 40, 40, 40, 40, 40, 40, 40, 40, 40, 40]","[0.0, 0.024913, 0.000349, 0.003517, 0.042567, 0.005179, 0.000541, 0.068043, 0.138629, 29.987766, 0.033352, 29.693859, 0.000152, 8e-06]","[1, -1, 1, -1, 1, -1, -1, 1, 1, -1, 1, -1, 1, -1]"
cloud_gaming,KT_GameBox,/indian-slp/Users/ug/ZEPA/Kritik/net_data/5G_Traffic_Datasets/Game_Streaming/KT_GameBox/KT_GameBox_10.csv,pretrain,0,0.035689,True,1,2,0,5,4,16,0.050918,"[60, 48, 40, 40, 40, 40, 40, 40, 40, 40, 40, 40, 40, 40, 40]","[0.0, 0.035689, 0.000432, 0.002859, 0.031253, 0.005639, 0.004178, 0.000184, 0.032495, 0.232886, 29.966215, 0.03232, 29.646457, 0.00018, 2e-05]","[1, -1, 1, -1, 1, 1, -1, -1, 1, 1, -1, 1, -1, 1, -1]"
cloud_gaming,KT_GameBox,/indian-slp/Users/ug/ZEPA/Kritik/net_data/5G_Traffic_Datasets/Game_Streaming/KT_GameBox/KT_GameBox_10.csv,pretrain,0,0.028855,True,1,2,0,5,4,16,0.050918,"[60, 48, 40, 40, 40, 1390, 40, 1390, 40, 40, 40, 40, 40, 40, 40, 40, 40, 40, 40]","[0.0, 0.028855, 0.000346, 0.003225, 0.029619, 0.005158, 0.00115, 0.004861, 0.000219, 0.000127, 0.003278, 0.00136, 0.081025, 0.12631, 29.998267, 0.033502, 29.666649, 0.000135, 6e-06]","[1, -1, 1, -1, 1, -1, 1, -1, 1, 1, -1, -1, 1, 1, -1, 1, -1, 1, -1]"
cloud_gaming,KT_GameBox,/indian-slp/Users/ug/ZEPA/Kritik/net_data/5G_Traffic_Datasets/Game_Streaming/KT_GameBox/KT_GameBox_10.csv,pretrain,0,0.030278,True,1,2,0,5,4,16,0.050918,"[60, 48, 40, 40, 40, 40, 40, 40, 40, 40, 40, 40, 40, 40, 40]","[0.0, 0.030278, 0.00029, 0.003586, 0.033272, 0.006585, 0.005492, 0.001098, 0.069269, 0.119333, 29.996689, 0.033971, 29.695468, 0.001682, 2.7e-05]","[1, -1, 1, -1, 1, 1, -1, -1, 1, 1, -1, 1, -1, 1, -1]"
cloud_gaming,KT_GameBox,/indian-slp/Users/ug/ZEPA/Kritik/net_data/5G_Traffic_Datasets/Game_Streaming/KT_GameBox/KT_GameBox_10.csv,pretrain,0,0.040255,True,1,2,0,5,4,16,0.050918,"[60, 48, 40, 40, 40, 40, 40, 40, 40, 40, 40, 40, 40, 40]","[0.0, 0.040255, 0.000253, 0.003798, 0.033405, 0.004102, 0.000932, 0.057607, 0.221126, 29.991057, 0.037683, 29.596271, 0.000271, 7e-06]","[1, -1, 1, -1, 1, -1, -1, 1, 1, -1, 1, -1, 1, -1]"
cloud_gaming,KT_GameBox,/indian-slp/Users/ug/ZEPA/Kritik/net_data/5G_Traffic_Datasets/Game_Streaming/KT_GameBox/KT_GameBox_10.csv,pretrain,0,0.0,False,0,2,0,5,4,16,0.050918,"[40, 40, 40, 40, 40]","[0.0, 0.033885, 29.694593, 0.000219, 9e-06]","[-1, 1, -1, 1, -1]"
cloud_gaming,KT_GameBox,/indian-slp/Users/ug/ZEPA/Kritik/net_data/5G_Traffic_Datasets/Game_Streaming/KT_GameBox/KT_GameBox_10.csv,pretrain,0,0.0,False,0,2,0,5,4,16,0.050918,"[40, 40, 40, 40, 40]","[0.0, 0.036946, 29.602855, 0.000186, 8e-06]","[-1, 1, -1, 1, -1]"
cloud_gaming,KT_GameBox,/indian-slp/Users/ug/ZEPA/Kritik/net_data/5G_Traffic_Datasets/Game_Streaming/KT_GameBox/KT_GameBox_10.csv,pretrain,0,0.032471,True,0,0,0,5,4,16,0.050918,"[64, 561, 265, 104, 795, 263, 762]","[0.0, 0.050115, 0.032471, 0.004702, 0.000358, 0.031211, 0.175922]","[1, 1, -1, 1, 1, -1, -1]"
cloud_gaming,KT_GameBox,/indian-slp/Users/ug/ZEPA/Kritik/net_data/5G_Traffic_Datasets/Game_Streaming/KT_GameBox/KT_GameBox_10.csv,pretrain,0,0.035497,True,1,0,0,5,4,16,0.050918,"[60, 48, 40, 40, 40, 40, 40, 40, 40]","[0.0, 0.035497, 0.000283, 0.003118, 0.032774, 0.004261, 0.000192, 0.068812, 0.138469]","[1, -1, 1, -1, 1, -1, -1, 1, 1]"
cloud_gaming,KT_GameBox,/indian-slp/Users/ug/ZEPA/Kritik/net_data/5G_Traffic_Datasets/Game_Streaming/KT_GameBox/KT_GameBox_2.csv,test,0,0.027479,True,0,0,0,5,4,16,0.04931,"[557, 1390, 998, 104, 795, 502, 762, 763, 804, 763, 779]","[0.0, 0.027479, 0.000432, 0.002706, 0.000737, 0.029183, 0.147043, 4.669853, 0.121501, 0.599952, 0.063767]","[1, -1, -1, 1, 1, -1, -1, 1, -1, 1, -1]"
cloud_gaming,KT_GameBox,/indian-slp/Users/ug/ZEPA/Kritik/net_data/5G_Traffic_Datasets/Game_Streaming/KT_GameBox/KT_GameBox_2.csv,test,0,0.030672,True,0,0,0,5,4,16,0.04931,"[557, 6429, 104, 293, 502, 209, 118, 111, 169, 630]","[0.0, 0.030672, 0.004176, 0.000219, 0.026223, 0.012779, 0.008405, 0.036322, 0.024208, 0.004285]","[1, -1, 1, 1, -1, -1, 1, -1, 1, 1]"
cloud_gaming,KT_GameBox,/indian-slp/Users/ug/ZEPA/Kritik/net_data/5G_Traffic_Datasets/Game_Streaming/KT_GameBox/KT_GameBox_2.csv,test,0,0.020679,True,1,0,0,5,4,16,0.04931,"[60, 48, 40, 40, 40, 40, 40, 40, 40, 40, 40]","[0.0, 0.020679, 8.5e-05, 0.001799, 0.034564, 0.000134, 0.000107, 0.046707, 0.000743, 0.060617, 0.004209]","[1, -1, 1, -1, 1, -1, -1, 1, -1, -1, -1]"
cloud_gaming,KT_GameBox,/indian-slp/Users/ug/ZEPA/Kritik/net_data/5G_Traffic_Datasets/Game_Streaming/KT_GameBox/KT_GameBox_2.csv,test,0,0.0,False,5,0,0,1,1,1,0.033161,"[60, 60, 60, 60, 60]","[0.0, 1.995573, 4.001053, 8.159037, 15.999942]","[1, 1, 1, 1, 1]"
cloud_gaming,KT_GameBox,/indian-slp/Users/ug/ZEPA/Kritik/net_data/5G_Traffic_Datasets/Game_Streaming/KT_GameBox/KT_GameBox_2.csv,test,0,0.036168,True,1,0,0,5,4,16,0.04931,"[60, 48, 40, 40, 40, 40, 40, 40, 10000, 6280, 40, 40, 5770, 4090, 40, 2740, 40, 40, 10000, 40, 10000, 40, 3400, 40, 2740, 40]","[0.0, 0.036168, 0.002068, 0.000321, 0.030937, 0.005524, 0.005931, 0.02675, 0.044665, 0.000427, 0.000173, 0.036655, 0.000318, 0.005851, 0.000214, 0.005072, 0.029003, 0.020731, 0.043307, 0.00045, 5.2e-05, 0.000199, 3.6e-05, 0.010797, 0.013922, 0.006463]","[1, -1, 1, -1, 1, 1, -1, -1, -1, -1, 1, 1, -1, -1, 1, -1, 1, -1, -1, 1, -1, 1, -1, 1, -1, 1]"
cloud_gaming,KT_GameBox,/indian-slp/Users/ug/ZEPA/Kritik/net_data/5G_Traffic_Datasets/Game_Streaming/KT_GameBox/KT_GameBox_2.csv,test,0,0.059563,True,1,0,0,5,4,16,0.04931,"[60, 48, 40, 552, 40, 40, 40, 40, 40, 40, 40]","[0.0, 0.059563, 0.000176, 0.002343, 0.000339, 0.041711, 0.008665, 0.000131, 0.000119, 0.070655, 0.112146]","[1, -1, 1, 1, -1, 1, 1, -1, -1, 1, 1]"
cloud_gaming,KT_GameBox,/indian-slp/Users/ug/ZEPA/Kritik/net_data/5G_Traffic_Datasets/Game_Streaming/KT_GameBox/KT_GameBox_2.csv,test,0,0.040716,True,0,0,0,5,4,16,0.04931,"[64, 45, 4136, 2348, 104, 795, 486, 762]","[0.0, 0.069102, 0.040716, 0.005858, 0.004014, 0.000216, 0.025876, 0.156416]","[1, 1, -1, -1, 1, 1, -1, -1]"
cloud_gaming,KT_GameBox,/indian-slp/Users/ug/ZEPA/Kritik/net_data/5G_Traffic_Datasets/Game_Streaming/KT_GameBox/KT_GameBox_2.csv,test,0,0.052277,True,0,0,0,5,4,16,0.04931,"[64, 45, 6444, 104, 795, 502, 762]","[0.0, 0.037986, 0.052277, 0.007725, 0.001838, 0.032273, 0.13373]","[1, 1, -1, 1, 1, -1, -1]"
cloud_gaming,KT_GameBox,/indian-slp/Users/ug/ZEPA/Kritik/net_data/5G_Traffic_Datasets/Game_Streaming/KT_GameBox/KT_GameBox_2.csv,test,0,0.045858,True,0,0,0,5,4,16,0.04931,"[64, 45, 6444, 104, 795, 486, 762]","[0.0, 0.058994, 0.045858, 0.006346, 0.000356, 0.030331, 0.14667]","[1, 1, -1, 1, 1, -1, -1]"
cloud_gaming,KT_GameBox,/indian-slp/Users/ug/ZEPA/Kritik/net_data/5G_Traffic_Datasets/Game_Streaming/KT_GameBox/KT_GameBox_2.csv,test,0,0.041242,True,0,0,0,5,4,16,0.04931,"[64, 45, 4136, 2348, 104, 795, 502, 762]","[0.0, 0.061048, 0.041242, 0.005929, 0.002165, 0.001213, 0.038239, 0.151257]","[1, 1, -1, -1, 1, 1, -1, -1]"
cloud_gaming,KT_GameBox,/indian-slp/Users/ug/ZEPA/Kritik/net_data/5G_Traffic_Datasets/Game_Streaming/KT_GameBox/KT_GameBox_2.csv,test,0,0.04115,True,1,0,0,5,4,16,0.04931,"[60, 48, 40, 552, 40, 40, 40, 40, 40, 40]","[0.0, 0.04115, 0.000154, 0.00283, 0.000418, 0.093779, 0.007325, 0.000314, 0.060472, 0.121265]","[1, -1, 1, 1, -1, 1, -1, -1, 1, 1]"
cloud_gaming,KT_GameBox,/indian-slp/Users/ug/ZEPA/Kritik/net_data/5G_Traffic_Datasets/Game_Streaming/KT_GameBox/KT_GameBox_2.csv,test,0,0.093798,True,0,0,0,5,4,16,0.04931,"[64, 45, 265, 104, 795, 279, 762]","[0.0, 0.053103, 0.093798, 0.007091, 0.000561, 0.027429, 0.153439]","[1, 1, -1, 1, 1, -1, -1]"
cloud_gaming,KT_GameBox,/indian-slp/Users/ug/ZEPA/Kritik/net_data/5G_Traffic_Datasets/Game_Streaming/KT_GameBox/KT_GameBox_2.csv,test,0,0.057406,True,1,0,0,5,4,16,0.04931,"[60, 48, 40, 552, 40, 40, 40, 40, 40, 40]","[0.0, 0.057406, 0.000301, 0.001778, 0.000271, 0.040598, 0.00172, 0.002167, 0.068969, 0.112615]","[1, -1, 1, 1, -1, 1, -1, -1, 1, 1]"
cloud_gaming,KT_GameBox,/indian-slp/Users/ug/ZEPA/Kritik/net_data/5G_Traffic_Datasets/Game_Streaming/KT_GameBox/KT_GameBox_2.csv,test,0,0.040368,True,0,0,0,5,4,16,0.04931,"[64, 45, 265, 104, 795, 279, 762]","[0.0, 0.066502, 0.040368, 0.00202, 0.002068, 0.031533, 0.149028]","[1, 1, -1, 1, 1, -1, -1]"
cloud_gaming,KT_GameBox,/indian-slp/Users/ug/ZEPA/Kritik/net_data/5G_Traffic_Datasets/Game_Streaming/KT_GameBox/KT_GameBox_2.csv,test,0,0.031787,True,0,0,0,5,4,16,0.04931,"[64, 557, 6444, 104, 795, 486, 762]","[0.0, 0.052812, 0.031787, 0.004821, 0.001923, 0.027913, 0.147926]","[1, 1, -1, 1, 1, -1, -1]"
cloud_gaming,KT_GameBox,/indian-slp/Users/ug/ZEPA/Kritik/net_data/5G_Traffic_Datasets/Game_Streaming/KT_GameBox/KT_GameBox_2.csv,test,0,0.035007,True,0,0,0,5,4,16,0.04931,"[64, 557, 265, 104, 795, 263, 762]","[0.0, 0.035146, 0.035007, 0.003631, 0.000268, 0.024834, 0.147331]","[1, 1, -1, 1, 1, -1, -1]"
cloud_gaming,KT_GameBox,/indian-slp/Users/ug/ZEPA/Kritik/net_data/5G_Traffic_Datasets/Game_Streaming/KT_GameBox/KT_GameBox_2.csv,test,3,0.086104,True,0,0,0,5,4,16,0.04931,"[68, 68, 168, 168, 78, 78, 244, 408, 67, 397]","[0.0, 0.076733, 0.009371, 0.015956, 4.971069, 0.003841, 0.034843, 0.012085, 0.596394, 0.037499]","[1, 1, -1, -1, 1, 1, -1, -1, 1, -1]"
cloud_gaming,KT_GameBox,/indian-slp/Users/ug/ZEPA/Kritik/net_data/5G_Traffic_Datasets/Game_Streaming/KT_GameBox/KT_GameBox_2.csv,test,0,0.025266,True,1,2,0,5,4,16,0.04931,"[60, 48, 40, 40, 40, 2740, 40, 86, 40, 1390, 40, 40, 40, 40, 40, 40, 40, 40, 40, 40, 40, 40, 40, 40, 40]","[0.0, 0.025266, 0.000124, 0.001808, 0.027484, 1.3e-05, 4.4e-05, 9e-06, 2.5e-05, 5e-05, 2.2e-05, 0.000157, 0.00278, 0.00065, 0.069687, 0.106662, 4.670235, 0.121274, 0.59973, 0.064496, 29.990009, 0.036551, 24.408909, 9.5e-05, 3e-06]","[1, -1, 1, -1, 1, -1, 1, -1, 1, -1, 1, 1, -1, -1, 1, 1, -1, 1, -1, 1, -1, 1, -1, 1, -1]"
cloud_gaming,KT_GameBox,/indian-slp/Users/ug/ZEPA/Kritik/net_data/5G_Traffic_Datasets/Game_Streaming/KT_GameBox/KT_GameBox_2.csv,test,0,0.022722,True,1,0,0,5,4,16,0.04931,"[60, 48, 40, 1064, 308, 40, 90, 40, 40, 40, 40, 40, 40, 40, 40, 40, 40, 40, 40, 40, 40, 40, 40, 40, 40, 40, 40, 40, 40, 40, 40, 40, 40, 40, 40, 40, 40, 40, 40, 40, 40, 40, 40, 40, 40, 40, 40, 40, 40, 40, 40, 40, 40, 40, 40, 40, 40, 40, 40, 40, 40, 40, 40, 40]","[0.0, 0.022722, 0.000296, 0.001423, 0.000158, 7.9e-05, 0.023254, 0.000186, 0.000573, 0.025551, 0.048931, 0.034219, 7.5e-05, 0.025639, 0.052021, 0.205736, 0.097666, 0.029495, 5.9e-05, 0.028958, 7e-05, 0.028285, 0.06923, 0.023794, 7.813508, 0.035912, 2.005363, 0.032322, 6.207911, 0.032223, 3.805396, 0.033947, 4.407821, 0.033533, 5.609907, 0.044317, 2.60413, 0.03444, 7.411361, 0.061815, 0.801546, 0.035816, 8.212005, 0.052468, 1.003128, 0.039105, 7.211213, 0.051546, 2.804502, 0.035424, 5.409036, 0.047621, 4.607215, 0.042923, 3.606998, 0.041206, 6.409887, 0.044002, 0.615183, 0.000134, 1.203293, 0.078227, 8.175823, 0.000715]","[1, -1, 1, 1, 1, -1, -1, 1, -1, -1, -1, -1, -1, -1, 1, 1, -1, 1, -1, -1, -1, -1, 1, 1, -1, 1, -1, 1, -1, 1, -1, 1, -1, 1, -1, 1, -1, 1, -1, 1, -1, 1, -1, 1, -1, 1, -1, 1, -1, 1, -1, 1, -1, 1, -1, 1, -1, 1, 1, -1, -1, 1, -1, -1]"
cloud_gaming,KT_GameBox,/indian-slp/Users/ug/ZEPA/Kritik/net_data/5G_Traffic_Datasets/Game_Streaming/KT_GameBox/KT_GameBox_2.csv,test,3,0.024336,True,0,0,0,5,4,16,0.04931,"[239, 1700, 366, 274, 194, 146, 386, 242, 178, 162, 162, 306, 226, 210, 162, 178, 178, 284, 162, 178, 268, 162, 146, 146, 226, 162, 146, 146, 226, 162, 146, 146, 226, 162, 146, 146, 6895, 226, 162, 146, 146, 146, 146, 226, 162, 146, 146, 226, 162, 146, 146, 226, 162, 146, 146, 226, 162, 242, 162, 146, 146, 226, 146, 162]","[0.0, 0.024336, 0.001111, 0.04864, 0.00042, 0.02398, 0.01021, 0.000169, 0.02527, 0.000305, 0.020955, 0.236671, 0.097727, 0.029399, 0.000247, 0.028268, 0.000677, 0.000122, 0.027851, 0.000412, 0.035638, 0.057129, 7.813661, 0.035685, 2.005417, 0.031641, 6.208813, 0.031633, 3.805994, 0.033854, 4.407796, 0.033193, 5.610249, 0.04392, 2.604554, 0.033846, 3.910949, 3.501076, 0.061792, 0.801592, 0.035837, 8.211942, 0.052229, 1.003217, 0.038848, 7.211612, 0.051189, 2.804786, 0.035093, 5.409414, 0.047038, 4.607771, 0.042803, 3.607209, 0.040819, 6.41014, 0.043792, 0.614924, 0.000709, 1.20318, 0.038179, 8.21591, 0.000828, 0.033749]","[1, -1, 1, -1, 1, -1, 1, 1, -1, 1, -1, -1, 1, -1, 1, -1, 1, 1, -1, 1, -1, -1, 1, -1, 1, -1, 1, -1, 1, -1, 1, -1, 1, -1, 1, -1, -1, 1, -1, 1, -1, 1, -1, 1, -1, 1, -1, 1, -1, 1, -1, 1, -1, 1, -1, 1, -1, -1, 1, 1, -1, 1, 1, -1]"
cloud_gaming,KT_GameBox,/indian-slp/Users/ug/ZEPA/Kritik/net_data/5G_Traffic_Datasets/Game_Streaming/KT_GameBox/KT_GameBox_2.csv,test,1,0.027815,True,0,0,0,5,4,16,0.04931,"[46, 56, 52, 1300, 40, 52, 1300, 1300, 1300, 1300, 1300, 1300, 1300, 1300, 1300, 1300, 1300, 1300, 1300, 1300, 1300, 1300, 1300, 1300, 1300, 1300, 1300, 1300, 1300, 1300, 264, 1300, 1300, 1300, 1300, 1300, 1300, 1300, 1300, 1300, 1300, 1300, 1300, 1300, 1300, 1300, 1300, 1300, 1300, 1300, 1300, 1300, 1300, 1300, 1300, 1300, 119, 1300, 52, 52, 1300, 1300, 1300, 1300]","[0.0, 0.027815, 0.004401, 0.095448, 0.000217, 5e-05, 2.9e-05, 8.4e-05, 9.5e-05, 8.9e-05, 8.4e-05, 8.4e-05, 0.000137, 8.1e-05, 8.1e-05, 0.005745, 0.000104, 7.7e-05, 7.8e-05, 8.7e-05, 7.7e-05, 9.6e-05, 8.3e-05, 7.6e-05, 7.9e-05, 8.4e-05, 7.7e-05, 7.7e-05, 7.8e-05, 8.2e-05, 8e-05, 0.004452, 0.0001, 7.2e-05, 7.1e-05, 7.1e-05, 7.8e-05, 7.2e-05, 7.1e-05, 7.4e-05, 7.1e-05, 7.1e-05, 8.6e-05, 7.3e-05, 7.1e-05, 7.7e-05, 7.1e-05, 7.2e-05, 7.6e-05, 7.2e-05, 7.1e-05, 7.5e-05, 7.3e-05, 7.1e-05, 7.4e-05, 7.1e-05, 7e-05, 0.005924, 0.000463, 0.020163, 0.0111, 8.5e-05, 2.2e-05, 1.6e-05]","[1, -1, 1, -1, 1, 1, -1, -1, -1, -1, -1, -1, -1, -1, -1, -1, -1, -1, -1, -1, -1, -1, -1, -1, -1, -1, -1, -1, -1, -1, -1, -1, -1, -1, -1, -1, -1, -1, -1, -1, -1, -1, -1, -1, -1, -1, -1, -1, -1, -1, -1, -1, -1, -1, -1, -1, -1, -1, 1, 1, -1, -1, -1, -1]"
cloud_gaming,KT_GameBox,/indian-slp/Users/ug/ZEPA/Kritik/net_data/5G_Traffic_Datasets/Game_Streaming/KT_GameBox/KT_GameBox_2.csv,test,0,0.024113,True,1,0,0,5,4,16,0.04931,"[60, 48, 40, 2740, 40, 5440, 40, 8363, 40, 1390, 40, 2799, 40, 8245, 40, 4149, 40, 4149, 40, 2740, 40, 5545, 40, 4149, 40, 1390, 40, 6895, 40, 4149, 40, 2740, 40, 1449, 40, 8245, 40, 4149, 40, 8245, 40, 4149, 40, 4149, 40, 8245, 40, 4149, 40, 8245, 40, 4149, 40, 4149, 40, 6790, 40, 1495, 40, 1390, 40, 2799, 40, 4090]","[0.0, 0.024113, 0.000311, 0.072733, 0.000265, 0.030832, 0.000466, 0.0255, 0.000498, 0.004946, 0.002224, 0.017267, 0.000324, 0.012819, 0.000838, 0.017381, 0.001377, 0.028751, 0.000533, 0.034517, 0.00046, 4.7e-05, 0.000412, 0.041819, 0.001208, 0.023119, 0.000228, 0.010535, 0.000212, 0.018812, 0.002119, 0.019455, 0.00032, 0.01186, 0.000314, 0.022095, 0.000591, 0.026739, 0.000165, 0.025805, 0.000336, 0.031475, 0.000306, 0.028244, 0.00047, 0.02811, 0.00037, 0.040697, 0.0003, 0.024291, 0.000275, 0.022588, 0.000512, 0.029098, 0.000326, 0.034641, 0.000302, 0.011681, 0.00017, 0.013365, 0.000301, 0.012084, 0.000324, 0.016328]","[1, -1, 1, -1, 1, -1, 1, -1, 1, -1, 1, -1, 1, -1, 1, -1, 1, -1, 1, -1, 1, -1, 1, -1, 1, -1, 1, -1, 1, -1, 1, -1, 1, -1, 1, -1, 1, -1, 1, -1, 1, -1, 1, -1, 1, -1, 1, -1, 1, -1, 1, -1, 1, -1, 1, -1, 1, -1, 1, -1, 1, -1, 1, -1]"
cloud_gaming,KT_GameBox,/indian-slp/Users/ug/ZEPA/Kritik/net_data/5G_Traffic_Datasets/Game_Streaming/KT_GameBox/KT_GameBox_2.csv,test,0,0.030679,True,0,0,0,5,4,16,0.04931,"[557, 4136, 1561, 133, 330, 398, 10000, 10000, 5934, 368, 10000, 10000, 8140, 534]","[0.0, 0.030679, 0.004952, 0.006955, 0.024602, 0.002052, 0.081446, 0.00053, 0.040536, 0.018044, 0.04641, 0.000268, 0.010738, 0.020213]","[1, -1, -1, 1, -1, 1, -1, -1, -1, 1, -1, -1, -1, -1]"
cloud_gaming,KT_GameBox,/indian-slp/Users/ug/ZEPA/Kritik/net_data/5G_Traffic_Datasets/Game_Streaming/KT_GameBox/KT_GameBox_2.csv,test,0,0.0,False,0,2,0,5,4,16,0.04931,"[40, 40, 40, 40, 40]","[0.0, 0.037787, 29.659306, 8.1e-05, 3e-06]","[-1, 1, -1, 1, -1]"
cloud_gaming,KT_GameBox,/indian-slp/Users/ug/ZEPA/Kritik/net_data/5G_Traffic_Datasets/Game_Streaming/KT_GameBox/KT_GameBox_2.csv,test,0,0.02815,True,1,2,0,5,4,16,0.04931,"[60, 48, 40, 552, 40, 40, 40, 40, 40, 40, 40, 40, 40, 40, 40]","[0.0, 0.02815, 0.000206, 0.003142, 0.000389, 0.052291, 0.007598, 0.001848, 0.069413, 0.097348, 29.999987, 0.03269, 29.707712, 0.000149, 7e-06]","[1, -1, 1, 1, -1, 1, -1, -1, 1, 1, -1, 1, -1, 1, -1]"
cloud_gaming,KT_GameBox,/indian-slp/Users/ug/ZEPA/Kritik/net_data/5G_Traffic_Datasets/Game_Streaming/KT_GameBox/KT_GameBox_2.csv,test,0,0.044752,True,1,2,0,5,4,16,0.04931,"[60, 48, 40, 552, 40, 40, 40, 40, 40, 40, 40, 40, 40, 40, 40]","[0.0, 0.044752, 0.000643, 0.003177, 0.000456, 0.051902, 0.000213, 0.000198, 0.061022, 0.117224, 29.995589, 0.036745, 29.677139, 0.000489, 7e-06]","[1, -1, 1, 1, -1, 1, -1, -1, 1, 1, -1, 1, -1, 1, -1]"
cloud_gaming,KT_GameBox,/indian-slp/Users/ug/ZEPA/Kritik/net_data/5G_Traffic_Datasets/Game_Streaming/KT_GameBox/KT_GameBox_2.csv,test,0,0.047803,True,1,2,0,5,4,16,0.04931,"[60, 48, 40, 552, 40, 40, 40, 40, 40, 40, 40, 40, 40, 40, 40, 40]","[0.0, 0.047803, 0.000203, 0.002379, 0.000466, 0.04114, 0.005814, 0.002147, 0.001148, 0.071324, 0.118221, 29.998671, 0.033184, 29.665657, 9.6e-05, 5e-06]","[1, -1, 1, 1, -1, 1, 1, -1, -1, 1, 1, -1, 1, -1, 1, -1]"
cloud_gaming,KT_GameBox,/indian-slp/Users/ug/ZEPA/Kritik/net_data/5G_Traffic_Datasets/Game_Streaming/KT_GameBox/KT_GameBox_2.csv,test,0,0.0,False,0,2,0,5,4,16,0.04931,"[40, 40, 40, 40, 40]","[0.0, 0.037768, 29.630242, 0.000104, 3e-06]","[-1, 1, -1, 1, -1]"
cloud_gaming,KT_GameBox,/indian-slp/Users/ug/ZEPA/Kritik/net_data/5G_Traffic_Datasets/Game_Streaming/KT_GameBox/KT_GameBox_2.csv,test,0,0.0,False,0,2,0,5,4,16,0.04931,"[40, 40, 40, 40, 40]","[0.0, 0.034779, 29.679564, 0.001996, 1e-05]","[-1, 1, -1, 1, -1]"
cloud_gaming,KT_GameBox,/indian-slp/Users/ug/ZEPA/Kritik/net_data/5G_Traffic_Datasets/Game_Streaming/KT_GameBox/KT_GameBox_2.csv,test,0,0.029731,True,1,2,0,5,4,16,0.04931,"[60, 48, 40, 40, 40, 40, 40, 40, 40, 40, 40, 40, 40, 40]","[0.0, 0.029731, 0.000449, 0.004821, 0.031842, 0.004521, 0.001831, 0.058856, 0.117086, 29.999306, 0.033825, 29.690426, 9.1e-05, 4e-06]","[1, -1, 1, -1, 1, -1, -1, 1, 1, -1, 1, -1, 1, -1]"
cloud_gaming,KT_GameBox,/indian-slp/Users/ug/ZEPA/Kritik/net_data/5G_Traffic_Datasets/Game_Streaming/KT_GameBox/KT_GameBox_2.csv,test,0,0.024507,True,1,2,0,5,4,16,0.04931,"[60, 48, 40, 40, 40, 40, 40, 40, 40, 40, 40, 40, 40, 40]","[0.0, 0.024507, 0.000179, 0.003017, 0.038336, 0.000163, 0.000134, 0.055391, 0.118124, 29.992534, 0.039193, 29.722378, 0.000622, 1.1e-05]","[1, -1, 1, -1, 1, -1, -1, 1, 1, -1, 1, -1, 1, -1]"
cloud_gaming,KT_GameBox,/indian-slp/Users/ug/ZEPA/Kritik/net_data/5G_Traffic_Datasets/Game_Streaming/KT_GameBox/KT_GameBox_2.csv,test,0,0.034289,True,0,0,0,5,4,16,0.04931,"[64, 557, 6444, 104, 795, 518, 762]","[0.0, 0.036942, 0.034289, 0.006479, 0.000686, 0.019631, 0.136483]","[1, 1, -1, 1, 1, -1, -1]"
cloud_gaming,KT_GameBox,/indian-slp/Users/ug/ZEPA/Kritik/net_data/5G_Traffic_Datasets/Game_Streaming/KT_GameBox/KT_GameBox_2.csv,test,0,0.024153,True,1,0,0,5,4,16,0.04931,"[60, 48, 40, 40, 40, 40, 40, 40, 40]","[0.0, 0.024153, 0.000276, 0.003374, 0.040505, 0.000569, 0.000362, 0.059407, 0.097819]","[1, -1, 1, -1, 1, -1, -1, 1, 1]"
cloud_gaming,KT_GameBox,/indian-slp/Users/ug/ZEPA/Kritik/net_data/5G_Traffic_Datasets/Game_Streaming/KT_GameBox/KT_GameBox_3.csv,pretrain,0,0.036362,True,0,0,0,5,4,16,0.04684,"[557, 265, 104, 786, 279, 762, 755, 804, 755, 779]","[0.0, 0.036362, 0.002069, 0.000149, 0.042497, 0.182517, 4.542054, 0.224959, 0.270922, 0.058956]","[1, -1, 1, 1, -1, -1, 1, -1, 1, -1]"
cloud_gaming,KT_GameBox,/indian-slp/Users/ug/ZEPA/Kritik/net_data/5G_Traffic_Datasets/Game_Streaming/KT_GameBox/KT_GameBox_3.csv,pretrain,0,0.043747,True,0,0,0,5,4,16,0.04684,"[557, 6429, 104, 293, 502, 209, 118, 111, 169, 630]","[0.0, 0.043747, 0.002368, 0.001598, 0.044703, 0.017096, 0.025964, 0.044193, 0.002382, 0.00015]","[1, -1, 1, 1, -1, -1, 1, -1, 1, 1]"
cloud_gaming,KT_GameBox,/indian-slp/Users/ug/ZEPA/Kritik/net_data/5G_Traffic_Datasets/Game_Streaming/KT_GameBox/KT_GameBox_3.csv,pretrain,0,0.047659,True,1,0,0,5,4,16,0.04684,"[60, 48, 40, 40, 40, 40, 40, 40, 40, 40, 40]","[0.0, 0.047659, 0.000114, 0.003392, 0.043735, 0.002289, 0.001517, 0.068322, 0.019559, 0.046505, 8.3e-05]","[1, -1, 1, -1, 1, -1, -1, 1, -1, -1, -1]"
cloud_gaming,KT_GameBox,/indian-slp/Users/ug/ZEPA/Kritik/net_data/5G_Traffic_Datasets/Game_Streaming/KT_GameBox/KT_GameBox_3.csv,pretrain,0,0.0,False,5,0,0,1,1,1,0.033062,"[60, 60, 60, 60, 60]","[0.0, 1.998754, 3.999685, 8.239931, 16.007514]","[1, 1, 1, 1, 1]"
cloud_gaming,KT_GameBox,/indian-slp/Users/ug/ZEPA/Kritik/net_data/5G_Traffic_Datasets/Game_Streaming/KT_GameBox/KT_GameBox_3.csv,pretrain,0,0.048642,True,1,0,0,5,4,16,0.04684,"[60, 48, 40, 40, 40, 40, 40, 10000, 6280, 40, 40, 10000, 2560, 40, 40, 10000, 40, 10000, 40, 3400, 40]","[0.0, 0.048642, 0.000361, 0.003793, 0.036538, 0.005669, 0.034781, 0.05591, 0.000115, 5e-05, 0.049499, 2.2e-05, 4e-05, 3.2e-05, 0.02954, 0.063277, 0.000422, 6.2e-05, 0.00026, 4.2e-05, 0.001889]","[1, -1, 1, -1, 1, -1, -1, -1, -1, 1, 1, -1, -1, 1, -1, -1, 1, -1, 1, -1, 1]"
cloud_gaming,KT_GameBox,/indian-slp/Users/ug/ZEPA/Kritik/net_data/5G_Traffic_Datasets/Game_Streaming/KT_GameBox/KT_GameBox_3.csv,pretrain,0,0.032336,True,0,0,0,5,4,16,0.04684,"[64, 557, 265, 104, 786, 263, 762]","[0.0, 0.045396, 0.032336, 0.006992, 0.001232, 0.027748, 0.155097]","[1, 1, -1, 1, 1, -1, -1]"
cloud_gaming,KT_GameBox,/indian-slp/Users/ug/ZEPA/Kritik/net_data/5G_Traffic_Datasets/Game_Streaming/KT_GameBox/KT_GameBox_3.csv,pretrain,0,0.05111,True,1,0,0,5,4,16,0.04684,"[60, 48, 40, 40, 40, 40, 40, 40, 40, 40]","[0.0, 0.05111, 0.000243, 0.002396, 0.039171, 0.011335, 0.00368, 0.000363, 0.060164, 0.136115]","[1, -1, 1, -1, 1, 1, -1, -1, 1, 1]"
cloud_gaming,KT_GameBox,/indian-slp/Users/ug/ZEPA/Kritik/net_data/5G_Traffic_Datasets/Game_Streaming/KT_GameBox/KT_GameBox_3.csv,pretrain,0,0.039331,True,0,0,0,5,4,16,0.04684,"[64, 557, 4136, 2348, 104, 786, 518, 762]","[0.0, 0.061073, 0.039331, 0.011481, 0.003183, 0.000727, 0.024099, 0.171908]","[1, 1, -1, -1, 1, 1, -1, -1]"
cloud_gaming,KT_GameBox,/indian-slp/Users/ug/ZEPA/Kritik/net_data/5G_Traffic_Datasets/Game_Streaming/KT_GameBox/KT_GameBox_3.csv,pretrain,0,0.036108,True,1,0,0,5,4,16,0.04684,"[60, 48, 40, 40, 40, 40, 40, 40, 40]","[0.0, 0.036108, 0.002219, 0.00022, 0.040276, 0.000257, 0.00062, 0.072447, 0.093634]","[1, -1, 1, -1, 1, -1, -1, 1, 1]"
cloud_gaming,KT_GameBox,/indian-slp/Users/ug/ZEPA/Kritik/net_data/5G_Traffic_Datasets/Game_Streaming/KT_GameBox/KT_GameBox_3.csv,pretrain,0,0.033698,True,0,0,0,5,4,16,0.04684,"[64, 557, 6444, 104, 786, 502, 762]","[0.0, 0.047428, 0.033698, 0.006784, 0.00084, 0.036913, 0.128492]","[1, 1, -1, 1, 1, -1, -1]"
cloud_gaming,KT_GameBox,/indian-slp/Users/ug/ZEPA/Kritik/net_data/5G_Traffic_Datasets/Game_Streaming/KT_GameBox/KT_GameBox_3.csv,pretrain,0,0.041236,True,0,0,0,5,4,16,0.04684,"[64, 557, 5486, 998, 104, 786, 263, 279, 762]","[0.0, 0.049552, 0.041236, 0.000359, 0.002965, 0.001874, 0.031015, 0.000214, 0.153163]","[1, 1, -1, -1, 1, 1, -1, -1, -1]"
cloud_gaming,KT_GameBox,/indian-slp/Users/ug/ZEPA/Kritik/net_data/5G_Traffic_Datasets/Game_Streaming/KT_GameBox/KT_GameBox_3.csv,pretrain,0,0.040827,True,0,0,0,5,4,16,0.04684,"[64, 557, 6444, 104, 786, 518, 762]","[0.0, 0.055264, 0.040827, 0.003475, 0.000365, 0.038971, 0.174595]","[1, 1, -1, 1, 1, -1, -1]"
cloud_gaming,KT_GameBox,/indian-slp/Users/ug/ZEPA/Kritik/net_data/5G_Traffic_Datasets/Game_Streaming/KT_GameBox/KT_GameBox_3.csv,pretrain,0,0.038854,True,0,0,0,5,4,16,0.04684,"[64, 557, 6444, 104, 786, 518, 762]","[0.0, 0.074552, 0.038854, 0.00407, 0.000243, 0.02978, 0.148134]","[1, 1, -1, 1, 1, -1, -1]"
cloud_gaming,KT_GameBox,/indian-slp/Users/ug/ZEPA/Kritik/net_data/5G_Traffic_Datasets/Game_Streaming/KT_GameBox/KT_GameBox_3.csv,pretrain,0,0.039606,True,0,0,0,5,4,16,0.04684,"[64, 557, 265, 104, 786, 279, 762]","[0.0, 0.042198, 0.039606, 0.002533, 0.000167, 0.031441, 0.165278]","[1, 1, -1, 1, 1, -1, -1]"
cloud_gaming,KT_GameBox,/indian-slp/Users/ug/ZEPA/Kritik/net_data/5G_Traffic_Datasets/Game_Streaming/KT_GameBox/KT_GameBox_3.csv,pretrain,0,0.043993,True,0,0,0,5,4,16,0.04684,"[64, 557, 265, 104, 786, 263, 762]","[0.0, 0.058377, 0.043993, 0.003759, 0.001604, 0.039932, 0.161815]","[1, 1, -1, 1, 1, -1, -1]"
cloud_gaming,KT_GameBox,/indian-slp/Users/ug/ZEPA/Kritik/net_data/5G_Traffic_Datasets/Game_Streaming/KT_GameBox/KT_GameBox_3.csv,pretrain,3,0.168195,True,0,0,0,5,4,16,0.04684,"[68, 68, 168, 168, 78, 78, 244, 408, 67, 397]","[0.0, 0.079752, 0.088443, 0.015064, 4.915811, 0.003838, 0.20054, 0.050281, 0.166306, 0.053521]","[1, 1, -1, -1, 1, 1, -1, -1, 1, -1]"
cloud_gaming,KT_GameBox,/indian-slp/Users/ug/ZEPA/Kritik/net_data/5G_Traffic_Datasets/Game_Streaming/KT_GameBox/KT_GameBox_3.csv,pretrain,0,0.045674,True,1,2,0,5,4,16,0.04684,"[60, 48, 40, 40, 40, 40, 40, 40, 40, 40, 40, 40, 40, 40, 40, 40, 40, 40]","[0.0, 0.045674, 0.00016, 0.002369, 0.035871, 0.001925, 8.8e-05, 0.076066, 0.149143, 4.542096, 0.224902, 0.270812, 0.059655, 29.998594, 0.035267, 24.625592, 0.00018, 1.4e-05]","[1, -1, 1, -1, 1, -1, -1, 1, 1, -1, 1, -1, 1, -1, 1, -1, 1, -1]"
cloud_gaming,KT_GameBox,/indian-slp/Users/ug/ZEPA/Kritik/net_data/5G_Traffic_Datasets/Game_Streaming/KT_GameBox/KT_GameBox_3.csv,pretrain,0,0.04406,True,1,0,0,5,4,16,0.04684,"[60, 48, 40, 1064, 308, 40, 90, 40, 40, 40, 40, 40, 40, 40, 40, 40, 40, 40, 40, 40, 40, 40, 40, 40, 40, 40, 40, 40, 40, 40, 40, 40, 40, 40, 40, 40, 40, 40, 40, 40, 40, 40, 40, 40, 40, 40, 40, 40, 40, 40, 40, 40, 40, 40, 40, 40, 40, 40, 40, 40, 40, 40, 40, 40]","[0.0, 0.04406, 0.000376, 0.000855, 0.000153, 0.000106, 0.039132, 0.000615, 0.001052, 0.039175, 0.060587, 0.042525, 0.000339, 0.035464, 0.070619, 0.093915, 0.16398, 0.0419, 0.000293, 0.034177, 0.000197, 0.057761, 0.077779, 0.046208, 0.200799, 0.062968, 8.011667, 0.046256, 2.005094, 0.022482, 6.210055, 0.018286, 3.807965, 0.033376, 4.411606, 0.032584, 5.611296, 0.034262, 2.609161, 0.037444, 3.096693, 0.000145, 4.408818, 0.063227, 0.771959, 0.023899, 8.216409, 0.020992, 1.005235, 0.025736, 7.213272, 0.026016, 2.804708, 0.043668, 4.365253, 0.000317, 1.001747, 0.07057, 4.56802, 0.036539, 3.604901, 0.024723, 6.412404, 0.036458]","[1, -1, 1, 1, 1, -1, -1, 1, -1, -1, -1, -1, -1, -1, 1, 1, -1, 1, -1, -1, -1, -1, 1, 1, -1, 1, -1, 1, -1, 1, -1, 1, -1, 1, -1, 1, -1, 1, -1, 1, 1, -1, -1, 1, -1, 1, -1, 1, -1, 1, -1, 1, -1, 1, 1, -1, -1, 1, -1, 1, -1, 1, -1, 1]"
cloud_gaming,KT_GameBox,/indian-slp/Users/ug/ZEPA/Kritik/net_data/5G_Traffic_Datasets/Game_Streaming/KT_GameBox/KT_GameBox_3.csv,pretrain,3,0.037614,True,0,0,0,5,4,16,0.04684,"[239, 1700, 366, 274, 194, 146, 386, 258, 178, 162, 162, 306, 226, 210, 162, 178, 178, 284, 162, 178, 268, 162, 226, 162, 146, 146, 226, 162, 146, 146, 226, 162, 146, 146, 226, 162, 146, 146, 242, 162, 226, 162, 146, 146, 146, 146, 226, 162, 146, 146, 226, 162, 242, 162, 146, 146, 226, 162, 146, 146, 226, 162, 146, 146]","[0.0, 0.037614, 0.001586, 0.06025, 0.000463, 0.033473, 0.008645, 0.000762, 0.034825, 0.000537, 0.039427, 0.125055, 0.164123, 0.041503, 0.000494, 0.033776, 0.000479, 0.000331, 0.056731, 0.000962, 0.0451, 0.07879, 0.200855, 0.062227, 8.012469, 0.045963, 2.005276, 0.022026, 6.210617, 0.018056, 3.80804, 0.03268, 4.412374, 0.032435, 5.611467, 0.033744, 2.608859, 0.03725, 3.096574, 0.001317, 4.408818, 0.031552, 0.803453, 0.023497, 8.216906, 0.020717, 1.005414, 0.025598, 7.213444, 0.025031, 2.805869, 0.043412, 4.365133, 0.000668, 1.001745, 0.031275, 4.607351, 0.036244, 3.605217, 0.024451, 6.412563, 0.035638, 1.803735, 0.031471]","[1, -1, 1, -1, 1, -1, 1, 1, -1, 1, -1, -1, 1, -1, 1, -1, 1, 1, -1, 1, -1, -1, 1, -1, 1, -1, 1, -1, 1, -1, 1, -1, 1, -1, 1, -1, 1, -1, -1, 1, 1, -1, 1, -1, 1, -1, 1, -1, 1, -1, 1, -1, -1, 1, 1, -1, 1, -1, 1, -1, 1, -1, 1, -1]"
cloud_gaming,KT_GameBox,/indian-slp/Users/ug/ZEPA/Kritik/net_data/5G_Traffic_Datasets/Game_Streaming/KT_GameBox/KT_GameBox_3.csv,pretrain,0,0.036282,True,0,0,0,5,4,16,0.04684,"[557, 5657, 133, 330, 390, 10000, 10000, 4446, 360, 10000, 10000, 9846]","[0.0, 0.036282, 0.006278, 0.033321, 0.001482, 0.105507, 9.4e-05, 0.022803, 0.006783, 0.063627, 0.000368, 0.001985]","[1, -1, 1, -1, 1, -1, -1, -1, 1, -1, -1, -1]"
cloud_gaming,KT_GameBox,/indian-slp/Users/ug/ZEPA/Kritik/net_data/5G_Traffic_Datasets/Game_Streaming/KT_GameBox/KT_GameBox_3.csv,pretrain,1,0.035018,True,0,0,0,5,4,16,0.04684,"[46, 56, 52, 1300, 1300, 1300, 52, 1300, 1300, 1300, 1300, 1300, 1300, 1300, 1300, 1300, 1300, 1300, 1300, 1300, 1300, 1300, 1300, 1300, 1300, 1300, 1300, 1300, 1300, 1300, 1300, 1300, 1300, 1300, 1300, 1300, 1300, 1300, 1300, 1300, 1300, 1300, 1300, 1300, 1300, 1300, 1300, 1300, 1300, 1300, 1300, 1300, 1300, 1300, 1300, 1300, 1300, 1300, 1300, 1300, 1300, 1300, 1300, 1300]","[0.0, 0.035018, 0.007933, 0.147302, 0.000576, 0.000157, 0.000129, 0.000163, 0.000124, 0.000168, 0.000119, 0.000119, 0.000227, 0.00011, 0.000103, 0.000108, 0.000105, 0.000105, 0.000107, 0.000107, 0.000105, 0.00011, 0.003984, 0.000732, 0.000117, 0.000181, 0.000159, 0.000107, 0.00011, 0.000166, 0.000134, 8.7e-05, 8.3e-05, 0.000122, 0.000132, 0.000169, 0.000108, 0.000107, 0.000106, 0.000104, 0.000106, 0.000103, 0.000482, 7.2e-05, 6.9e-05, 6.8e-05, 6.7e-05, 6.7e-05, 0.002572, 0.00011, 7.8e-05, 7.3e-05, 0.000138, 9.9e-05, 7.2e-05, 7e-05, 7.1e-05, 6.8e-05, 0.000133, 7e-05, 8.4e-05, 7.3e-05, 7.6e-05, 7.2e-05]","[1, -1, 1, -1, -1, -1, 1, -1, -1, -1, -1, -1, -1, -1, -1, -1, -1, -1, -1, -1, -1, -1, -1, -1, -1, -1, -1, -1, -1, -1, -1, -1, -1, -1, -1, -1, -1, -1, -1, -1, -1, -1, -1, -1, -1, -1, -1, -1, -1, -1, -1, -1, -1, -1, -1, -1, -1, -1, -1, -1, -1, -1, -1, -1]"
cloud_gaming,KT_GameBox,/indian-slp/Users/ug/ZEPA/Kritik/net_data/5G_Traffic_Datasets/Game_Streaming/KT_GameBox/KT_GameBox_3.csv,pretrain,0,0.051819,True,1,0,0,5,4,16,0.04684,"[60, 48, 40, 199, 40, 220, 40, 414, 40, 400, 40, 223, 40, 391, 40, 229, 40, 579, 40, 379, 40, 232, 40, 394, 40, 212, 40, 233, 40, 402, 40, 564, 40, 233, 40, 385, 40, 225, 40, 393, 40, 596, 40, 209, 40, 399, 40, 221, 40, 232, 40, 570, 40, 399, 40, 238, 40, 370, 40, 222, 40, 576, 40, 402]","[0.0, 0.051819, 0.000359, 0.095166, 0.000522, 0.038063, 0.000713, 0.033441, 0.000241, 0.030932, 0.000249, 0.026844, 0.000562, 0.037341, 0.00016, 0.039538, 0.000605, 0.037333, 0.000293, 0.031833, 0.00053, 0.036445, 0.000345, 0.024855, 0.000257, 0.041944, 0.000602, 0.043137, 0.000381, 0.026926, 0.000212, 0.04823, 0.000406, 0.029467, 0.000366, 0.026419, 0.000552, 0.027426, 0.000447, 0.057275, 0.000352, 0.040864, 0.00034, 0.039653, 0.000447, 0.029046, 0.000471, 0.039604, 0.000357, 0.028227, 0.000456, 0.046192, 0.000303, 0.027978, 0.000174, 0.034231, 0.000443, 0.036863, 0.000534, 0.0491, 0.000302, 0.046336, 0.000179, 0.036827]","[1, -1, 1, -1, 1, -1, 1, -1, 1, -1, 1, -1, 1, -1, 1, -1, 1, -1, 1, -1, 1, -1, 1, -1, 1, -1, 1, -1, 1, -1, 1, -1, 1, -1, 1, -1, 1, -1, 1, -1, 1, -1, 1, -1, 1, -1, 1, -1, 1, -1, 1, -1, 1, -1, 1, -1, 1, -1, 1, -1, 1, -1, 1, -1]"
cloud_gaming,KT_GameBox,/indian-slp/Users/ug/ZEPA/Kritik/net_data/5G_Traffic_Datasets/Game_Streaming/KT_GameBox/KT_GameBox_3.csv,pretrain,0,0.03184,True,1,2,0,5,4,16,0.04684,"[60, 48, 40, 40, 40, 40, 40, 40, 40, 40, 40, 40, 40, 40]","[0.0, 0.03184, 0.000368, 0.003341, 0.032618, 0.007389, 0.000612, 0.058702, 0.123948, 29.996996, 0.039152, 29.683678, 0.000115, 1.2e-05]","[1, -1, 1, -1, 1, -1, -1, 1, 1, -1, 1, -1, 1, -1]"
cloud_gaming,KT_GameBox,/indian-slp/Users/ug/ZEPA/Kritik/net_data/5G_Traffic_Datasets/Game_Streaming/KT_GameBox/KT_GameBox_3.csv,pretrain,0,0.0,False,0,2,0,5,4,16,0.04684,"[40, 40, 40, 40, 40]","[0.0, 0.042441, 29.648748, 0.001169, 7e-06]","[-1, 1, -1, 1, -1]"
cloud_gaming,KT_GameBox,/indian-slp/Users/ug/ZEPA/Kritik/net_data/5G_Traffic_Datasets/Game_Streaming/KT_GameBox/KT_GameBox_3.csv,pretrain,0,0.0,False,0,2,0,5,4,16,0.04684,"[40, 40, 40, 40, 40]","[0.0, 0.034879, 29.71074, 0.000852, 1.1e-05]","[-1, 1, -1, 1, -1]"
cloud_gaming,KT_GameBox,/indian-slp/Users/ug/ZEPA/Kritik/net_data/5G_Traffic_Datasets/Game_Streaming/KT_GameBox/KT_GameBox_3.csv,pretrain,0,0.038521,True,1,2,0,5,4,16,0.04684,"[60, 48, 40, 40, 40, 40, 40, 40, 40, 40, 40, 40, 40, 40, 40]","[0.0, 0.038521, 0.000419, 0.002124, 0.041327, 7.6e-05, 0.003046, 0.001786, 0.031922, 0.191329, 29.964583, 0.036303, 29.675835, 6.3e-05, 3e-06]","[1, -1, 1, -1, 1, 1, -1, -1, 1, 1, -1, 1, -1, 1, -1]"
cloud_gaming,KT_GameBox,/indian-slp/Users/ug/ZEPA/Kritik/net_data/5G_Traffic_Datasets/Game_Streaming/KT_GameBox/KT_GameBox_3.csv,pretrain,0,0.046147,True,1,2,0,5,4,16,0.04684,"[60, 48, 40, 40, 40, 40, 40, 40, 40, 40, 40, 40, 40, 40]","[0.0, 0.046147, 0.002537, 0.000241, 0.044072, 0.0003, 0.000203, 0.073258, 0.140277, 29.99493, 0.03519, 29.660115, 0.001806, 1.1e-05]","[1, -1, 1, -1, 1, -1, -1, 1, 1, -1, 1, -1, 1, -1]"
cloud_gaming,KT_GameBox,/indian-slp/Users/ug/ZEPA/Kritik/net_data/5G_Traffic_Datasets/Game_Streaming/KT_GameBox/KT_GameBox_3.csv,pretrain,0,0.063363,True,1,2,0,5,4,16,0.04684,"[60, 48, 40, 40, 40, 40, 40, 40, 40, 40, 40, 40, 40, 40]","[0.0, 0.063363, 0.000164, 0.002369, 0.042698, 0.000144, 0.000131, 0.072148, 0.107229, 29.995439, 0.036942, 29.680842, 8e-05, 3e-06]","[1, -1, 1, -1, 1, -1, -1, 1, 1, -1, 1, -1, 1, -1]"
cloud_gaming,KT_GameBox,/indian-slp/Users/ug/ZEPA/Kritik/net_data/5G_Traffic_Datasets/Game_Streaming/KT_GameBox/KT_GameBox_3.csv,pretrain,0,0.03292,True,1,2,0,5,4,16,0.04684,"[60, 48, 40, 40, 40, 40, 40, 40, 40, 40, 40, 40, 40, 40]","[0.0, 0.03292, 0.000202, 0.002444, 0.039538, 0.002419, 9e-05, 0.064607, 0.136971, 29.985024, 0.037977, 29.687527, 0.002132, 1.7e-05]","[1, -1, 1, -1, 1, -1, -1, 1, 1, -1, 1, -1, 1, -1]"
cloud_gaming,KT_GameBox,/indian-slp/Users/ug/ZEPA/Kritik/net_data/5G_Traffic_Datasets/Game_Streaming/KT_GameBox/KT_GameBox_3.csv,pretrain,0,0.041899,True,1,2,0,5,4,16,0.04684,"[60, 48, 40, 40, 40, 40, 40, 40, 40, 40, 40, 40, 40, 40]","[0.0, 0.041899, 0.000441, 0.003724, 0.044171, 0.003526, 0.001542, 0.074555, 0.128339, 29.998695, 0.032903, 29.659541, 0.000992, 1.8e-05]","[1, -1, 1, -1, 1, -1, -1, 1, 1, -1, 1, -1, 1, -1]"
cloud_gaming,KT_GameBox,/indian-slp/Users/ug/ZEPA/Kritik/net_data/5G_Traffic_Datasets/Game_Streaming/KT_GameBox/KT_GameBox_3.csv,pretrain,0,0.036292,True,0,0,0,5,4,16,0.04684,"[64, 557, 6444, 104, 786, 502, 762]","[0.0, 0.09127, 0.036292, 0.005804, 0.000341, 0.033263, 0.162742]","[1, 1, -1, 1, 1, -1, -1]"
cloud_gaming,KT_GameBox,/indian-slp/Users/ug/ZEPA/Kritik/net_data/5G_Traffic_Datasets/Game_Streaming/KT_GameBox/KT_GameBox_3.csv,pretrain,0,0.069113,True,1,0,0,5,4,16,0.04684,"[60, 48, 40, 40, 40, 40, 40, 40, 40]","[0.0, 0.069113, 0.000403, 0.004007, 0.036263, 0.005681, 0.000179, 0.066963, 0.129103]","[1, -1, 1, -1, 1, -1, -1, 1, 1]"
cloud_gaming,KT_GameBox,/indian-slp/Users/ug/ZEPA/Kritik/net_data/5G_Traffic_Datasets/Game_Streaming/KT_GameBox/KT_GameBox_4.csv,test,0,0.025601,True,0,0,0,5,4,15,0.061215,"[557, 1390, 2333, 104, 293, 502, 209, 118, 111, 169, 630]","[0.0, 0.025601, 0.011066, 0.001243, 0.000881, 0.02198, 0.015768, 0.008512, 0.035047, 0.00184, 0.000285]","[1, -1, -1, 1, 1, -1, -1, 1, -1, 1, 1]"
cloud_gaming,KT_GameBox,/indian-slp/Users/ug/ZEPA/Kritik/net_data/5G_Traffic_Datasets/Game_Streaming/KT_GameBox/KT_GameBox_4.csv,test,0,0.02551,True,1,0,0,5,4,15,0.061215,"[60, 48, 40, 40, 40, 2786, 40, 40, 40, 40, 40, 40, 40, 40]","[0.0, 0.02551, 0.000104, 0.00712, 0.025675, 1.5e-05, 5.1e-05, 0.010763, 0.001235, 0.000877, 0.042333, 0.003944, 0.036879, 0.000239]","[1, -1, 1, -1, 1, -1, 1, 1, -1, -1, 1, -1, -1, -1]"
cloud_gaming,KT_GameBox,/indian-slp/Users/ug/ZEPA/Kritik/net_data/5G_Traffic_Datasets/Game_Streaming/KT_GameBox/KT_GameBox_4.csv,test,0,0.02389,True,0,0,0,5,4,15,0.061215,"[557, 1390, 5094, 104, 795, 518, 762, 763, 804, 763, 779]","[0.0, 0.02389, 0.00022, 0.002542, 0.000271, 0.024905, 0.136962, 4.715085, 0.136119, 0.484698, 0.044277]","[1, -1, -1, 1, 1, -1, -1, 1, -1, 1, -1]"
cloud_gaming,KT_GameBox,/indian-slp/Users/ug/ZEPA/Kritik/net_data/5G_Traffic_Datasets/Game_Streaming/KT_GameBox/KT_GameBox_4.csv,test,0,0.0,False,5,0,0,1,1,1,0.032054,"[60, 60, 60, 60, 60]","[0.0, 1.997332, 4.000787, 8.568703, 16.630198]","[1, 1, 1, 1, 1]"
cloud_gaming,KT_GameBox,/indian-slp/Users/ug/ZEPA/Kritik/net_data/5G_Traffic_Datasets/Game_Streaming/KT_GameBox/KT_GameBox_4.csv,test,0,0.030579,True,1,0,0,5,4,15,0.061215,"[60, 48, 40, 40, 40, 40, 40, 2740, 5440, 40, 2740, 2740, 40, 40, 7120, 40, 40, 10000, 40, 10000, 40, 3400, 40, 40]","[0.0, 0.030579, 0.000659, 0.001042, 0.049128, 0.002033, 8.6e-05, 0.040768, 0.00015, 3.8e-05, 2.7e-05, 6.9e-05, 0.000106, 0.029538, 6.3e-05, 0.018309, 0.004188, 0.03738, 0.000528, 8.8e-05, 0.000225, 3.8e-05, 0.006289, 0.039392]","[1, -1, 1, -1, 1, -1, -1, -1, -1, 1, -1, -1, 1, 1, -1, 1, -1, -1, 1, -1, 1, -1, 1, 1]"
cloud_gaming,KT_GameBox,/indian-slp/Users/ug/ZEPA/Kritik/net_data/5G_Traffic_Datasets/Game_Streaming/KT_GameBox/KT_GameBox_4.csv,test,0,0.043234,True,0,0,0,5,4,15,0.061215,"[64, 557, 6444, 104, 795, 502, 762]","[0.0, 0.047807, 0.043234, 0.004899, 0.00029, 0.028383, 0.159141]","[1, 1, -1, 1, 1, -1, -1]"
cloud_gaming,KT_GameBox,/indian-slp/Users/ug/ZEPA/Kritik/net_data/5G_Traffic_Datasets/Game_Streaming/KT_GameBox/KT_GameBox_4.csv,test,0,0.036718,True,0,0,0,5,4,15,0.061215,"[64, 45, 6444, 104, 795, 486, 762]","[0.0, 0.486614, 0.036718, 0.005231, 0.000536, 0.042391, 0.162893]","[1, 1, -1, 1, 1, -1, -1]"
cloud_gaming,KT_GameBox,/indian-slp/Users/ug/ZEPA/Kritik/net_data/5G_Traffic_Datasets/Game_Streaming/KT_GameBox/KT_GameBox_4.csv,test,0,0.030385,True,1,0,0,5,4,15,0.061215,"[60, 48, 40, 40, 40, 2786, 40, 1390, 40, 40, 40, 40, 40, 40]","[0.0, 0.030385, 0.00033, 0.003829, 0.030474, 2.6e-05, 6e-05, 1.5e-05, 4.6e-05, 8e-05, 0.004143, 0.000134, 0.065859, 0.091862]","[1, -1, 1, -1, 1, -1, 1, -1, 1, 1, -1, -1, 1, 1]"
cloud_gaming,KT_GameBox,/indian-slp/Users/ug/ZEPA/Kritik/net_data/5G_Traffic_Datasets/Game_Streaming/KT_GameBox/KT_GameBox_4.csv,test,0,0.032014,True,0,0,0,5,4,15,0.061215,"[64, 557, 1390, 998, 104, 795, 502, 762]","[0.0, 0.042731, 0.032014, 0.00047, 0.003913, 0.000383, 0.030311, 0.126297]","[1, 1, -1, -1, 1, 1, -1, -1]"
cloud_gaming,KT_GameBox,/indian-slp/Users/ug/ZEPA/Kritik/net_data/5G_Traffic_Datasets/Game_Streaming/KT_GameBox/KT_GameBox_4.csv,test,0,0.029879,True,1,0,0,5,4,15,0.061215,"[60, 48, 40, 40, 40, 40, 40, 40, 40]","[0.0, 0.029879, 0.000231, 0.002743, 0.035556, 0.005906, 0.000285, 0.062983, 0.104817]","[1, -1, 1, -1, 1, -1, -1, 1, 1]"
cloud_gaming,KT_GameBox,/indian-slp/Users/ug/ZEPA/Kritik/net_data/5G_Traffic_Datasets/Game_Streaming/KT_GameBox/KT_GameBox_4.csv,test,0,0.035543,True,0,0,0,5,4,15,0.061215,"[64, 557, 6444, 104, 795, 486, 762]","[0.0, 0.044252, 0.035543, 0.005847, 0.00045, 0.031211, 0.135739]","[1, 1, -1, 1, 1, -1, -1]"
cloud_gaming,KT_GameBox,/indian-slp/Users/ug/ZEPA/Kritik/net_data/5G_Traffic_Datasets/Game_Streaming/KT_GameBox/KT_GameBox_4.csv,test,0,0.025872,True,1,0,0,5,4,15,0.061215,"[60, 48, 40, 40, 40, 40, 40, 40, 40]","[0.0, 0.025872, 0.000173, 0.002397, 0.033726, 0.003772, 0.000124, 0.072771, 0.095042]","[1, -1, 1, -1, 1, -1, -1, 1, 1]"
cloud_gaming,KT_GameBox,/indian-slp/Users/ug/ZEPA/Kritik/net_data/5G_Traffic_Datasets/Game_Streaming/KT_GameBox/KT_GameBox_4.csv,test,0,0.033737,True,0,0,0,5,4,15,0.061215,"[64, 557, 6444, 104, 795, 486, 762]","[0.0, 0.041881, 0.033737, 0.003896, 0.000232, 0.03718, 0.129718]","[1, 1, -1, 1, 1, -1, -1]"
cloud_gaming,KT_GameBox,/indian-slp/Users/ug/ZEPA/Kritik/net_data/5G_Traffic_Datasets/Game_Streaming/KT_GameBox/KT_GameBox_4.csv,test,0,0.039364,True,1,0,0,5,4,15,0.061215,"[60, 48, 40, 40, 40, 40, 40, 40, 40]","[0.0, 0.039364, 0.000209, 0.005386, 0.054623, 0.00478, 0.000205, 0.085365, 0.159437]","[1, -1, 1, -1, 1, -1, -1, 1, 1]"
cloud_gaming,KT_GameBox,/indian-slp/Users/ug/ZEPA/Kritik/net_data/5G_Traffic_Datasets/Game_Streaming/KT_GameBox/KT_GameBox_4.csv,test,0,0.054509,True,0,0,0,5,4,15,0.061215,"[64, 557, 265, 104, 795, 279, 762]","[0.0, 0.054692, 0.054509, 0.005137, 0.000376, 0.046574, 0.198174]","[1, 1, -1, 1, 1, -1, -1]"
cloud_gaming,KT_GameBox,/indian-slp/Users/ug/ZEPA/Kritik/net_data/5G_Traffic_Datasets/Game_Streaming/KT_GameBox/KT_GameBox_4.csv,test,0,0.038361,True,1,0,0,5,4,15,0.061215,"[60, 48, 40, 40, 40, 40, 40, 40, 40]","[0.0, 0.038361, 0.000156, 0.003149, 0.044999, 0.003876, 0.00015, 0.071512, 0.125961]","[1, -1, 1, -1, 1, -1, -1, 1, 1]"
cloud_gaming,KT_GameBox,/indian-slp/Users/ug/ZEPA/Kritik/net_data/5G_Traffic_Datasets/Game_Streaming/KT_GameBox/KT_GameBox_4.csv,test,0,0.045065,True,0,0,0,5,4,15,0.061215,"[64, 557, 265, 104, 795, 263, 762]","[0.0, 0.049666, 0.045065, 0.00394, 0.000278, 0.038515, 0.15885]","[1, 1, -1, 1, 1, -1, -1]"
cloud_gaming,KT_GameBox,/indian-slp/Users/ug/ZEPA/Kritik/net_data/5G_Traffic_Datasets/Game_Streaming/KT_GameBox/KT_GameBox_4.csv,test,3,0.032115,True,0,0,0,5,4,15,0.061215,"[68, 168, 68, 168, 78, 78, 244, 408, 67, 397]","[0.0, 0.032115, 0.043684, 0.039343, 5.055772, 0.005745, 0.034574, 0.007951, 0.437463, 0.040541]","[1, -1, 1, -1, 1, 1, -1, -1, 1, -1]"
cloud_gaming,KT_GameBox,/indian-slp/Users/ug/ZEPA/Kritik/net_data/5G_Traffic_Datasets/Game_Streaming/KT_GameBox/KT_GameBox_4.csv,test,0,0.025497,True,1,2,0,5,4,15,0.061215,"[60, 48, 40, 40, 40, 40, 40, 40, 40, 40, 40, 40, 40, 40, 40, 40, 40, 40, 40]","[0.0, 0.025497, 7.4e-05, 0.004723, 0.023861, 8.1e-05, 0.002592, 0.000198, 0.057374, 0.104622, 4.715156, 0.13612, 0.484546, 0.045233, 29.993796, 0.040203, 24.484306, 0.000431, 7e-06]","[1, -1, 1, -1, 1, 1, -1, -1, 1, 1, -1, 1, -1, 1, -1, 1, -1, 1, -1]"
cloud_gaming,KT_GameBox,/indian-slp/Users/ug/ZEPA/Kritik/net_data/5G_Traffic_Datasets/Game_Streaming/KT_GameBox/KT_GameBox_4.csv,test,0,0.023933,True,1,0,0,5,4,15,0.061215,"[60, 48, 40, 1064, 308, 40, 90, 40, 40, 40, 40, 40, 40, 40, 40, 40, 40, 40, 40, 40, 40, 40, 40, 40, 40, 40, 40, 40, 40, 40, 40, 40, 40, 40, 40, 40, 40, 40, 40, 40, 40, 40, 40, 40, 40, 40, 40, 40, 40, 40, 40, 40, 40, 40, 40, 40, 40, 40, 40, 40, 40, 40, 40, 40]","[0.0, 0.023933, 0.000319, 0.001686, 0.000125, 0.000148, 0.022559, 0.000515, 7.6e-05, 0.025493, 0.049346, 0.029759, 8.8e-05, 0.024975, 0.049906, 0.121286, 0.095552, 0.023404, 6.4e-05, 0.025753, 0.000118, 0.025849, 0.077933, 0.020679, 0.201332, 0.02901, 8.015453, 0.033826, 2.003725, 0.055581, 6.209642, 0.034425, 3.804913, 0.030022, 4.407032, 0.026283, 5.608474, 0.035668, 2.604841, 0.02707, 0.133375, 0.000134, 7.211836, 0.066776, 0.964868, 0.024974, 4.361952, 0.00014, 4.005423, 0.062606, 0.571278, 0.028688, 5.438424, 8.4e-05, 2.203259, 0.058218, 2.369617, 0.030782, 5.377202, 0.000108, 0.400396, 0.062033, 4.168914, 0.086043]","[1, -1, 1, 1, 1, -1, -1, 1, -1, -1, -1, -1, -1, -1, 1, 1, -1, 1, -1, -1, -1, -1, 1, 1, -1, 1, -1, 1, -1, 1, -1, 1, -1, 1, -1, 1, -1, 1, -1, 1, 1, -1, -1, 1, -1, 1, 1, -1, -1, 1, -1, 1, 1, -1, -1, 1, -1, 1, 1, -1, -1, 1, -1, 1]"
cloud_gaming,KT_GameBox,/indian-slp/Users/ug/ZEPA/Kritik/net_data/5G_Traffic_Datasets/Game_Streaming/KT_GameBox/KT_GameBox_4.csv,test,3,0.024393,True,0,0,0,5,4,15,0.061215,"[239, 1700, 366, 274, 194, 146, 386, 258, 178, 162, 162, 306, 226, 210, 162, 178, 178, 284, 162, 178, 268, 162, 226, 162, 146, 146, 226, 162, 146, 146, 226, 162, 146, 146, 226, 162, 146, 146, 242, 162, 226, 162, 146, 146, 242, 162, 146, 146, 226, 162, 242, 162, 146, 146, 226, 162, 242, 162, 146, 146, 226, 162, 146, 146]","[0.0, 0.024393, 0.001023, 0.048985, 0.000431, 0.019575, 0.010155, 0.000177, 0.024578, 0.000335, 0.019587, 0.150767, 0.096342, 0.023082, 0.00045, 0.02529, 0.000418, 0.000206, 0.025656, 0.000171, 0.044969, 0.053149, 0.201751, 0.028627, 8.015759, 0.033305, 2.004121, 0.055247, 6.210198, 0.033886, 3.80543, 0.029483, 4.40755, 0.025042, 5.609712, 0.035402, 2.605143, 0.026418, 0.133181, 0.00096, 7.211842, 0.029813, 1.001831, 0.024241, 4.361967, 0.000849, 4.005441, 0.031791, 0.602013, 0.027458, 5.439413, 0.000435, 2.203218, 0.023347, 2.404444, 0.029493, 5.377684, 0.00098, 0.400222, 0.024783, 4.206334, 0.08587, 4.00615, 0.029008]","[1, -1, 1, -1, 1, -1, 1, 1, -1, 1, -1, -1, 1, -1, 1, -1, 1, 1, -1, 1, -1, -1, 1, -1, 1, -1, 1, -1, 1, -1, 1, -1, 1, -1, 1, -1, 1, -1, -1, 1, 1, -1, 1, -1, -1, 1, 1, -1, 1, -1, -1, 1, 1, -1, 1, -1, -1, 1, 1, -1, 1, -1, 1, -1]"
cloud_gaming,KT_GameBox,/indian-slp/Users/ug/ZEPA/Kritik/net_data/5G_Traffic_Datasets/Game_Streaming/KT_GameBox/KT_GameBox_4.csv,test,1,0.020607,True,0,0,0,5,4,15,0.061215,"[46, 56, 52, 1300, 40, 52, 1300, 1300, 1300, 1300, 1300, 1300, 1300, 1300, 1300, 1300, 1300, 1300, 1300, 1300, 1300, 1300, 1300, 1300, 1300, 1300, 1300, 1300, 1300, 1300, 1300, 1300, 1300, 1300, 1300, 1300, 1300, 1300, 1300, 1300, 1300, 1300, 1300, 1300, 1300, 1300, 1300, 1300, 1300, 1300, 1300, 1300, 1300, 1300, 1300, 1300, 1300, 1300, 1300, 1300, 1300, 439, 1300, 52]","[0.0, 0.020607, 0.011367, 0.079707, 0.00018, 5.3e-05, 7.9e-05, 0.000109, 6.7e-05, 7.3e-05, 7.1e-05, 8e-05, 0.000111, 6.6e-05, 6.7e-05, 0.006851, 0.000332, 7.5e-05, 7e-05, 7.4e-05, 6.6e-05, 6.7e-05, 7.2e-05, 6.7e-05, 6.7e-05, 7.1e-05, 6.8e-05, 6.7e-05, 7e-05, 6.6e-05, 0.000181, 9.8e-05, 7e-05, 6.5e-05, 7.2e-05, 6.7e-05, 6.6e-05, 7e-05, 6.8e-05, 6.4e-05, 7.1e-05, 6.6e-05, 6.5e-05, 6.6e-05, 7e-05, 6.5e-05, 6.4e-05, 7.6e-05, 6.6e-05, 6.5e-05, 7.5e-05, 6.6e-05, 6.5e-05, 7e-05, 6.7e-05, 6.4e-05, 7e-05, 0.003056, 0.00078, 0.000104, 5.5e-05, 5e-05, 0.003657, 0.001224]","[1, -1, 1, -1, 1, 1, -1, -1, -1, -1, -1, -1, -1, -1, -1, -1, -1, -1, -1, -1, -1, -1, -1, -1, -1, -1, -1, -1, -1, -1, -1, -1, -1, -1, -1, -1, -1, -1, -1, -1, -1, -1, -1, -1, -1, -1, -1, -1, -1, -1, -1, -1, -1, -1, -1, -1, -1, -1, -1, -1, -1, -1, -1, 1]"
cloud_gaming,KT_GameBox,/indian-slp/Users/ug/ZEPA/Kritik/net_data/5G_Traffic_Datasets/Game_Streaming/KT_GameBox/KT_GameBox_4.csv,test,0,0.025885,True,1,0,0,5,4,15,0.061215,"[60, 48, 40, 2740, 40, 4090, 40, 1390, 40, 10000, 40, 880, 40, 4372, 40, 5545, 40, 4149, 40, 4149, 40, 8245, 40, 4149, 40, 8245, 40, 4149, 40, 4149, 40, 8245, 40, 4149, 40, 8245, 40, 4149, 40, 4149, 40, 8245, 40, 4149, 40, 8245, 40, 4149, 40, 4149, 40, 8245, 40, 4149, 40, 8245, 40, 2740, 40, 1449, 40, 4149, 40, 8245]","[0.0, 0.025885, 0.000376, 0.056999, 0.000223, 0.030291, 0.000673, 0.000125, 0.000123, 0.032275, 0.000256, 8.1e-05, 0.000161, 0.017496, 0.000232, 0.012209, 0.000167, 0.022193, 0.000456, 0.030295, 0.00099, 0.02854, 0.000505, 0.029492, 0.000866, 0.037034, 0.005115, 0.020411, 0.000324, 0.021115, 0.000136, 0.035324, 0.000904, 0.030701, 0.000271, 0.039037, 0.000395, 0.016546, 0.000242, 0.032125, 0.000285, 0.031786, 0.000381, 0.024945, 0.00035, 0.042057, 0.001026, 0.022039, 0.000461, 0.021978, 0.000805, 0.028546, 0.000372, 0.042736, 0.000487, 0.026807, 0.001541, 0.017608, 0.000349, 0.01245, 0.000407, 0.034669, 0.000413, 0.017368]","[1, -1, 1, -1, 1, -1, 1, -1, 1, -1, 1, -1, 1, -1, 1, -1, 1, -1, 1, -1, 1, -1, 1, -1, 1, -1, 1, -1, 1, -1, 1, -1, 1, -1, 1, -1, 1, -1, 1, -1, 1, -1, 1, -1, 1, -1, 1, -1, 1, -1, 1, -1, 1, -1, 1, -1, 1, -1, 1, -1, 1, -1, 1, -1]"
cloud_gaming,KT_GameBox,/indian-slp/Users/ug/ZEPA/Kritik/net_data/5G_Traffic_Datasets/Game_Streaming/KT_GameBox/KT_GameBox_4.csv,test,0,0.048901,True,0,0,0,5,4,15,0.061215,"[557, 196, 91, 398, 10000, 10000, 10000, 4074, 368, 10000, 10000, 10000, 1374]","[0.0, 0.048901, 0.002316, 0.000162, 0.070175, 0.000247, 0.018427, 0.000284, 0.004057, 0.037853, 0.000346, 0.005967, 0.000603]","[1, -1, 1, 1, -1, -1, -1, -1, 1, -1, -1, -1, -1]"
cloud_gaming,KT_GameBox,/indian-slp/Users/ug/ZEPA/Kritik/net_data/5G_Traffic_Datasets/Game_Streaming/KT_GameBox/KT_GameBox_4.csv,test,0,0.031848,True,1,2,0,5,4,15,0.061215,"[60, 48, 40, 40, 40, 40, 40, 40, 40, 40, 40, 40, 40, 40]","[0.0, 0.031848, 0.000194, 0.00729, 0.043219, 0.004821, 0.000172, 0.059431, 0.129106, 29.999814, 0.031085, 29.679071, 8.5e-05, 5e-06]","[1, -1, 1, -1, 1, -1, -1, 1, 1, -1, 1, -1, 1, -1]"
cloud_gaming,KT_GameBox,/indian-slp/Users/ug/ZEPA/Kritik/net_data/5G_Traffic_Datasets/Game_Streaming/KT_GameBox/KT_GameBox_4.csv,test,0,0.468559,True,1,2,0,5,4,15,0.061215,"[60, 48, 40, 552, 40, 40, 40, 40, 40, 40, 40, 40, 40, 40, 40]","[0.0, 0.468559, 0.000542, 0.004108, 0.000947, 0.041226, 0.000419, 0.000379, 0.081649, 0.124513, 29.98526, 0.040634, 29.244108, 0.000439, 6e-06]","[1, -1, 1, 1, -1, 1, -1, -1, 1, 1, -1, 1, -1, 1, -1]"
cloud_gaming,KT_GameBox,/indian-slp/Users/ug/ZEPA/Kritik/net_data/5G_Traffic_Datasets/Game_Streaming/KT_GameBox/KT_GameBox_4.csv,test,0,0.0,False,0,2,0,5,4,15,0.061215,"[40, 40, 40, 40, 40]","[0.0, 0.037532, 29.720881, 0.00019, 4e-06]","[-1, 1, -1, 1, -1]"
cloud_gaming,KT_GameBox,/indian-slp/Users/ug/ZEPA/Kritik/net_data/5G_Traffic_Datasets/Game_Streaming/KT_GameBox/KT_GameBox_4.csv,test,0,0.0,False,0,2,0,5,4,15,0.061215,"[40, 40, 40, 40, 40]","[0.0, 0.036812, 29.70742, 0.000105, 6e-06]","[-1, 1, -1, 1, -1]"
cloud_gaming,KT_GameBox,/indian-slp/Users/ug/ZEPA/Kritik/net_data/5G_Traffic_Datasets/Game_Streaming/KT_GameBox/KT_GameBox_4.csv,test,0,0.0,False,0,2,0,5,4,15,0.061215,"[40, 40, 40, 40, 40]","[0.0, 0.039704, 29.709595, 0.000157, 8e-06]","[-1, 1, -1, 1, -1]"
cloud_gaming,KT_GameBox,/indian-slp/Users/ug/ZEPA/Kritik/net_data/5G_Traffic_Datasets/Game_Streaming/KT_GameBox/KT_GameBox_4.csv,test,0,0.0,False,0,2,0,5,4,15,0.061215,"[40, 40, 40, 40, 40]","[0.0, 0.036104, 29.599122, 8.4e-05, 3e-06]","[-1, 1, -1, 1, -1]"
cloud_gaming,KT_GameBox,/indian-slp/Users/ug/ZEPA/Kritik/net_data/5G_Traffic_Datasets/Game_Streaming/KT_GameBox/KT_GameBox_4.csv,test,0,0.0,False,0,2,0,5,4,15,0.061215,"[40, 40, 40, 40, 40]","[0.0, 0.031779, 29.669587, 9.1e-05, 3e-06]","[-1, 1, -1, 1, -1]"
cloud_gaming,KT_GameBox,/indian-slp/Users/ug/ZEPA/Kritik/net_data/5G_Traffic_Datasets/Game_Streaming/KT_GameBox/KT_GameBox_4.csv,test,0,0.047521,True,0,0,0,5,4,15,0.061215,"[64, 557, 2740, 3744, 104, 795, 502, 762]","[0.0, 0.043854, 0.047521, 0.000936, 0.002816, 0.000381, 0.043451, 0.142096]","[1, 1, -1, -1, 1, 1, -1, -1]"
cloud_gaming,KT_GameBox,/indian-slp/Users/ug/ZEPA/Kritik/net_data/5G_Traffic_Datasets/Game_Streaming/KT_GameBox/KT_GameBox_4.csv,test,0,0.033987,True,1,1,0,5,4,15,0.061215,"[60, 48, 40, 40, 40, 40, 40, 40, 40, 40, 40, 40]","[0.0, 0.033987, 0.000187, 0.003403, 0.047441, 0.000809, 0.003044, 9e-05, 0.074854, 0.111359, 29.999448, 0.039208]","[1, -1, 1, -1, 1, 1, -1, -1, 1, 1, -1, 1]"
cloud_gaming,KT_GameBox,/indian-slp/Users/ug/ZEPA/Kritik/net_data/5G_Traffic_Datasets/Game_Streaming/KT_GameBox/KT_GameBox_5.csv,pretrain,0,0.030095,True,1,0,0,5,4,15,0.061307,"[60, 48, 40, 40, 40, 40, 40, 40, 40, 40, 40, 40, 40]","[0.0, 0.030095, 0.000105, 0.002295, 0.034791, 0.005168, 7.5e-05, 0.057043, 0.107504, 4.642061, 0.126944, 0.265821, 0.052888]","[1, -1, 1, -1, 1, -1, -1, 1, 1, -1, 1, -1, 1]"
cloud_gaming,KT_GameBox,/indian-slp/Users/ug/ZEPA/Kritik/net_data/5G_Traffic_Datasets/Game_Streaming/KT_GameBox/KT_GameBox_5.csv,pretrain,0,0.034821,True,0,0,0,5,4,15,0.061307,"[557, 6444, 104, 795, 518, 762, 763, 804, 763, 779]","[0.0, 0.034821, 0.005224, 0.000161, 0.024792, 0.139672, 4.641833, 0.127157, 0.26576, 0.052438]","[1, -1, 1, 1, -1, -1, 1, -1, 1, -1]"
cloud_gaming,KT_GameBox,/indian-slp/Users/ug/ZEPA/Kritik/net_data/5G_Traffic_Datasets/Game_Streaming/KT_GameBox/KT_GameBox_5.csv,pretrain,0,0.032994,True,0,0,0,5,4,15,0.061307,"[557, 6429, 104, 293, 502, 209, 118, 111, 169, 630]","[0.0, 0.032994, 0.002924, 0.000167, 0.027419, 0.014451, 0.019739, 0.034574, 0.002346, 0.001016]","[1, -1, 1, 1, -1, -1, 1, -1, 1, 1]"
cloud_gaming,KT_GameBox,/indian-slp/Users/ug/ZEPA/Kritik/net_data/5G_Traffic_Datasets/Game_Streaming/KT_GameBox/KT_GameBox_5.csv,pretrain,0,0.03122,True,1,0,0,5,4,15,0.061307,"[60, 48, 40, 40, 40, 40, 40, 40, 40, 40, 40]","[0.0, 0.03122, 0.000122, 0.002305, 0.032981, 0.002796, 8.6e-05, 0.049613, 0.012058, 0.037099, 0.000805]","[1, -1, 1, -1, 1, -1, -1, 1, -1, -1, -1]"
cloud_gaming,KT_GameBox,/indian-slp/Users/ug/ZEPA/Kritik/net_data/5G_Traffic_Datasets/Game_Streaming/KT_GameBox/KT_GameBox_5.csv,pretrain,0,0.0,False,5,0,0,1,1,1,0.03316,"[60, 60, 60, 60, 60]","[0.0, 1.997097, 4.000018, 8.160342, 15.99957]","[1, 1, 1, 1, 1]"
cloud_gaming,KT_GameBox,/indian-slp/Users/ug/ZEPA/Kritik/net_data/5G_Traffic_Datasets/Game_Streaming/KT_GameBox/KT_GameBox_5.csv,pretrain,0,0.052589,True,1,0,0,5,4,15,0.061307,"[60, 48, 40, 40, 40, 40, 40, 10000, 3580, 40, 40, 4420, 2740, 40, 40, 40, 10000, 40, 10000, 40, 700, 8140, 40, 40]","[0.0, 0.052589, 0.000212, 0.001525, 0.048265, 0.001808, 8.4e-05, 0.055232, 0.000431, 7.4e-05, 0.050305, 1.7e-05, 0.011858, 0.000243, 0.034276, 0.007732, 0.067416, 0.001812, 2.1e-05, 0.001488, 1.2e-05, 0.0027, 0.000169, 0.068929]","[1, -1, 1, -1, 1, -1, -1, -1, -1, 1, 1, -1, -1, 1, 1, -1, -1, 1, -1, 1, -1, -1, 1, 1]"
cloud_gaming,KT_GameBox,/indian-slp/Users/ug/ZEPA/Kritik/net_data/5G_Traffic_Datasets/Game_Streaming/KT_GameBox/KT_GameBox_5.csv,pretrain,0,0.039733,True,0,0,0,5,4,15,0.061307,"[64, 557, 2740, 2348, 104, 795, 502, 762]","[0.0, 0.044651, 0.039733, 0.006457, 0.003633, 0.000258, 0.031608, 0.149791]","[1, 1, -1, -1, 1, 1, -1, -1]"
cloud_gaming,KT_GameBox,/indian-slp/Users/ug/ZEPA/Kritik/net_data/5G_Traffic_Datasets/Game_Streaming/KT_GameBox/KT_GameBox_5.csv,pretrain,0,0.037464,True,1,0,0,5,4,15,0.061307,"[60, 48, 40, 40, 40, 2786, 40, 1390, 40, 40, 40, 40, 40, 40]","[0.0, 0.037464, 0.000254, 0.004618, 0.037699, 1.6e-05, 4.3e-05, 1.4e-05, 3.1e-05, 7.7e-05, 0.001909, 0.000925, 0.069842, 0.118071]","[1, -1, 1, -1, 1, -1, 1, -1, 1, 1, -1, -1, 1, 1]"
cloud_gaming,KT_GameBox,/indian-slp/Users/ug/ZEPA/Kritik/net_data/5G_Traffic_Datasets/Game_Streaming/KT_GameBox/KT_GameBox_5.csv,pretrain,0,0.037654,True,0,0,0,5,4,15,0.061307,"[64, 557, 1390, 998, 104, 795, 502, 762]","[0.0, 0.049685, 0.037654, 0.000401, 0.001867, 0.00096, 0.032069, 0.155751]","[1, 1, -1, -1, 1, 1, -1, -1]"
cloud_gaming,KT_GameBox,/indian-slp/Users/ug/ZEPA/Kritik/net_data/5G_Traffic_Datasets/Game_Streaming/KT_GameBox/KT_GameBox_5.csv,pretrain,0,0.041703,True,0,0,0,5,4,15,0.061307,"[64, 557, 1390, 5094, 104, 795, 502, 762]","[0.0, 0.082174, 0.041703, 0.00121, 0.009307, 0.000177, 0.037627, 0.163212]","[1, 1, -1, -1, 1, 1, -1, -1]"
cloud_gaming,KT_GameBox,/indian-slp/Users/ug/ZEPA/Kritik/net_data/5G_Traffic_Datasets/Game_Streaming/KT_GameBox/KT_GameBox_5.csv,pretrain,0,0.049481,True,0,0,0,5,4,15,0.061307,"[64, 557, 4090, 2394, 104, 795, 502, 762]","[0.0, 0.048525, 0.049481, 0.000514, 0.004106, 0.001546, 0.043626, 0.155032]","[1, 1, -1, -1, 1, 1, -1, -1]"
cloud_gaming,KT_GameBox,/indian-slp/Users/ug/ZEPA/Kritik/net_data/5G_Traffic_Datasets/Game_Streaming/KT_GameBox/KT_GameBox_5.csv,pretrain,0,0.041283,True,0,0,0,5,4,15,0.061307,"[64, 557, 1390, 2348, 104, 795, 502, 762]","[0.0, 0.065848, 0.041283, 0.006047, 0.003813, 0.000405, 0.048134, 0.156535]","[1, 1, -1, -1, 1, 1, -1, -1]"
cloud_gaming,KT_GameBox,/indian-slp/Users/ug/ZEPA/Kritik/net_data/5G_Traffic_Datasets/Game_Streaming/KT_GameBox/KT_GameBox_5.csv,pretrain,0,0.055587,True,1,0,0,5,4,15,0.061307,"[60, 48, 40, 40, 40, 40, 40, 40, 40]","[0.0, 0.055587, 0.00018, 0.00282, 0.04223, 0.000323, 0.000201, 0.087087, 0.081535]","[1, -1, 1, -1, 1, -1, -1, 1, 1]"
cloud_gaming,KT_GameBox,/indian-slp/Users/ug/ZEPA/Kritik/net_data/5G_Traffic_Datasets/Game_Streaming/KT_GameBox/KT_GameBox_5.csv,pretrain,0,0.038895,True,0,0,0,5,4,15,0.061307,"[64, 557, 6444, 104, 795, 502, 762]","[0.0, 0.06452, 0.038895, 0.003552, 0.00039, 0.04752, 0.120278]","[1, 1, -1, 1, 1, -1, -1]"
cloud_gaming,KT_GameBox,/indian-slp/Users/ug/ZEPA/Kritik/net_data/5G_Traffic_Datasets/Game_Streaming/KT_GameBox/KT_GameBox_5.csv,pretrain,0,0.040621,True,0,0,0,5,4,15,0.061307,"[64, 557, 265, 104, 795, 263, 762]","[0.0, 0.075645, 0.040621, 0.003226, 0.000228, 0.047853, 0.143748]","[1, 1, -1, 1, 1, -1, -1]"
cloud_gaming,KT_GameBox,/indian-slp/Users/ug/ZEPA/Kritik/net_data/5G_Traffic_Datasets/Game_Streaming/KT_GameBox/KT_GameBox_5.csv,pretrain,0,0.049888,True,1,0,0,5,4,15,0.061307,"[60, 48, 40, 40, 40, 40, 40, 40, 40]","[0.0, 0.049888, 0.000183, 0.002925, 0.047587, 0.004041, 0.000131, 0.083801, 0.102095]","[1, -1, 1, -1, 1, -1, -1, 1, 1]"
cloud_gaming,KT_GameBox,/indian-slp/Users/ug/ZEPA/Kritik/net_data/5G_Traffic_Datasets/Game_Streaming/KT_GameBox/KT_GameBox_5.csv,pretrain,3,0.138962,True,0,0,0,5,4,15,0.061307,"[68, 68, 168, 168, 78, 78, 244, 408, 67, 397]","[0.0, 0.074792, 0.06417, 0.014093, 4.975744, 0.002896, 0.051932, 0.000223, 0.22355, 0.058054]","[1, 1, -1, -1, 1, 1, -1, -1, 1, -1]"
cloud_gaming,KT_GameBox,/indian-slp/Users/ug/ZEPA/Kritik/net_data/5G_Traffic_Datasets/Game_Streaming/KT_GameBox/KT_GameBox_5.csv,pretrain,0,0.043953,True,1,0,0,5,4,15,0.061307,"[60, 48, 40, 1064, 308, 40, 90, 40, 40, 40, 40, 40, 40, 40, 40, 40, 40, 40, 40, 40, 40, 40, 40, 40, 40, 40, 40, 40, 40, 40, 40, 40, 40, 40, 40, 40, 40, 40, 40, 40, 40, 40, 40, 40, 40, 40, 40, 40, 40, 40, 40, 40, 40, 40, 40, 40, 40, 40, 40, 40, 40, 40, 40, 40]","[0.0, 0.043953, 0.000877, 0.000298, 0.000196, 8.9e-05, 0.038593, 0.000483, 0.000787, 0.044861, 0.064688, 0.048354, 0.000267, 0.039491, 0.083538, 0.085596, 0.136977, 0.034857, 0.000199, 0.043776, 0.000378, 0.056422, 0.072116, 0.027058, 0.200627, 0.051553, 8.013224, 0.038001, 2.00335, 0.060788, 6.208112, 0.036576, 3.805616, 0.051014, 4.406883, 0.047762, 5.608986, 0.05103, 2.603366, 0.036526, 7.410301, 0.040107, 0.801264, 0.03465, 8.214488, 0.040092, 1.001759, 0.030666, 7.209, 0.04444, 2.804779, 0.036027, 5.407625, 0.05513, 4.606101, 0.053668, 3.606117, 0.054346, 6.408226, 0.041191, 1.803099, 0.047983, 8.211568, 0.000122]","[1, -1, 1, 1, 1, -1, -1, 1, -1, -1, -1, -1, -1, -1, 1, 1, -1, 1, -1, -1, -1, -1, 1, 1, -1, 1, -1, 1, -1, 1, -1, 1, -1, 1, -1, 1, -1, 1, -1, 1, -1, 1, -1, 1, -1, 1, -1, 1, -1, 1, -1, 1, -1, 1, -1, 1, -1, 1, -1, 1, -1, 1, -1, -1]"
cloud_gaming,KT_GameBox,/indian-slp/Users/ug/ZEPA/Kritik/net_data/5G_Traffic_Datasets/Game_Streaming/KT_GameBox/KT_GameBox_5.csv,pretrain,3,0.043576,True,0,0,0,5,4,15,0.061307,"[239, 1700, 366, 274, 194, 146, 386, 242, 178, 162, 162, 306, 226, 210, 162, 178, 178, 284, 4090, 162, 178, 268, 5440, 162, 5545, 226, 162, 5545, 5545, 1449, 6895, 4195, 5545, 5545, 4195, 4195, 2845, 1495, 5545, 5440, 1495, 2845, 2799, 5545, 5545, 2845, 6895, 5545, 4195, 4195, 2740, 2845, 4090, 1495, 2845, 4195, 1449, 1495, 4090, 5440, 2845, 4195, 4090, 2845]","[0.0, 0.043576, 0.001264, 0.063522, 0.001219, 0.040553, 0.007659, 0.00044, 0.039143, 0.000346, 0.048693, 0.12022, 0.137098, 0.0348, 0.000349, 0.042904, 0.000528, 0.000704, 0.048478, 0.00762, 0.000322, 0.039303, 0.019688, 0.040007, 0.036181, 0.164611, 0.051278, 0.157066, 0.379575, 0.105799, 0.100838, 0.060377, 0.157643, 0.082184, 0.218627, 0.150358, 0.089913, 0.273479, 0.43786, 0.244831, 0.012118, 0.108471, 0.062425, 0.034513, 0.149946, 0.052786, 0.144749, 0.094555, 0.218302, 0.082574, 0.066396, 0.288352, 0.065112, 0.013852, 0.075707, 0.062299, 0.11295, 0.341601, 0.665273, 0.139458, 0.096419, 0.052144, 0.067013, 0.000328]","[1, -1, 1, -1, 1, -1, 1, 1, -1, 1, -1, -1, 1, -1, 1, -1, 1, 1, -1, -1, 1, -1, -1, -1, -1, 1, -1, -1, -1, -1, -1, -1, -1, -1, -1, -1, -1, -1, -1, -1, -1, -1, -1, -1, -1, -1, -1, -1, -1, -1, -1, -1, -1, -1, -1, -1, -1, -1, -1, -1, -1, -1, -1, -1]"
cloud_gaming,KT_GameBox,/indian-slp/Users/ug/ZEPA/Kritik/net_data/5G_Traffic_Datasets/Game_Streaming/KT_GameBox/KT_GameBox_5.csv,pretrain,0,0.048201,True,0,0,0,5,4,15,0.061307,"[557, 196, 91, 398, 10000, 10000, 10000, 4074, 368, 10000, 10000, 5934]","[0.0, 0.048201, 0.001919, 0.000165, 0.105028, 0.000775, 0.045595, 0.000504, 0.008135, 0.06775, 0.001761, 0.040295]","[1, -1, 1, 1, -1, -1, -1, -1, 1, -1, -1, -1]"
cloud_gaming,KT_GameBox,/indian-slp/Users/ug/ZEPA/Kritik/net_data/5G_Traffic_Datasets/Game_Streaming/KT_GameBox/KT_GameBox_5.csv,pretrain,1,0.040838,True,0,0,0,5,4,15,0.061307,"[46, 56, 52, 1300, 52, 1300, 1300, 1300, 1300, 1300, 1300, 1300, 1300, 1300, 1300, 1300, 1300, 1300, 1300, 1300, 1300, 1300, 1300, 1300, 1300, 1300, 1300, 1300, 1300, 1300, 1300, 52, 1300, 1300, 1300, 1300, 1300, 1300, 1300, 1300, 1300, 1300, 1300, 1300, 1300, 1300, 1300, 1300, 1300, 1300, 1300, 1300, 1300, 1300, 1300, 1300, 1300, 1300, 1300, 1300, 1300, 1300, 1300, 1300]","[0.0, 0.040838, 0.005882, 0.113603, 0.000404, 0.000476, 0.000323, 0.000122, 0.000125, 0.000116, 0.000112, 0.000122, 0.000227, 0.000108, 0.010156, 0.000235, 0.000912, 0.000111, 0.000118, 0.000103, 0.0001, 0.0001, 0.000111, 0.000227, 0.000117, 0.000111, 0.000146, 0.000101, 0.000121, 0.000102, 0.0001, 0.005255, 0.004821, 0.000159, 0.000112, 0.000121, 0.000105, 0.000106, 0.000113, 0.000107, 0.000102, 0.000113, 0.000105, 0.000103, 0.000113, 0.000106, 0.000103, 0.000113, 0.000106, 0.000104, 0.000102, 0.000113, 0.000104, 0.000104, 0.000113, 0.000106, 0.000105, 0.000114, 0.000105, 0.000104, 0.000113, 0.000105, 0.000106, 0.000114]","[1, -1, 1, -1, 1, -1, -1, -1, -1, -1, -1, -1, -1, -1, -1, -1, -1, -1, -1, -1, -1, -1, -1, -1, -1, -1, -1, -1, -1, -1, -1, 1, -1, -1, -1, -1, -1, -1, -1, -1, -1, -1, -1, -1, -1, -1, -1, -1, -1, -1, -1, -1, -1, -1, -1, -1, -1, -1, -1, -1, -1, -1, -1, -1]"
cloud_gaming,KT_GameBox,/indian-slp/Users/ug/ZEPA/Kritik/net_data/5G_Traffic_Datasets/Game_Streaming/KT_GameBox/KT_GameBox_5.csv,pretrain,0,0.030905,True,1,0,0,5,4,15,0.061307,"[60, 48, 40, 40, 40, 40, 40, 40, 40, 40, 40, 40, 40, 40, 40, 40, 40, 40, 40, 40, 40, 40, 40, 40, 40, 40, 40, 40, 40, 40, 40, 40, 40, 40, 40, 40, 40, 40, 40, 40, 40, 40, 40, 40, 40, 40, 40, 40, 40, 40, 40, 40, 40, 40, 40, 40, 40, 40, 40, 40, 40, 40, 40, 40]","[0.0, 0.030905, 0.000285, 0.091663, 0.036459, 0.000475, 0.035216, 0.005536, 0.000363, 0.025303, 0.000263, 0.012682, 0.012914, 0.025877, 0.000222, 0.023928, 0.000131, 0.028812, 0.036245, 0.027054, 0.000121, 0.030982, 0.03115, 0.000214, 0.031588, 0.000294, 0.045076, 0.008065, 0.000533, 0.035847, 0.023142, 0.000399, 0.03438, 0.038791, 0.000739, 0.017835, 0.000634, 0.032809, 0.000508, 0.028115, 0.033681, 0.000492, 0.029711, 0.029414, 0.035976, 0.019002, 0.030467, 0.000387, 0.026869, 0.035323, 0.000452, 0.023762, 0.000403, 0.032936, 0.000413, 0.040423, 0.024958, 0.040076, 0.000262, 0.00566, 0.000175, 0.011623, 0.037171, 0.000515]","[1, -1, 1, 1, 1, 1, 1, 1, 1, 1, 1, 1, 1, 1, 1, 1, 1, 1, 1, 1, 1, 1, 1, 1, 1, 1, 1, 1, 1, 1, 1, 1, 1, 1, 1, 1, 1, 1, 1, 1, 1, 1, 1, 1, 1, 1, 1, 1, 1, 1, 1, 1, 1, 1, 1, 1, 1, 1, 1, 1, 1, 1, 1, 1]"
cloud_gaming,KT_GameBox,/indian-slp/Users/ug/ZEPA/Kritik/net_data/5G_Traffic_Datasets/Game_Streaming/KT_GameBox/KT_GameBox_5.csv,pretrain,0,0.0,False,0,0,0,5,4,15,0.061307,"[2740, 1390, 2740, 4090, 4090, 2740, 1777, 4149, 4090, 99, 2740, 4149, 8245, 4090, 99, 4149, 5440, 2845, 4090, 99, 8245, 4090, 99, 4149, 5440, 2845, 4149, 2740, 4090, 99, 4090, 99, 8245, 2740, 1449, 8245, 4149, 4149, 8245, 2740, 1449, 8245, 4090, 99, 2740, 1449, 2740, 4149, 8245, 2740, 2740, 2740, 2845, 4090, 99, 2740, 1449, 1390, 2740, 1449, 4090, 4149, 2740, 1449]","[0.0, 0.037367, 0.035069, 0.005488, 0.000696, 0.025541, 0.012246, 0.013274, 0.025967, 0.000294, 0.023904, 0.028841, 0.036278, 0.027103, 0.000191, 0.030709, 0.031274, 0.000297, 0.031458, 0.000339, 0.043706, 0.009329, 0.00066, 0.035743, 0.023063, 0.000516, 0.034139, 0.038808, 0.018714, 0.000692, 0.032704, 0.000551, 0.028007, 0.033757, 0.000553, 0.029594, 0.02942, 0.036095, 0.018916, 0.030506, 0.000438, 0.026795, 0.035272, 0.000594, 0.023749, 0.00038, 0.03289, 0.04087, 0.024615, 0.040651, 0.005953, 0.000192, 0.011628, 0.037006, 0.000567, 0.01532, 0.011879, 0.018341, 0.035126, 0.000284, 0.02493, 0.029629, 0.031614, 0.010267]","[-1, -1, -1, -1, -1, -1, -1, -1, -1, -1, -1, -1, -1, -1, -1, -1, -1, -1, -1, -1, -1, -1, -1, -1, -1, -1, -1, -1, -1, -1, -1, -1, -1, -1, -1, -1, -1, -1, -1, -1, -1, -1, -1, -1, -1, -1, -1, -1, -1, -1, -1, -1, -1, -1, -1, -1, -1, -1, -1, -1, -1, -1, -1, -1]"
cloud_gaming,KT_GameBox,/indian-slp/Users/ug/ZEPA/Kritik/net_data/5G_Traffic_Datasets/Game_Streaming/KT_GameBox/KT_GameBox_5.csv,pretrain,0,0.0,False,0,2,0,5,4,15,0.061307,"[40, 40, 40, 40, 40]","[0.0, 0.038058, 24.721164, 9.9e-05, 5e-06]","[-1, 1, -1, 1, -1]"
cloud_gaming,KT_GameBox,/indian-slp/Users/ug/ZEPA/Kritik/net_data/5G_Traffic_Datasets/Game_Streaming/KT_GameBox/KT_GameBox_5.csv,pretrain,0,0.03475,True,1,2,0,5,4,15,0.061307,"[60, 48, 40, 40, 40, 1436, 40, 40, 40, 40, 40, 40, 40, 40, 40, 40, 40]","[0.0, 0.03475, 0.000233, 0.002733, 0.040633, 0.004922, 0.000354, 0.00365, 0.000151, 0.000147, 0.067508, 0.114861, 29.99869, 0.032731, 29.689568, 0.000471, 5e-06]","[1, -1, 1, -1, 1, -1, 1, 1, -1, -1, 1, 1, -1, 1, -1, 1, -1]"
cloud_gaming,KT_GameBox,/indian-slp/Users/ug/ZEPA/Kritik/net_data/5G_Traffic_Datasets/Game_Streaming/KT_GameBox/KT_GameBox_5.csv,pretrain,0,0.0,False,0,2,0,5,4,15,0.061307,"[40, 40, 40, 40, 40]","[0.0, 0.031272, 29.683102, 0.000103, 5e-06]","[-1, 1, -1, 1, -1]"
cloud_gaming,KT_GameBox,/indian-slp/Users/ug/ZEPA/Kritik/net_data/5G_Traffic_Datasets/Game_Streaming/KT_GameBox/KT_GameBox_5.csv,pretrain,0,0.073641,True,1,2,0,5,4,15,0.061307,"[60, 48, 40, 40, 40, 40, 40, 40, 40, 40, 40, 40, 40, 40, 40]","[0.0, 0.073641, 0.000147, 0.002677, 0.042489, 0.00917, 0.000242, 0.000127, 0.072298, 0.129573, 29.996791, 0.03354, 29.633805, 0.000226, 5e-06]","[1, -1, 1, -1, 1, 1, -1, -1, 1, 1, -1, 1, -1, 1, -1]"
cloud_gaming,KT_GameBox,/indian-slp/Users/ug/ZEPA/Kritik/net_data/5G_Traffic_Datasets/Game_Streaming/KT_GameBox/KT_GameBox_5.csv,pretrain,0,0.038585,True,1,2,0,5,4,15,0.061307,"[60, 48, 40, 40, 40, 40, 40, 40, 40, 40, 40, 40, 40, 40, 40]","[0.0, 0.038585, 0.00018, 0.002872, 0.049449, 0.000242, 0.004145, 0.001485, 0.082051, 0.117366, 29.99001, 0.032589, 29.679561, 0.000111, 4e-06]","[1, -1, 1, -1, 1, 1, -1, -1, 1, 1, -1, 1, -1, 1, -1]"
cloud_gaming,KT_GameBox,/indian-slp/Users/ug/ZEPA/Kritik/net_data/5G_Traffic_Datasets/Game_Streaming/KT_GameBox/KT_GameBox_5.csv,pretrain,0,0.053653,True,1,2,0,5,4,15,0.061307,"[60, 48, 40, 40, 40, 2786, 40, 40, 40, 40, 40, 40, 40, 40, 40, 40, 40]","[0.0, 0.053653, 0.00017, 0.002805, 0.042011, 0.004582, 0.000312, 0.003833, 0.000469, 0.000265, 0.082927, 0.122399, 29.982311, 0.035314, 29.655437, 9e-05, 3e-06]","[1, -1, 1, -1, 1, -1, 1, 1, -1, -1, 1, 1, -1, 1, -1, 1, -1]"
cloud_gaming,KT_GameBox,/indian-slp/Users/ug/ZEPA/Kritik/net_data/5G_Traffic_Datasets/Game_Streaming/KT_GameBox/KT_GameBox_5.csv,pretrain,0,0.0,False,0,2,0,5,4,15,0.061307,"[40, 40, 40, 40, 40]","[0.0, 0.034774, 29.684922, 6.2e-05, 2e-06]","[-1, 1, -1, 1, -1]"
cloud_gaming,KT_GameBox,/indian-slp/Users/ug/ZEPA/Kritik/net_data/5G_Traffic_Datasets/Game_Streaming/KT_GameBox/KT_GameBox_5.csv,pretrain,0,0.066686,True,1,2,0,5,4,15,0.061307,"[60, 48, 40, 40, 40, 40, 40, 40, 40, 40, 40, 40, 40, 40]","[0.0, 0.066686, 0.000185, 0.002901, 0.043566, 0.000139, 0.000117, 0.085368, 0.107387, 29.997946, 0.034707, 29.662013, 0.00048, 6e-06]","[1, -1, 1, -1, 1, -1, -1, 1, 1, -1, 1, -1, 1, -1]"
cloud_gaming,KT_GameBox,/indian-slp/Users/ug/ZEPA/Kritik/net_data/5G_Traffic_Datasets/Game_Streaming/KT_GameBox/KT_GameBox_5.csv,pretrain,0,0.047554,True,0,0,0,5,4,15,0.061307,"[64, 557, 265, 104, 795, 279, 762]","[0.0, 0.062291, 0.047554, 0.004185, 0.000271, 0.051181, 0.133934]","[1, 1, -1, 1, 1, -1, -1]"
cloud_gaming,KT_GameBox,/indian-slp/Users/ug/ZEPA/Kritik/net_data/5G_Traffic_Datasets/Game_Streaming/KT_GameBox/KT_GameBox_6.csv,pretrain,0,0.023429,True,0,0,0,5,5,18,0.051366,"[557, 2740, 3744, 104, 795, 486, 762, 763, 823, 64, 557, 1390, 5094, 104, 763, 518, 779]","[0.0, 0.023429, 0.000265, 0.002795, 0.000182, 0.021642, 0.129148, 4.697762, 0.102481, 0.001596, 0.781481, 0.030178, 0.000645, 0.002468, 0.000172, 0.033929, 0.032728]","[1, -1, -1, 1, 1, -1, -1, 1, -1, 1, 1, -1, -1, 1, 1, -1, -1]"
cloud_gaming,KT_GameBox,/indian-slp/Users/ug/ZEPA/Kritik/net_data/5G_Traffic_Datasets/Game_Streaming/KT_GameBox/KT_GameBox_6.csv,pretrain,0,0.024792,True,0,0,0,5,5,18,0.051366,"[557, 1390, 983, 104, 293, 502, 209, 118, 111, 169, 630]","[0.0, 0.024792, 0.000399, 0.002635, 0.000476, 0.029976, 0.01643, 0.008516, 0.03329, 0.008321, 0.003066]","[1, -1, -1, 1, 1, -1, -1, 1, -1, 1, 1]"
cloud_gaming,KT_GameBox,/indian-slp/Users/ug/ZEPA/Kritik/net_data/5G_Traffic_Datasets/Game_Streaming/KT_GameBox/KT_GameBox_6.csv,pretrain,0,0.028183,True,1,0,0,5,5,18,0.051366,"[60, 48, 40, 40, 40, 2786, 40, 1390, 40, 40, 40, 40, 40, 40, 40, 40]","[0.0, 0.028183, 0.00012, 0.002138, 0.024805, 4.3e-05, 4e-05, 3.6e-05, 3.4e-05, 7.4e-05, 0.002704, 0.000439, 0.054315, 0.000605, 0.041619, 0.00308]","[1, -1, 1, -1, 1, -1, 1, -1, 1, 1, -1, -1, 1, -1, -1, -1]"
cloud_gaming,KT_GameBox,/indian-slp/Users/ug/ZEPA/Kritik/net_data/5G_Traffic_Datasets/Game_Streaming/KT_GameBox/KT_GameBox_6.csv,pretrain,0,0.0,False,6,0,0,5,5,18,0.051366,"[64, 60, 60, 60, 60, 60]","[0.0, 1.027619, 2.000029, 3.999955, 8.160343, 16.009948]","[1, 1, 1, 1, 1, 1]"
cloud_gaming,KT_GameBox,/indian-slp/Users/ug/ZEPA/Kritik/net_data/5G_Traffic_Datasets/Game_Streaming/KT_GameBox/KT_GameBox_6.csv,pretrain,0,0.023007,True,1,0,0,5,5,18,0.051366,"[60, 48, 40, 40, 40, 40, 40, 10000, 3580, 40, 1390, 40, 10000, 40, 10000, 880, 40, 40, 40, 10000, 40, 10000, 40, 40]","[0.0, 0.023007, 0.000164, 0.001626, 0.029702, 0.000102, 9.7e-05, 0.062186, 0.000491, 0.000211, 0.024695, 0.000338, 0.005511, 0.000885, 0.01384, 0.000561, 0.000287, 0.012803, 0.003619, 0.043287, 0.000335, 4.3e-05, 0.000169, 0.000184]","[1, -1, 1, -1, 1, -1, -1, -1, -1, 1, -1, 1, -1, 1, -1, -1, 1, 1, -1, -1, 1, -1, 1, 1]"
cloud_gaming,KT_GameBox,/indian-slp/Users/ug/ZEPA/Kritik/net_data/5G_Traffic_Datasets/Game_Streaming/KT_GameBox/KT_GameBox_6.csv,pretrain,0,0.030279,True,1,0,0,5,5,18,0.051366,"[60, 48, 40, 40, 40, 40, 40, 40, 40]","[0.0, 0.030279, 0.000264, 0.004217, 0.033635, 0.006035, 0.000402, 0.061238, 0.131042]","[1, -1, 1, -1, 1, -1, -1, 1, 1]"
cloud_gaming,KT_GameBox,/indian-slp/Users/ug/ZEPA/Kritik/net_data/5G_Traffic_Datasets/Game_Streaming/KT_GameBox/KT_GameBox_6.csv,pretrain,0,0.033029,True,0,0,0,5,5,18,0.051366,"[64, 557, 6444, 104, 795, 502, 762]","[0.0, 0.043252, 0.033029, 0.006541, 0.000613, 0.024672, 0.166923]","[1, 1, -1, 1, 1, -1, -1]"
cloud_gaming,KT_GameBox,/indian-slp/Users/ug/ZEPA/Kritik/net_data/5G_Traffic_Datasets/Game_Streaming/KT_GameBox/KT_GameBox_6.csv,pretrain,0,0.036454,True,0,0,0,5,5,18,0.051366,"[64, 557, 2740, 3744, 104, 795, 486, 762]","[0.0, 0.046802, 0.036454, 0.009736, 0.004065, 0.001612, 0.024182, 0.129527]","[1, 1, -1, -1, 1, 1, -1, -1]"
cloud_gaming,KT_GameBox,/indian-slp/Users/ug/ZEPA/Kritik/net_data/5G_Traffic_Datasets/Game_Streaming/KT_GameBox/KT_GameBox_6.csv,pretrain,0,0.039253,True,0,0,0,5,5,18,0.051366,"[64, 557, 6444, 104, 795, 502, 762]","[0.0, 0.055119, 0.039253, 0.006226, 0.000384, 0.026999, 0.229879]","[1, 1, -1, 1, 1, -1, -1]"
cloud_gaming,KT_GameBox,/indian-slp/Users/ug/ZEPA/Kritik/net_data/5G_Traffic_Datasets/Game_Streaming/KT_GameBox/KT_GameBox_6.csv,pretrain,0,0.025187,True,0,0,0,5,5,18,0.051366,"[64, 557, 6444, 104, 795, 502, 762]","[0.0, 0.046158, 0.025187, 0.004833, 0.001716, 0.024542, 0.152727]","[1, 1, -1, 1, 1, -1, -1]"
cloud_gaming,KT_GameBox,/indian-slp/Users/ug/ZEPA/Kritik/net_data/5G_Traffic_Datasets/Game_Streaming/KT_GameBox/KT_GameBox_6.csv,pretrain,0,0.03227,True,0,0,0,5,5,18,0.051366,"[64, 557, 265, 104, 795, 263, 762]","[0.0, 0.044259, 0.03227, 0.005781, 0.000703, 0.027245, 0.165463]","[1, 1, -1, 1, 1, -1, -1]"
cloud_gaming,KT_GameBox,/indian-slp/Users/ug/ZEPA/Kritik/net_data/5G_Traffic_Datasets/Game_Streaming/KT_GameBox/KT_GameBox_6.csv,pretrain,0,0.033454,True,1,0,0,5,5,18,0.051366,"[60, 48, 40, 40, 40, 40, 40, 40, 40]","[0.0, 0.033454, 0.00037, 0.004499, 0.036839, 0.000204, 0.001228, 0.064734, 0.120973]","[1, -1, 1, -1, 1, -1, -1, 1, 1]"
cloud_gaming,KT_GameBox,/indian-slp/Users/ug/ZEPA/Kritik/net_data/5G_Traffic_Datasets/Game_Streaming/KT_GameBox/KT_GameBox_6.csv,pretrain,0,0.031655,True,0,0,0,5,5,18,0.051366,"[64, 557, 265, 104, 795, 279, 762]","[0.0, 0.050899, 0.031655, 0.00561, 0.000315, 0.027856, 0.157471]","[1, 1, -1, 1, 1, -1, -1]"
cloud_gaming,KT_GameBox,/indian-slp/Users/ug/ZEPA/Kritik/net_data/5G_Traffic_Datasets/Game_Streaming/KT_GameBox/KT_GameBox_6.csv,pretrain,0,0.026236,True,0,0,0,5,5,18,0.051366,"[64, 557, 4136, 2348, 104, 795, 502, 762]","[0.0, 0.05146, 0.026236, 0.004942, 0.005012, 0.000368, 0.027901, 0.143368]","[1, 1, -1, -1, 1, 1, -1, -1]"
cloud_gaming,KT_GameBox,/indian-slp/Users/ug/ZEPA/Kritik/net_data/5G_Traffic_Datasets/Game_Streaming/KT_GameBox/KT_GameBox_6.csv,pretrain,0,0.03342,True,1,0,0,5,5,18,0.051366,"[60, 48, 40, 40, 40, 40, 40, 40, 40]","[0.0, 0.03342, 0.001098, 0.003781, 0.033473, 0.008158, 0.000647, 0.064095, 0.148229]","[1, -1, 1, -1, 1, -1, -1, 1, 1]"
cloud_gaming,KT_GameBox,/indian-slp/Users/ug/ZEPA/Kritik/net_data/5G_Traffic_Datasets/Game_Streaming/KT_GameBox/KT_GameBox_6.csv,pretrain,0,0.033223,True,0,0,0,5,5,18,0.051366,"[64, 557, 6444, 104, 795, 486, 762]","[0.0, 0.048519, 0.033223, 0.006493, 0.002591, 0.028555, 0.183886]","[1, 1, -1, 1, 1, -1, -1]"
cloud_gaming,KT_GameBox,/indian-slp/Users/ug/ZEPA/Kritik/net_data/5G_Traffic_Datasets/Game_Streaming/KT_GameBox/KT_GameBox_6.csv,pretrain,3,0.061892,True,0,0,0,5,5,18,0.051366,"[68, 168, 68, 168, 78, 78, 244, 408, 67, 397]","[0.0, 0.061892, 0.016664, 0.026043, 4.968199, 0.006746, 0.029744, 0.0125, 0.716603, 0.040287]","[1, -1, 1, -1, 1, 1, -1, -1, 1, -1]"
cloud_gaming,KT_GameBox,/indian-slp/Users/ug/ZEPA/Kritik/net_data/5G_Traffic_Datasets/Game_Streaming/KT_GameBox/KT_GameBox_6.csv,pretrain,0,0.027754,True,1,2,0,5,5,18,0.051366,"[60, 48, 40, 40, 40, 40, 40, 40, 40, 40, 40, 40, 40, 40, 40, 40]","[0.0, 0.027754, 0.000115, 0.001984, 0.023472, 0.000113, 0.002851, 9.3e-05, 0.061104, 0.089923, 4.697741, 0.102471, 4.4e-05, 0.001338, 5.7e-05, 3e-06]","[1, -1, 1, -1, 1, 1, -1, -1, 1, 1, -1, 1, -1, -1, 1, -1]"
cloud_gaming,KT_GameBox,/indian-slp/Users/ug/ZEPA/Kritik/net_data/5G_Traffic_Datasets/Game_Streaming/KT_GameBox/KT_GameBox_6.csv,pretrain,0,0.03278,True,1,0,0,5,5,18,0.051366,"[60, 48, 40, 1064, 308, 40, 90, 40, 40, 40, 40, 40, 40, 40, 40, 40, 40, 40, 40, 40, 40, 40, 40, 40, 40, 40, 40, 40, 40, 40, 40, 40, 40, 40, 40, 40, 40, 40, 40, 40, 40, 40, 40, 40, 40, 40, 40, 40, 40, 40, 40, 40, 40, 40, 40, 40, 40, 40, 40, 40, 40, 40, 40, 40]","[0.0, 0.03278, 0.000323, 0.000813, 0.000334, 0.000109, 0.037106, 0.000453, 0.000492, 0.030706, 0.054094, 0.032923, 8.9e-05, 0.025676, 0.061911, 0.104643, 0.111031, 0.030255, 0.000166, 0.023622, 5.1e-05, 0.035711, 0.084739, 0.030676, 0.200535, 0.031228, 8.012211, 0.03958, 2.003525, 0.030057, 1.606551, 0.000169, 4.607402, 0.077787, 3.775903, 0.035817, 4.408777, 0.026908, 5.612236, 0.033563, 2.605747, 0.033312, 7.412797, 0.040178, 0.801245, 0.02962, 8.216161, 0.033202, 1.002474, 0.027141, 7.214177, 0.040285, 2.80606, 0.032829, 5.067649, 0.000117, 0.400865, 0.063215, 4.570546, 0.030948, 3.610293, 0.032735, 6.41429, 0.036699]","[1, -1, 1, 1, 1, -1, -1, 1, -1, -1, -1, -1, -1, -1, 1, 1, -1, 1, -1, -1, -1, -1, 1, 1, -1, 1, -1, 1, -1, 1, 1, -1, -1, 1, -1, 1, -1, 1, -1, 1, -1, 1, -1, 1, -1, 1, -1, 1, -1, 1, -1, 1, -1, 1, 1, -1, -1, 1, -1, 1, -1, 1, -1, 1]"
cloud_gaming,KT_GameBox,/indian-slp/Users/ug/ZEPA/Kritik/net_data/5G_Traffic_Datasets/Game_Streaming/KT_GameBox/KT_GameBox_6.csv,pretrain,3,0.029037,True,0,0,0,5,5,18,0.051366,"[239, 1700, 366, 274, 194, 146, 386, 242, 178, 162, 162, 306, 226, 210, 162, 178, 178, 284, 162, 178, 268, 162, 226, 162, 146, 146, 226, 162, 242, 162, 146, 146, 226, 162, 146, 146, 226, 162, 146, 146, 226, 162, 146, 146, 146, 146, 226, 162, 146, 146, 226, 162, 242, 162, 146, 146, 226, 162, 146, 146, 226, 162, 146, 146]","[0.0, 0.029037, 0.001585, 0.053381, 0.000798, 0.024518, 0.008398, 0.000175, 0.025205, 0.000401, 0.026428, 0.139972, 0.11112, 0.030189, 0.00033, 0.023244, 0.000372, 9.4e-05, 0.03523, 0.000344, 0.052156, 0.062936, 0.200865, 0.030006, 8.013442, 0.038713, 2.004428, 0.02949, 1.605856, 0.001385, 4.607337, 0.044865, 3.808859, 0.035276, 4.409255, 0.026324, 5.612812, 0.033291, 2.60603, 0.032885, 7.413202, 0.038975, 0.802514, 0.029027, 8.216756, 0.032731, 1.002941, 0.0265, 7.214869, 0.039692, 2.806616, 0.032124, 5.067847, 0.000702, 0.400765, 0.02267, 4.611061, 0.030641, 3.610663, 0.032257, 6.41473, 0.036181, 1.804234, 0.041474]","[1, -1, 1, -1, 1, -1, 1, 1, -1, 1, -1, -1, 1, -1, 1, -1, 1, 1, -1, 1, -1, -1, 1, -1, 1, -1, 1, -1, -1, 1, 1, -1, 1, -1, 1, -1, 1, -1, 1, -1, 1, -1, 1, -1, 1, -1, 1, -1, 1, -1, 1, -1, -1, 1, 1, -1, 1, -1, 1, -1, 1, -1, 1, -1]"
cloud_gaming,KT_GameBox,/indian-slp/Users/ug/ZEPA/Kritik/net_data/5G_Traffic_Datasets/Game_Streaming/KT_GameBox/KT_GameBox_6.csv,pretrain,1,0.033921,True,0,0,0,5,5,18,0.051366,"[46, 56, 52, 1300, 1300, 40, 52, 1300, 1300, 1300, 1300, 1300, 1300, 1300, 1300, 1300, 1300, 1300, 1300, 1300, 1300, 1300, 1300, 1300, 1300, 1300, 1300, 1300, 1300, 1300, 1300, 1300, 1300, 1300, 1300, 1300, 1300, 1300, 1300, 1300, 1300, 1300, 1300, 1300, 1300, 1300, 1300, 1300, 1300, 1300, 1300, 1300, 1300, 1300, 1300, 1300, 1300, 52, 1300, 1300, 1300, 1300, 1300, 1300]","[0.0, 0.033921, 0.001372, 0.101419, 0.000258, 0.000134, 0.000188, 0.00011, 0.000123, 0.000121, 0.000119, 0.00012, 0.000229, 0.000109, 0.000108, 0.005159, 0.001026, 0.000136, 0.000111, 0.000127, 0.00011, 0.000107, 0.000173, 0.000128, 8.5e-05, 9.3e-05, 8.4e-05, 0.000115, 0.000101, 8.6e-05, 8.2e-05, 9.1e-05, 0.000114, 0.000102, 9.2e-05, 8.1e-05, 8e-05, 8.9e-05, 0.000103, 0.000104, 0.001747, 0.000108, 8.3e-05, 8e-05, 8.9e-05, 0.000101, 8.2e-05, 8.8e-05, 8.1e-05, 0.005302, 0.000139, 0.000103, 0.0001, 0.000108, 0.000139, 0.000112, 0.000119, 0.001261, 0.004036, 0.000105, 0.00034, 0.0001, 9.9e-05, 0.000114]","[1, -1, 1, -1, -1, 1, 1, -1, -1, -1, -1, -1, -1, -1, -1, -1, -1, -1, -1, -1, -1, -1, -1, -1, -1, -1, -1, -1, -1, -1, -1, -1, -1, -1, -1, -1, -1, -1, -1, -1, -1, -1, -1, -1, -1, -1, -1, -1, -1, -1, -1, -1, -1, -1, -1, -1, -1, 1, -1, -1, -1, -1, -1, -1]"
cloud_gaming,KT_GameBox,/indian-slp/Users/ug/ZEPA/Kritik/net_data/5G_Traffic_Datasets/Game_Streaming/KT_GameBox/KT_GameBox_6.csv,pretrain,0,0.030323,True,1,0,0,5,5,18,0.051366,"[60, 48, 40, 2740, 40, 5440, 40, 2740, 40, 7013, 40, 1390, 40, 1449, 40, 5440, 40, 2845, 40, 4149, 40, 4090, 40, 99, 40, 6790, 40, 1495, 40, 4149, 40, 8245, 40, 4149, 40, 4149, 40, 8245, 40, 4149, 40, 8245, 40, 4149, 40, 2740, 40, 1449, 40, 8245, 40, 4149, 40, 8245, 40, 4149, 40, 4149, 40, 5440, 40, 2845, 40, 4149]","[0.0, 0.030323, 0.00052, 0.073076, 0.000796, 0.022663, 0.000485, 0.04588, 0.000387, 0.011704, 0.000508, 0.005469, 0.000512, 0.011557, 0.00022, 0.00533, 0.00031, 0.005588, 0.000379, 0.020919, 0.000223, 0.032131, 0.000148, 1.2e-05, 9.9e-05, 0.030285, 0.000219, 0.000838, 0.000116, 0.033046, 0.00016, 0.036894, 0.00079, 0.02633, 0.000397, 0.016688, 0.000297, 0.031479, 0.00025, 0.035149, 0.001395, 0.025314, 0.000423, 0.03043, 0.000468, 0.0308, 0.000319, 0.004965, 0.000288, 0.020403, 0.000351, 0.029261, 0.000685, 0.046382, 0.000959, 0.024021, 0.002158, 0.014082, 0.00033, 0.029106, 0.000399, 0.00027, 0.000314, 0.045975]","[1, -1, 1, -1, 1, -1, 1, -1, 1, -1, 1, -1, 1, -1, 1, -1, 1, -1, 1, -1, 1, -1, 1, -1, 1, -1, 1, -1, 1, -1, 1, -1, 1, -1, 1, -1, 1, -1, 1, -1, 1, -1, 1, -1, 1, -1, 1, -1, 1, -1, 1, -1, 1, -1, 1, -1, 1, -1, 1, -1, 1, -1, 1, -1]"
cloud_gaming,KT_GameBox,/indian-slp/Users/ug/ZEPA/Kritik/net_data/5G_Traffic_Datasets/Game_Streaming/KT_GameBox/KT_GameBox_6.csv,pretrain,0,0.026184,True,1,2,0,5,5,18,0.051366,"[60, 48, 40, 40, 40, 40, 40, 40, 40, 40, 40, 40, 40, 40]","[0.0, 0.026184, 0.000208, 0.002092, 0.030612, 0.000153, 0.002462, 8.7e-05, 0.06705, 29.992903, 0.033701, 24.195243, 0.000128, 6e-06]","[1, -1, 1, -1, 1, 1, -1, -1, 1, -1, 1, -1, 1, -1]"
cloud_gaming,KT_GameBox,/indian-slp/Users/ug/ZEPA/Kritik/net_data/5G_Traffic_Datasets/Game_Streaming/KT_GameBox/KT_GameBox_6.csv,pretrain,0,0.027974,True,0,0,0,5,5,18,0.051366,"[557, 196, 91, 398, 6790, 4930, 5440, 1884, 368, 10000, 10000, 10000, 4734]","[0.0, 0.027974, 0.001886, 0.000162, 0.080696, 0.01307, 0.020254, 0.006768, 0.004509, 0.043647, 0.000259, 0.000114, 7.8e-05]","[1, -1, 1, 1, -1, -1, -1, -1, 1, -1, -1, -1, -1]"
cloud_gaming,KT_GameBox,/indian-slp/Users/ug/ZEPA/Kritik/net_data/5G_Traffic_Datasets/Game_Streaming/KT_GameBox/KT_GameBox_6.csv,pretrain,0,0.0,False,0,2,0,5,5,18,0.051366,"[40, 40, 40, 40, 40]","[0.0, 0.036711, 29.691542, 0.000533, 1.4e-05]","[-1, 1, -1, 1, -1]"
cloud_gaming,KT_GameBox,/indian-slp/Users/ug/ZEPA/Kritik/net_data/5G_Traffic_Datasets/Game_Streaming/KT_GameBox/KT_GameBox_6.csv,pretrain,0,0.026281,True,1,2,0,5,5,18,0.051366,"[60, 48, 40, 40, 40, 40, 40, 40, 40, 40, 40, 40, 40, 40, 40]","[0.0, 0.026281, 0.000259, 0.003997, 0.037283, 0.00884, 0.004616, 0.001094, 0.06081, 0.094486, 29.998165, 0.037978, 29.70943, 0.000742, 1.4e-05]","[1, -1, 1, -1, 1, 1, -1, -1, 1, 1, -1, 1, -1, 1, -1]"
cloud_gaming,KT_GameBox,/indian-slp/Users/ug/ZEPA/Kritik/net_data/5G_Traffic_Datasets/Game_Streaming/KT_GameBox/KT_GameBox_6.csv,pretrain,0,0.033157,True,1,2,0,5,5,18,0.051366,"[60, 48, 40, 40, 40, 40, 40, 40, 40, 40, 40, 40, 40, 40]","[0.0, 0.033157, 0.000274, 0.002696, 0.039565, 0.005862, 0.000213, 0.05794, 0.199069, 29.999748, 0.042669, 29.600648, 0.000541, 9e-06]","[1, -1, 1, -1, 1, -1, -1, 1, 1, -1, 1, -1, 1, -1]"
cloud_gaming,KT_GameBox,/indian-slp/Users/ug/ZEPA/Kritik/net_data/5G_Traffic_Datasets/Game_Streaming/KT_GameBox/KT_GameBox_6.csv,pretrain,0,0.031938,True,1,2,0,5,5,18,0.051366,"[60, 48, 40, 40, 40, 40, 40, 40, 40, 40, 40, 40, 40, 40]","[0.0, 0.031938, 0.000295, 0.002899, 0.025335, 0.004576, 0.001616, 0.059736, 0.117651, 29.998156, 0.034357, 29.709442, 0.000246, 1.3e-05]","[1, -1, 1, -1, 1, -1, -1, 1, 1, -1, 1, -1, 1, -1]"
cloud_gaming,KT_GameBox,/indian-slp/Users/ug/ZEPA/Kritik/net_data/5G_Traffic_Datasets/Game_Streaming/KT_GameBox/KT_GameBox_6.csv,pretrain,0,0.032388,True,1,2,0,5,5,18,0.051366,"[60, 48, 40, 40, 40, 40, 40, 40, 40, 40, 40, 40, 40, 40]","[0.0, 0.032388, 0.000332, 0.004323, 0.037561, 0.000588, 0.000368, 0.067071, 0.125595, 29.993053, 0.031623, 29.705883, 0.000165, 6e-06]","[1, -1, 1, -1, 1, -1, -1, 1, 1, -1, 1, -1, 1, -1]"
cloud_gaming,KT_GameBox,/indian-slp/Users/ug/ZEPA/Kritik/net_data/5G_Traffic_Datasets/Game_Streaming/KT_GameBox/KT_GameBox_6.csv,pretrain,0,0.0,False,0,2,0,5,5,18,0.051366,"[40, 40, 40, 40, 40]","[0.0, 0.039353, 29.673421, 0.000732, 1.2e-05]","[-1, 1, -1, 1, -1]"
cloud_gaming,KT_GameBox,/indian-slp/Users/ug/ZEPA/Kritik/net_data/5G_Traffic_Datasets/Game_Streaming/KT_GameBox/KT_GameBox_6.csv,pretrain,0,0.037945,True,1,2,0,5,5,18,0.051366,"[60, 48, 40, 40, 40, 40, 40, 40, 40, 40, 40, 40, 40, 40, 40]","[0.0, 0.037945, 0.00021, 0.003912, 0.026289, 0.004729, 0.005049, 0.000209, 0.059418, 0.112173, 29.99518, 0.032357, 29.724195, 0.000271, 4e-06]","[1, -1, 1, -1, 1, 1, -1, -1, 1, 1, -1, 1, -1, 1, -1]"
cloud_gaming,KT_GameBox,/indian-slp/Users/ug/ZEPA/Kritik/net_data/5G_Traffic_Datasets/Game_Streaming/KT_GameBox/KT_GameBox_6.csv,pretrain,0,0.0,False,0,2,0,5,5,18,0.051366,"[40, 40, 40, 40, 40]","[0.0, 0.03149, 29.666597, 0.003339, 1.7e-05]","[-1, 1, -1, 1, -1]"
cloud_gaming,KT_GameBox,/indian-slp/Users/ug/ZEPA/Kritik/net_data/5G_Traffic_Datasets/Game_Streaming/KT_GameBox/KT_GameBox_6.csv,pretrain,0,0.032971,True,0,0,0,5,5,18,0.051366,"[64, 557, 4136, 2348, 104, 795, 502, 762]","[0.0, 0.044651, 0.032971, 0.006342, 0.003718, 0.001808, 0.027575, 0.173759]","[1, 1, -1, -1, 1, 1, -1, -1]"
cloud_gaming,KT_GameBox,/indian-slp/Users/ug/ZEPA/Kritik/net_data/5G_Traffic_Datasets/Game_Streaming/KT_GameBox/KT_GameBox_6.csv,pretrain,0,0.026777,True,1,0,0,5,5,18,0.051366,"[60, 48, 40, 40, 40, 40, 40, 40, 40, 40]","[0.0, 0.026777, 0.000229, 0.004265, 0.033099, 0.006065, 0.003694, 0.001825, 0.063395, 0.137961]","[1, -1, 1, -1, 1, 1, -1, -1, 1, 1]"
cloud_gaming,KT_GameBox,/indian-slp/Users/ug/ZEPA/Kritik/net_data/5G_Traffic_Datasets/Game_Streaming/KT_GameBox/KT_GameBox_7.csv,pretrain,0,0.046119,True,0,0,0,5,4,15,0.043678,"[557, 6429, 104, 293, 486, 209, 118, 111, 169, 630]","[0.0, 0.046119, 0.003301, 0.00015, 0.027508, 0.010199, 0.01091, 0.03009, 0.003046, 0.000462]","[1, -1, 1, 1, -1, -1, 1, -1, 1, 1]"
cloud_gaming,KT_GameBox,/indian-slp/Users/ug/ZEPA/Kritik/net_data/5G_Traffic_Datasets/Game_Streaming/KT_GameBox/KT_GameBox_7.csv,pretrain,0,0.034549,True,1,0,0,5,4,15,0.043678,"[60, 48, 40, 40, 40, 40, 40, 40, 40, 40, 40]","[0.0, 0.034549, 0.000154, 0.002294, 0.046115, 0.003204, 7.2e-05, 0.040737, 0.008401, 0.032686, 0.000401]","[1, -1, 1, -1, 1, -1, -1, 1, -1, -1, -1]"
cloud_gaming,KT_GameBox,/indian-slp/Users/ug/ZEPA/Kritik/net_data/5G_Traffic_Datasets/Game_Streaming/KT_GameBox/KT_GameBox_7.csv,pretrain,0,0.032736,True,0,0,0,5,4,15,0.043678,"[557, 6444, 104, 795, 502, 762, 763, 804, 763, 779]","[0.0, 0.032736, 0.003165, 0.000152, 0.02461, 0.127789, 4.71902, 0.06862, 0.279387, 0.13967]","[1, -1, 1, 1, -1, -1, 1, -1, 1, -1]"
cloud_gaming,KT_GameBox,/indian-slp/Users/ug/ZEPA/Kritik/net_data/5G_Traffic_Datasets/Game_Streaming/KT_GameBox/KT_GameBox_7.csv,pretrain,0,0.0,False,5,0,0,1,1,1,0.033249,"[60, 60, 60, 60, 60]","[0.0, 1.99657, 3.999936, 8.080226, 15.999689]","[1, 1, 1, 1, 1]"
cloud_gaming,KT_GameBox,/indian-slp/Users/ug/ZEPA/Kritik/net_data/5G_Traffic_Datasets/Game_Streaming/KT_GameBox/KT_GameBox_7.csv,pretrain,0,0.021613,True,1,0,0,5,4,15,0.043678,"[60, 48, 40, 40, 40, 40, 40, 8140, 5440, 40, 10000, 40, 8140, 40, 40, 40, 10000, 40, 10000, 40, 190, 40, 1390, 40]","[0.0, 0.021613, 0.00026, 0.001508, 0.019397, 0.001233, 5.8e-05, 0.03533, 0.005512, 0.000185, 0.031942, 0.000254, 0.008776, 0.000222, 0.010812, 0.013627, 0.046013, 0.0005, 7.7e-05, 0.000346, 0.000222, 0.000129, 0.011087, 0.010404]","[1, -1, 1, -1, 1, -1, -1, -1, -1, 1, -1, 1, -1, 1, 1, -1, -1, 1, -1, 1, -1, 1, -1, 1]"
cloud_gaming,KT_GameBox,/indian-slp/Users/ug/ZEPA/Kritik/net_data/5G_Traffic_Datasets/Game_Streaming/KT_GameBox/KT_GameBox_7.csv,pretrain,0,0.026997,True,0,0,0,5,4,15,0.043678,"[64, 557, 4136, 2348, 104, 795, 502, 762]","[0.0, 0.050137, 0.026997, 0.01079, 0.003328, 0.000186, 0.023148, 0.135763]","[1, 1, -1, -1, 1, 1, -1, -1]"
cloud_gaming,KT_GameBox,/indian-slp/Users/ug/ZEPA/Kritik/net_data/5G_Traffic_Datasets/Game_Streaming/KT_GameBox/KT_GameBox_7.csv,pretrain,0,0.033374,True,0,0,0,5,4,15,0.043678,"[64, 557, 4090, 2394, 104, 795, 518, 762]","[0.0, 0.031407, 0.033374, 0.000443, 0.002349, 0.002053, 0.02767, 0.15657]","[1, 1, -1, -1, 1, 1, -1, -1]"
cloud_gaming,KT_GameBox,/indian-slp/Users/ug/ZEPA/Kritik/net_data/5G_Traffic_Datasets/Game_Streaming/KT_GameBox/KT_GameBox_7.csv,pretrain,0,0.036029,True,0,0,0,5,4,15,0.043678,"[64, 557, 6444, 104, 795, 502, 762]","[0.0, 0.041463, 0.036029, 0.005296, 0.000393, 0.029429, 0.144632]","[1, 1, -1, 1, 1, -1, -1]"
cloud_gaming,KT_GameBox,/indian-slp/Users/ug/ZEPA/Kritik/net_data/5G_Traffic_Datasets/Game_Streaming/KT_GameBox/KT_GameBox_7.csv,pretrain,0,0.044203,True,0,0,0,5,4,15,0.043678,"[64, 557, 6444, 104, 795, 502, 762]","[0.0, 0.04852, 0.044203, 0.005657, 0.005675, 0.033237, 0.12208]","[1, 1, -1, 1, 1, -1, -1]"
cloud_gaming,KT_GameBox,/indian-slp/Users/ug/ZEPA/Kritik/net_data/5G_Traffic_Datasets/Game_Streaming/KT_GameBox/KT_GameBox_7.csv,pretrain,0,0.036206,True,1,0,0,5,4,15,0.043678,"[60, 48, 40, 40, 40, 2786, 40, 40, 40, 40, 40, 40]","[0.0, 0.036206, 0.000106, 0.002064, 0.027882, 8.5e-05, 5.9e-05, 0.000312, 0.003123, 0.002047, 0.070536, 0.104952]","[1, -1, 1, -1, 1, -1, 1, 1, -1, -1, 1, 1]"
cloud_gaming,KT_GameBox,/indian-slp/Users/ug/ZEPA/Kritik/net_data/5G_Traffic_Datasets/Game_Streaming/KT_GameBox/KT_GameBox_7.csv,pretrain,0,0.027893,True,0,0,0,5,4,15,0.043678,"[64, 557, 1390, 2348, 104, 795, 486, 762]","[0.0, 0.051854, 0.027893, 0.000603, 0.003074, 0.002098, 0.035932, 0.139488]","[1, 1, -1, -1, 1, 1, -1, -1]"
cloud_gaming,KT_GameBox,/indian-slp/Users/ug/ZEPA/Kritik/net_data/5G_Traffic_Datasets/Game_Streaming/KT_GameBox/KT_GameBox_7.csv,pretrain,0,0.035255,True,0,0,0,5,4,15,0.043678,"[64, 557, 1390, 5094, 104, 795, 279, 263, 762]","[0.0, 0.039092, 0.035255, 0.000391, 0.002973, 0.002924, 0.036282, 0.000676, 0.117502]","[1, 1, -1, -1, 1, 1, -1, -1, -1]"
cloud_gaming,KT_GameBox,/indian-slp/Users/ug/ZEPA/Kritik/net_data/5G_Traffic_Datasets/Game_Streaming/KT_GameBox/KT_GameBox_7.csv,pretrain,0,0.043111,True,0,0,0,5,4,15,0.043678,"[64, 557, 265, 104, 795, 263, 762]","[0.0, 0.048322, 0.043111, 0.006679, 0.000319, 0.045272, 0.118381]","[1, 1, -1, 1, 1, -1, -1]"
cloud_gaming,KT_GameBox,/indian-slp/Users/ug/ZEPA/Kritik/net_data/5G_Traffic_Datasets/Game_Streaming/KT_GameBox/KT_GameBox_7.csv,pretrain,0,0.071006,True,1,0,0,5,4,15,0.043678,"[60, 48, 40, 40, 40, 40, 40, 40, 40]","[0.0, 0.071006, 0.000156, 0.005727, 0.041926, 0.003457, 0.003344, 0.078977, 0.097622]","[1, -1, 1, -1, 1, -1, -1, 1, 1]"
cloud_gaming,KT_GameBox,/indian-slp/Users/ug/ZEPA/Kritik/net_data/5G_Traffic_Datasets/Game_Streaming/KT_GameBox/KT_GameBox_7.csv,pretrain,3,0.037075,True,0,0,0,5,4,15,0.043678,"[68, 168, 68, 168, 78, 78, 244, 408, 67, 397]","[0.0, 0.037075, 0.042553, 0.035692, 4.993087, 0.004235, 0.033799, 0.012079, 0.224862, 0.028124]","[1, -1, 1, -1, 1, 1, -1, -1, 1, -1]"
cloud_gaming,KT_GameBox,/indian-slp/Users/ug/ZEPA/Kritik/net_data/5G_Traffic_Datasets/Game_Streaming/KT_GameBox/KT_GameBox_7.csv,pretrain,0,0.023158,True,1,2,0,5,4,15,0.043678,"[60, 48, 40, 40, 40, 40, 40, 40, 40, 40, 40, 40, 40, 40, 40, 40, 40, 40]","[0.0, 0.023158, 0.000114, 0.002322, 0.03271, 0.003115, 7.9e-05, 0.061482, 0.091154, 4.719076, 0.070301, 0.277464, 0.139778, 29.985521, 0.036109, 24.678722, 7.8e-05, 3e-06]","[1, -1, 1, -1, 1, -1, -1, 1, 1, -1, 1, -1, 1, -1, 1, -1, 1, -1]"
cloud_gaming,KT_GameBox,/indian-slp/Users/ug/ZEPA/Kritik/net_data/5G_Traffic_Datasets/Game_Streaming/KT_GameBox/KT_GameBox_7.csv,pretrain,0,0.021053,True,1,0,0,5,4,15,0.043678,"[60, 48, 40, 1064, 40, 308, 40, 90, 40, 40, 40, 40, 40, 40, 40, 40, 40, 40, 40, 40, 40, 40, 40, 40, 40, 40, 40, 40, 40, 40, 40, 40, 40, 40, 40, 40, 40, 40, 40, 40, 40, 40, 40, 40, 40, 40, 40, 40, 40, 40, 40, 40, 40, 40, 40, 40, 40, 40, 40, 40, 40, 40, 40, 40]","[0.0, 0.021053, 0.001609, 0.00208, 0.000189, 0.000154, 8e-05, 0.020951, 0.000144, 0.000406, 0.024166, 0.047878, 0.030589, 6.2e-05, 0.02578, 0.0553, 0.12794, 0.108542, 0.032879, 0.000591, 0.026387, 4.6e-05, 0.035377, 0.05829, 0.023966, 0.201736, 0.036279, 8.01071, 0.037685, 2.003056, 0.034822, 6.210552, 0.053384, 3.806378, 0.039599, 4.408951, 0.031834, 5.608506, 0.043254, 2.604799, 0.036407, 7.411413, 0.038048, 0.801282, 0.034538, 8.211127, 0.02798, 1.002906, 0.030362, 7.216331, 0.034041, 2.804347, 0.036402, 5.409569, 0.036729, 4.609193, 0.037534, 3.604604, 0.035856, 6.411645, 0.025781, 1.808689, 0.042326, 0.84077]","[1, -1, 1, 1, -1, 1, -1, -1, 1, -1, -1, -1, -1, -1, -1, 1, 1, -1, 1, -1, -1, -1, -1, 1, 1, -1, 1, -1, 1, -1, 1, -1, 1, -1, 1, -1, 1, -1, 1, -1, 1, -1, 1, -1, 1, -1, 1, -1, 1, -1, 1, -1, 1, -1, 1, -1, 1, -1, 1, -1, 1, -1, 1, 1]"
cloud_gaming,KT_GameBox,/indian-slp/Users/ug/ZEPA/Kritik/net_data/5G_Traffic_Datasets/Game_Streaming/KT_GameBox/KT_GameBox_7.csv,pretrain,3,0.023225,True,0,0,0,5,4,15,0.043678,"[239, 1700, 366, 274, 194, 146, 386, 242, 178, 162, 162, 306, 226, 210, 162, 178, 178, 284, 162, 178, 268, 162, 226, 162, 146, 146, 226, 162, 146, 146, 226, 162, 146, 146, 226, 162, 146, 146, 1449, 226, 162, 146, 146, 146, 146, 226, 162, 146, 146, 226, 162, 146, 146, 226, 162, 146, 146, 226, 162, 146, 146, 242, 162, 226]","[0.0, 0.023225, 0.000948, 0.047572, 0.000303, 0.023421, 0.007155, 0.000119, 0.025429, 0.000289, 0.020086, 0.162832, 0.108875, 0.032563, 0.000915, 0.026139, 0.00025, 8.6e-05, 0.034923, 0.000409, 0.022199, 0.060047, 0.201151, 0.036412, 8.011086, 0.03749, 2.003298, 0.034538, 6.210825, 0.053117, 3.806649, 0.039444, 4.409116, 0.03163, 5.608696, 0.04319, 2.604229, 0.03707, 7.257398, 0.153928, 0.037913, 0.801444, 0.034466, 8.21124, 0.027684, 1.003072, 0.03051, 7.216203, 0.033712, 2.8048, 0.036373, 5.409557, 0.036625, 4.609189, 0.037044, 3.605257, 0.035529, 6.411844, 0.025346, 1.809099, 0.042068, 0.84061, 0.000647, 7.410299]","[1, -1, 1, -1, 1, -1, 1, 1, -1, 1, -1, -1, 1, -1, 1, -1, 1, 1, -1, 1, -1, -1, 1, -1, 1, -1, 1, -1, 1, -1, 1, -1, 1, -1, 1, -1, 1, -1, -1, 1, -1, 1, -1, 1, -1, 1, -1, 1, -1, 1, -1, 1, -1, 1, -1, 1, -1, 1, -1, 1, -1, -1, 1, 1]"
cloud_gaming,KT_GameBox,/indian-slp/Users/ug/ZEPA/Kritik/net_data/5G_Traffic_Datasets/Game_Streaming/KT_GameBox/KT_GameBox_7.csv,pretrain,0,0.01919,True,0,0,0,5,4,15,0.043678,"[557, 196, 91, 398, 8140, 6280, 5440, 3234, 368, 10000, 10000, 10000, 3234]","[0.0, 0.01919, 0.001537, 0.000108, 0.060782, 0.012513, 0.013465, 0.005826, 0.013901, 0.046489, 0.000463, 0.000236, 0.021624]","[1, -1, 1, 1, -1, -1, -1, -1, 1, -1, -1, -1, -1]"
cloud_gaming,KT_GameBox,/indian-slp/Users/ug/ZEPA/Kritik/net_data/5G_Traffic_Datasets/Game_Streaming/KT_GameBox/KT_GameBox_7.csv,pretrain,1,0.020355,True,0,0,0,5,4,15,0.043678,"[46, 56, 52, 1300, 40, 1300, 1300, 52, 1300, 1300, 1300, 1300, 1300, 1300, 1300, 1300, 1300, 1300, 1300, 1300, 1300, 1300, 1300, 1300, 1300, 1300, 1300, 1300, 1300, 1300, 1300, 1300, 1300, 1300, 288, 52, 1300, 1300, 1300, 1300, 1300, 1300, 1300, 1300, 1300, 1300, 52, 1300, 1300, 1300, 1300, 1300, 1300, 1300, 1300, 1300, 1300, 1300, 1300, 1300, 1300, 1300, 1300, 1300]","[0.0, 0.020355, 0.001628, 0.11684, 0.000664, 0.000178, 0.000121, 0.000122, 0.000127, 9.8e-05, 0.000114, 0.000123, 0.000238, 0.000152, 0.000239, 0.000108, 0.000111, 9.3e-05, 8.3e-05, 0.000101, 0.000109, 0.000103, 0.0001, 0.000129, 0.000111, 0.0001, 0.0001, 0.000108, 0.000101, 9.9e-05, 0.000109, 0.000101, 0.000106, 0.00011, 0.000101, 0.017411, 0.012543, 0.000172, 8.2e-05, 9.6e-05, 7.8e-05, 9.2e-05, 8.7e-05, 7.8e-05, 7.6e-05, 0.000104, 0.007523, 0.003559, 0.000384, 8.5e-05, 0.000438, 7.7e-05, 7.6e-05, 7.1e-05, 7.1e-05, 7.5e-05, 7.1e-05, 7.1e-05, 7.6e-05, 7.1e-05, 7.1e-05, 7.1e-05, 7.5e-05, 7e-05]","[1, -1, 1, -1, 1, -1, -1, 1, -1, -1, -1, -1, -1, -1, -1, -1, -1, -1, -1, -1, -1, -1, -1, -1, -1, -1, -1, -1, -1, -1, -1, -1, -1, -1, -1, 1, -1, -1, -1, -1, -1, -1, -1, -1, -1, -1, 1, -1, -1, -1, -1, -1, -1, -1, -1, -1, -1, -1, -1, -1, -1, -1, -1, -1]"
cloud_gaming,KT_GameBox,/indian-slp/Users/ug/ZEPA/Kritik/net_data/5G_Traffic_Datasets/Game_Streaming/KT_GameBox/KT_GameBox_7.csv,pretrain,0,0.040719,True,1,0,0,5,4,15,0.043678,"[60, 48, 40, 2740, 40, 2740, 40, 2740, 40, 8363, 40, 1390, 40, 2799, 40, 8245, 40, 4149, 40, 4149, 40, 8245, 40, 4149, 40, 8245, 40, 4149, 40, 4149, 40, 8245, 40, 4149, 40, 6790, 40, 1495, 40, 4149, 40, 4149, 40, 8245, 40, 4149, 40, 8245, 40, 4149, 40, 4149, 40, 8245, 40, 4149, 40, 8245, 40, 2740, 40, 1449, 40, 4149]","[0.0, 0.040719, 0.000273, 0.071916, 0.00059, 0.011143, 0.00036, 0.011228, 0.000199, 0.022546, 0.000248, 0.01771, 0.000382, 0.005877, 0.000181, 0.018228, 0.000244, 0.027316, 0.000185, 0.027933, 0.000401, 0.04276, 0.00046, 0.024311, 0.000417, 0.040018, 0.000686, 0.031045, 0.000421, 0.028328, 0.001143, 0.011097, 0.001252, 0.029011, 0.001358, 0.024744, 0.000251, 0.01185, 0.000428, 0.021589, 0.000399, 0.031544, 0.000347, 0.026987, 0.000459, 0.034058, 0.001515, 0.031183, 0.000344, 0.023094, 0.000237, 0.02553, 0.000294, 0.038122, 0.000219, 0.023672, 0.000295, 0.028545, 0.000252, 0.035646, 0.000212, 0.007214, 0.000291, 0.019481]","[1, -1, 1, -1, 1, -1, 1, -1, 1, -1, 1, -1, 1, -1, 1, -1, 1, -1, 1, -1, 1, -1, 1, -1, 1, -1, 1, -1, 1, -1, 1, -1, 1, -1, 1, -1, 1, -1, 1, -1, 1, -1, 1, -1, 1, -1, 1, -1, 1, -1, 1, -1, 1, -1, 1, -1, 1, -1, 1, -1, 1, -1, 1, -1]"
cloud_gaming,KT_GameBox,/indian-slp/Users/ug/ZEPA/Kritik/net_data/5G_Traffic_Datasets/Game_Streaming/KT_GameBox/KT_GameBox_7.csv,pretrain,0,0.035961,True,1,2,0,5,4,15,0.043678,"[60, 48, 40, 40, 40, 40, 40, 40, 40, 40, 40, 40, 40, 40, 40]","[0.0, 0.035961, 0.000291, 0.002757, 0.030053, 0.007712, 0.003236, 9e-05, 0.07215, 0.086988, 29.999628, 0.031134, 29.718447, 5e-05, 3e-06]","[1, -1, 1, -1, 1, 1, -1, -1, 1, 1, -1, 1, -1, 1, -1]"
cloud_gaming,KT_GameBox,/indian-slp/Users/ug/ZEPA/Kritik/net_data/5G_Traffic_Datasets/Game_Streaming/KT_GameBox/KT_GameBox_7.csv,pretrain,0,0.022272,True,1,2,0,5,4,15,0.043678,"[60, 48, 40, 40, 40, 40, 40, 40, 40, 40, 40, 40, 40, 40, 40]","[0.0, 0.022272, 0.00015, 0.003105, 0.03338, 0.000247, 0.002367, 0.002024, 0.061831, 0.124346, 29.997345, 0.038261, 29.711456, 0.000396, 6e-06]","[1, -1, 1, -1, 1, 1, -1, -1, 1, 1, -1, 1, -1, 1, -1]"
cloud_gaming,KT_GameBox,/indian-slp/Users/ug/ZEPA/Kritik/net_data/5G_Traffic_Datasets/Game_Streaming/KT_GameBox/KT_GameBox_7.csv,pretrain,0,0.031538,True,1,2,0,5,4,15,0.043678,"[60, 48, 40, 40, 40, 40, 40, 40, 40, 40, 40, 40, 40, 40]","[0.0, 0.031538, 0.000171, 0.003137, 0.04106, 0.000321, 0.00024, 0.06525, 0.110763, 29.994453, 0.034857, 29.735016, 0.00013, 6e-06]","[1, -1, 1, -1, 1, -1, -1, 1, 1, -1, 1, -1, 1, -1]"
cloud_gaming,KT_GameBox,/indian-slp/Users/ug/ZEPA/Kritik/net_data/5G_Traffic_Datasets/Game_Streaming/KT_GameBox/KT_GameBox_7.csv,pretrain,0,0.031923,True,1,2,0,5,4,15,0.043678,"[60, 48, 40, 40, 40, 40, 40, 40, 40, 40, 40, 40, 40, 40]","[0.0, 0.031923, 0.000327, 0.007764, 0.045071, 0.004948, 0.005511, 0.070576, 0.084331, 29.998397, 0.046992, 29.69422, 0.000478, 5e-06]","[1, -1, 1, -1, 1, -1, -1, 1, 1, -1, 1, -1, 1, -1]"
cloud_gaming,KT_GameBox,/indian-slp/Users/ug/ZEPA/Kritik/net_data/5G_Traffic_Datasets/Game_Streaming/KT_GameBox/KT_GameBox_7.csv,pretrain,0,0.0,False,0,2,0,5,4,15,0.043678,"[40, 40, 40, 40, 40]","[0.0, 0.0307, 29.699495, 0.000993, 9e-06]","[-1, 1, -1, 1, -1]"
cloud_gaming,KT_GameBox,/indian-slp/Users/ug/ZEPA/Kritik/net_data/5G_Traffic_Datasets/Game_Streaming/KT_GameBox/KT_GameBox_7.csv,pretrain,0,0.023309,True,1,2,0,5,4,15,0.043678,"[60, 48, 40, 40, 40, 40, 40, 40, 40, 40, 40, 40, 40, 40, 40]","[0.0, 0.023309, 0.000183, 0.00362, 0.035274, 0.000116, 0.003022, 0.00293, 0.037211, 0.152476, 29.967499, 0.034679, 29.738255, 0.000139, 7e-06]","[1, -1, 1, -1, 1, 1, -1, -1, 1, 1, -1, 1, -1, 1, -1]"
cloud_gaming,KT_GameBox,/indian-slp/Users/ug/ZEPA/Kritik/net_data/5G_Traffic_Datasets/Game_Streaming/KT_GameBox/KT_GameBox_7.csv,pretrain,0,0.035674,True,1,2,0,5,4,15,0.043678,"[60, 48, 40, 40, 40, 40, 40, 40, 40, 40, 40, 40, 40, 40]","[0.0, 0.035674, 0.000215, 0.002932, 0.049511, 0.000197, 0.000171, 0.081358, 0.085564, 29.999879, 0.034397, 29.707176, 9.2e-05, 4e-06]","[1, -1, 1, -1, 1, -1, -1, 1, 1, -1, 1, -1, 1, -1]"
cloud_gaming,KT_GameBox,/indian-slp/Users/ug/ZEPA/Kritik/net_data/5G_Traffic_Datasets/Game_Streaming/KT_GameBox/KT_GameBox_7.csv,pretrain,0,0.042068,True,0,0,0,5,4,15,0.043678,"[64, 557, 6444, 104, 795, 502, 762]","[0.0, 0.084592, 0.042068, 0.003553, 0.003485, 0.043641, 0.130918]","[1, 1, -1, 1, 1, -1, -1]"
cloud_gaming,KT_GameBox,/indian-slp/Users/ug/ZEPA/Kritik/net_data/5G_Traffic_Datasets/Game_Streaming/KT_GameBox/KT_GameBox_8.csv,pretrain,0,0.031123,True,0,0,0,5,4,16,0.059524,"[557, 1390, 998, 104, 795, 279, 263, 762, 763, 804, 763, 779]","[0.0, 0.031123, 0.000247, 0.001408, 0.001425, 0.019707, 0.000523, 0.151628, 4.698067, 0.09514, 0.646575, 0.053684]","[1, -1, -1, 1, 1, -1, -1, -1, 1, -1, 1, -1]"
cloud_gaming,KT_GameBox,/indian-slp/Users/ug/ZEPA/Kritik/net_data/5G_Traffic_Datasets/Game_Streaming/KT_GameBox/KT_GameBox_8.csv,pretrain,0,0.044809,True,0,0,0,5,4,16,0.059524,"[557, 1390, 5079, 104, 293, 486, 209, 118, 111, 169, 630]","[0.0, 0.044809, 0.000623, 0.00259, 0.000148, 0.030776, 0.009057, 0.009822, 0.039178, 0.003536, 0.002441]","[1, -1, -1, 1, 1, -1, -1, 1, -1, 1, 1]"
cloud_gaming,KT_GameBox,/indian-slp/Users/ug/ZEPA/Kritik/net_data/5G_Traffic_Datasets/Game_Streaming/KT_GameBox/KT_GameBox_8.csv,pretrain,0,0.027673,True,1,0,0,5,4,16,0.059524,"[60, 48, 40, 40, 40, 40, 40, 40, 40, 40, 40, 40]","[0.0, 0.027673, 9.5e-05, 0.006229, 0.045198, 7.9e-05, 0.002623, 7.1e-05, 0.046485, 0.003222, 0.042723, 0.002467]","[1, -1, 1, -1, 1, 1, -1, -1, 1, -1, -1, -1]"
cloud_gaming,KT_GameBox,/indian-slp/Users/ug/ZEPA/Kritik/net_data/5G_Traffic_Datasets/Game_Streaming/KT_GameBox/KT_GameBox_8.csv,pretrain,0,0.0,False,5,0,0,1,1,1,0.032984,"[60, 60, 60, 60, 60]","[0.0, 1.997857, 3.999956, 8.320806, 15.999145]","[1, 1, 1, 1, 1]"
cloud_gaming,KT_GameBox,/indian-slp/Users/ug/ZEPA/Kritik/net_data/5G_Traffic_Datasets/Game_Streaming/KT_GameBox/KT_GameBox_8.csv,pretrain,0,0.028873,True,1,0,0,5,4,16,0.059524,"[60, 48, 40, 40, 40, 40, 40, 10000, 3580, 40, 3580, 40, 880, 40, 10000, 40, 40, 10000, 40, 10000, 40, 10000, 40]","[0.0, 0.028873, 0.000738, 0.003039, 0.026417, 0.001661, 8.5e-05, 0.035098, 0.000128, 4.2e-05, 0.030759, 6.8e-05, 0.006413, 0.000297, 0.01834, 0.002047, 0.006375, 0.035929, 0.004958, 6.3e-05, 0.000314, 0.006935, 0.00038]","[1, -1, 1, -1, 1, -1, -1, -1, -1, 1, -1, 1, -1, 1, -1, 1, -1, -1, 1, -1, 1, -1, 1]"
cloud_gaming,KT_GameBox,/indian-slp/Users/ug/ZEPA/Kritik/net_data/5G_Traffic_Datasets/Game_Streaming/KT_GameBox/KT_GameBox_8.csv,pretrain,0,0.031004,True,0,0,0,5,4,16,0.059524,"[64, 557, 4136, 2348, 104, 795, 263, 279, 762]","[0.0, 0.031546, 0.031004, 0.005647, 0.00498, 0.000283, 0.020513, 0.000113, 0.159997]","[1, 1, -1, -1, 1, 1, -1, -1, -1]"
cloud_gaming,KT_GameBox,/indian-slp/Users/ug/ZEPA/Kritik/net_data/5G_Traffic_Datasets/Game_Streaming/KT_GameBox/KT_GameBox_8.csv,pretrain,0,0.028367,True,0,0,0,5,4,16,0.059524,"[64, 557, 2740, 3744, 104, 795, 486, 762]","[0.0, 0.025967, 0.028367, 0.004534, 0.002234, 0.002819, 0.025783, 0.158116]","[1, 1, -1, -1, 1, 1, -1, -1]"
cloud_gaming,KT_GameBox,/indian-slp/Users/ug/ZEPA/Kritik/net_data/5G_Traffic_Datasets/Game_Streaming/KT_GameBox/KT_GameBox_8.csv,pretrain,0,0.030633,True,1,0,0,5,4,16,0.059524,"[60, 48, 40, 40, 40, 40, 40, 40, 40]","[0.0, 0.030633, 0.000243, 0.002777, 0.02482, 0.008113, 0.000196, 0.066975, 0.161254]","[1, -1, 1, -1, 1, -1, -1, 1, 1]"
cloud_gaming,KT_GameBox,/indian-slp/Users/ug/ZEPA/Kritik/net_data/5G_Traffic_Datasets/Game_Streaming/KT_GameBox/KT_GameBox_8.csv,pretrain,0,0.024451,True,0,0,0,5,4,16,0.059524,"[64, 557, 6444, 104, 795, 518, 762]","[0.0, 0.043032, 0.024451, 0.008609, 0.000357, 0.029266, 0.198723]","[1, 1, -1, 1, 1, -1, -1]"
cloud_gaming,KT_GameBox,/indian-slp/Users/ug/ZEPA/Kritik/net_data/5G_Traffic_Datasets/Game_Streaming/KT_GameBox/KT_GameBox_8.csv,pretrain,0,0.044946,True,1,0,0,5,4,16,0.059524,"[60, 48, 40, 40, 40, 40, 40, 40, 40]","[0.0, 0.044946, 0.000265, 0.005077, 0.057951, 0.00509, 0.004151, 0.058264, 0.14773]","[1, -1, 1, -1, 1, -1, -1, 1, 1]"
cloud_gaming,KT_GameBox,/indian-slp/Users/ug/ZEPA/Kritik/net_data/5G_Traffic_Datasets/Game_Streaming/KT_GameBox/KT_GameBox_8.csv,pretrain,0,0.057325,True,0,0,0,5,4,16,0.059524,"[64, 557, 6444, 104, 795, 486, 762]","[0.0, 0.063209, 0.057325, 0.005489, 0.003223, 0.027217, 0.180165]","[1, 1, -1, 1, 1, -1, -1]"
cloud_gaming,KT_GameBox,/indian-slp/Users/ug/ZEPA/Kritik/net_data/5G_Traffic_Datasets/Game_Streaming/KT_GameBox/KT_GameBox_8.csv,pretrain,0,0.031852,True,1,0,0,5,4,16,0.059524,"[60, 48, 40, 40, 40, 40, 40, 40, 40]","[0.0, 0.031852, 0.000211, 0.004781, 0.028717, 0.004661, 0.000127, 0.065821, 0.109568]","[1, -1, 1, -1, 1, -1, -1, 1, 1]"
cloud_gaming,KT_GameBox,/indian-slp/Users/ug/ZEPA/Kritik/net_data/5G_Traffic_Datasets/Game_Streaming/KT_GameBox/KT_GameBox_8.csv,pretrain,0,0.028656,True,0,0,0,5,4,16,0.059524,"[64, 557, 265, 104, 795, 263, 762]","[0.0, 0.045975, 0.028656, 0.004881, 0.000322, 0.027267, 0.147526]","[1, 1, -1, 1, 1, -1, -1]"
cloud_gaming,KT_GameBox,/indian-slp/Users/ug/ZEPA/Kritik/net_data/5G_Traffic_Datasets/Game_Streaming/KT_GameBox/KT_GameBox_8.csv,pretrain,0,0.028155,True,0,0,0,5,4,16,0.059524,"[64, 557, 6444, 104, 795, 502, 762]","[0.0, 0.053442, 0.028155, 0.004709, 0.00427, 0.017389, 0.364363]","[1, 1, -1, 1, 1, -1, -1]"
cloud_gaming,KT_GameBox,/indian-slp/Users/ug/ZEPA/Kritik/net_data/5G_Traffic_Datasets/Game_Streaming/KT_GameBox/KT_GameBox_8.csv,pretrain,0,0.022242,True,1,0,0,5,4,16,0.059524,"[60, 48, 40, 40, 40, 40, 40, 40, 40]","[0.0, 0.022242, 0.000279, 0.004322, 0.030788, 0.000168, 0.00014, 0.063588, 0.115291]","[1, -1, 1, -1, 1, -1, -1, 1, 1]"
cloud_gaming,KT_GameBox,/indian-slp/Users/ug/ZEPA/Kritik/net_data/5G_Traffic_Datasets/Game_Streaming/KT_GameBox/KT_GameBox_8.csv,pretrain,0,0.025424,True,0,0,0,5,4,16,0.059524,"[64, 557, 265, 104, 795, 263, 762]","[0.0, 0.03419, 0.025424, 0.005691, 0.000269, 0.029553, 0.145791]","[1, 1, -1, 1, 1, -1, -1]"
cloud_gaming,KT_GameBox,/indian-slp/Users/ug/ZEPA/Kritik/net_data/5G_Traffic_Datasets/Game_Streaming/KT_GameBox/KT_GameBox_8.csv,pretrain,0,0.023556,True,1,0,0,5,4,16,0.059524,"[60, 48, 40, 40, 40, 40, 40, 40, 40, 40]","[0.0, 0.023556, 0.000291, 0.004149, 0.02824, 0.005199, 0.006457, 0.000275, 0.064867, 0.12615]","[1, -1, 1, -1, 1, 1, -1, -1, 1, 1]"
cloud_gaming,KT_GameBox,/indian-slp/Users/ug/ZEPA/Kritik/net_data/5G_Traffic_Datasets/Game_Streaming/KT_GameBox/KT_GameBox_8.csv,pretrain,0,0.028021,True,0,0,0,5,4,16,0.059524,"[64, 557, 1390, 5094, 104, 795, 502, 762]","[0.0, 0.038772, 0.028021, 0.005491, 0.005917, 0.00084, 0.029174, 0.161795]","[1, 1, -1, -1, 1, 1, -1, -1]"
cloud_gaming,KT_GameBox,/indian-slp/Users/ug/ZEPA/Kritik/net_data/5G_Traffic_Datasets/Game_Streaming/KT_GameBox/KT_GameBox_8.csv,pretrain,3,0.027348,True,0,0,0,5,4,16,0.059524,"[68, 168, 68, 168, 78, 78, 244, 408, 67, 397]","[0.0, 0.027348, 0.04616, 0.028765, 5.051286, 0.005623, 0.029365, 0.008583, 0.556219, 0.034044]","[1, -1, 1, -1, 1, 1, -1, -1, 1, -1]"
cloud_gaming,KT_GameBox,/indian-slp/Users/ug/ZEPA/Kritik/net_data/5G_Traffic_Datasets/Game_Streaming/KT_GameBox/KT_GameBox_8.csv,pretrain,0,0.026194,True,1,2,0,5,4,16,0.059524,"[60, 48, 40, 40, 40, 4136, 40, 40, 40, 40, 40, 40, 40, 40, 40, 40, 40, 40, 40, 40, 40]","[0.0, 0.026194, 9.9e-05, 0.001711, 0.031119, 3.7e-05, 3.6e-05, 3.2e-05, 0.001438, 0.001397, 0.020301, 0.191442, 4.65912, 0.094514, 0.646298, 0.055972, 29.999904, 0.034163, 24.333721, 0.0001, 3e-06]","[1, -1, 1, -1, 1, -1, 1, 1, -1, -1, 1, 1, -1, 1, -1, 1, -1, 1, -1, 1, -1]"
cloud_gaming,KT_GameBox,/indian-slp/Users/ug/ZEPA/Kritik/net_data/5G_Traffic_Datasets/Game_Streaming/KT_GameBox/KT_GameBox_8.csv,pretrain,0,0.014667,True,1,0,0,5,4,16,0.059524,"[60, 48, 40, 1064, 308, 40, 90, 40, 40, 40, 40, 40, 40, 40, 40, 40, 40, 40, 40, 40, 40, 40, 40, 40, 40, 40, 40, 40, 40, 40, 40, 40, 40, 40, 40, 40, 40, 40, 40, 40, 40, 40, 40, 40, 40, 40, 40, 40, 40, 40, 40, 40, 40, 40, 40, 40, 40, 40, 40, 40, 40, 40, 40, 40]","[0.0, 0.014667, 0.000297, 0.002581, 0.000394, 0.00026, 0.025589, 0.00081, 0.000117, 0.036917, 0.001149, 0.04701, 0.03811, 7.3e-05, 0.027647, 0.05086, 0.122999, 0.110109, 0.032238, 7.3e-05, 0.023779, 6.5e-05, 0.041724, 0.069385, 0.022301, 0.201462, 0.030697, 8.013013, 0.038463, 2.002779, 0.038216, 1.613575, 7.9e-05, 4.616405, 0.083908, 3.774386, 0.028488, 4.406048, 0.035438, 5.607888, 0.041279, 2.603915, 0.03372, 7.412249, 0.02911, 0.801898, 0.035848, 8.215414, 0.034712, 1.001833, 0.090697, 7.213304, 0.032712, 2.806997, 0.033552, 5.409848, 0.029, 4.608695, 0.030576, 1.406278, 7.3e-05, 2.20321, 0.061505, 6.38015]","[1, -1, 1, 1, 1, -1, -1, 1, -1, 1, -1, -1, -1, -1, -1, 1, 1, -1, 1, -1, -1, -1, -1, 1, 1, -1, 1, -1, 1, -1, 1, 1, -1, -1, 1, -1, 1, -1, 1, -1, 1, -1, 1, -1, 1, -1, 1, -1, 1, -1, 1, -1, 1, -1, 1, -1, 1, -1, 1, 1, -1, -1, 1, -1]"
cloud_gaming,KT_GameBox,/indian-slp/Users/ug/ZEPA/Kritik/net_data/5G_Traffic_Datasets/Game_Streaming/KT_GameBox/KT_GameBox_8.csv,pretrain,3,0.0245,True,0,0,0,5,4,16,0.059524,"[239, 1390, 350, 366, 274, 194, 146, 386, 242, 178, 162, 162, 306, 226, 210, 162, 178, 178, 284, 162, 178, 268, 162, 226, 162, 146, 146, 226, 162, 242, 162, 146, 146, 226, 162, 146, 146, 226, 162, 146, 146, 226, 162, 146, 146, 146, 146, 226, 162, 146, 146, 226, 162, 146, 146, 226, 162, 242, 162, 146, 146, 226, 162, 146]","[0.0, 0.0245, 0.012222, 0.001367, 0.046343, 0.000667, 0.029251, 0.008859, 0.000141, 0.027284, 0.000309, 0.019126, 0.154328, 0.110424, 0.03205, 0.00035, 0.023428, 0.000342, 0.000124, 0.040747, 0.000919, 0.033358, 0.058054, 0.201646, 0.030402, 8.013352, 0.038231, 2.003033, 0.037649, 1.613777, 0.000471, 4.616327, 0.050896, 3.807413, 0.028253, 4.406321, 0.034845, 5.608401, 0.041048, 2.604182, 0.032747, 7.413248, 0.028509, 0.802419, 0.035029, 8.21627, 0.034243, 1.002292, 0.08987, 7.214031, 0.032182, 2.807633, 0.033215, 5.410234, 0.028892, 4.608804, 0.030164, 1.406342, 0.000467, 2.20317, 0.026337, 6.415005, 0.040853, 1.803105]","[1, -1, -1, 1, -1, 1, -1, 1, 1, -1, 1, -1, -1, 1, -1, 1, -1, 1, 1, -1, 1, -1, -1, 1, -1, 1, -1, 1, -1, -1, 1, 1, -1, 1, -1, 1, -1, 1, -1, 1, -1, 1, -1, 1, -1, 1, -1, 1, -1, 1, -1, 1, -1, 1, -1, 1, -1, -1, 1, 1, -1, 1, -1, 1]"
cloud_gaming,KT_GameBox,/indian-slp/Users/ug/ZEPA/Kritik/net_data/5G_Traffic_Datasets/Game_Streaming/KT_GameBox/KT_GameBox_8.csv,pretrain,1,0.029952,True,0,0,0,5,4,16,0.059524,"[46, 56, 52, 1300, 40, 1300, 1300, 52, 1300, 1300, 1300, 1300, 1300, 1300, 1300, 1300, 1300, 1300, 1300, 1300, 1300, 1300, 1300, 1300, 1300, 1300, 1300, 1300, 1300, 1300, 1300, 1300, 1300, 222, 1300, 1300, 1300, 1300, 1300, 1300, 1300, 1300, 1300, 1300, 1300, 1300, 1300, 1300, 1300, 1300, 1300, 1300, 1300, 1300, 1300, 1300, 1300, 1300, 1300, 1300, 1300, 52, 1300, 991]","[0.0, 0.029952, 0.006607, 0.101503, 0.000857, 0.000225, 0.000119, 0.000116, 0.005357, 0.000293, 0.00012, 0.00013, 0.000185, 0.0001, 0.000115, 0.000101, 0.000172, 0.000112, 0.000104, 0.000106, 0.000112, 0.000101, 0.000101, 0.000126, 0.000102, 0.0001, 0.000181, 9.6e-05, 0.000118, 9.9e-05, 0.000104, 9.6e-05, 9.6e-05, 0.000111, 0.004017, 0.000517, 0.000108, 0.000101, 9.9e-05, 0.00011, 0.0001, 0.001039, 0.0001, 7.9e-05, 7.8e-05, 8.9e-05, 7.9e-05, 7.7e-05, 8.6e-05, 7.9e-05, 7.7e-05, 8.9e-05, 7.9e-05, 7.7e-05, 8.5e-05, 7.8e-05, 7.8e-05, 8.7e-05, 8.2e-05, 7.7e-05, 8.7e-05, 0.011386, 0.000573, 0.00073]","[1, -1, 1, -1, 1, -1, -1, 1, -1, -1, -1, -1, -1, -1, -1, -1, -1, -1, -1, -1, -1, -1, -1, -1, -1, -1, -1, -1, -1, -1, -1, -1, -1, -1, -1, -1, -1, -1, -1, -1, -1, -1, -1, -1, -1, -1, -1, -1, -1, -1, -1, -1, -1, -1, -1, -1, -1, -1, -1, -1, -1, 1, -1, -1]"
cloud_gaming,KT_GameBox,/indian-slp/Users/ug/ZEPA/Kritik/net_data/5G_Traffic_Datasets/Game_Streaming/KT_GameBox/KT_GameBox_8.csv,pretrain,0,0.027237,True,1,0,0,5,4,16,0.059524,"[60, 48, 40, 2740, 40, 1390, 40, 4090, 40, 2740, 40, 2740, 40, 4313, 40, 2799, 40, 8245, 40, 4149, 40, 2740, 40, 1449, 40, 8245, 40, 4149, 40, 4090, 40, 4195, 40, 4149, 40, 4149, 40, 1390, 40, 6895, 40, 4149, 40, 8245, 40, 4149, 40, 4149, 40, 5440, 40, 2845, 40, 4149, 40, 8140, 40, 145, 40, 4149, 40, 1390, 40, 2799]","[0.0, 0.027237, 0.000331, 0.068313, 0.000736, 0.012889, 0.000321, 0.015256, 0.000491, 0.015296, 0.000475, 0.004175, 0.000433, 0.013259, 0.000507, 0.011526, 0.00015, 0.012441, 0.000277, 0.033054, 0.000171, 0.034269, 0.000344, 0.004895, 0.000175, 0.023661, 0.000252, 0.039159, 0.000306, 0.024484, 0.000344, 0.006376, 0.000459, 0.015951, 0.000279, 0.024362, 0.000312, 0.035609, 0.000334, 0.006239, 0.000558, 0.030996, 0.000449, 0.022167, 0.000596, 0.038778, 0.000631, 0.022593, 0.000473, 0.034043, 0.000314, 3.8e-05, 0.000329, 0.030164, 0.000409, 0.035994, 0.000293, 4.1e-05, 0.000256, 0.016559, 0.00068, 0.021551, 0.000375, 0.012183]","[1, -1, 1, -1, 1, -1, 1, -1, 1, -1, 1, -1, 1, -1, 1, -1, 1, -1, 1, -1, 1, -1, 1, -1, 1, -1, 1, -1, 1, -1, 1, -1, 1, -1, 1, -1, 1, -1, 1, -1, 1, -1, 1, -1, 1, -1, 1, -1, 1, -1, 1, -1, 1, -1, 1, -1, 1, -1, 1, -1, 1, -1, 1, -1]"
cloud_gaming,KT_GameBox,/indian-slp/Users/ug/ZEPA/Kritik/net_data/5G_Traffic_Datasets/Game_Streaming/KT_GameBox/KT_GameBox_8.csv,pretrain,0,0.026724,True,0,0,0,5,4,16,0.059524,"[557, 196, 91, 398, 10000, 10000, 6774, 368, 10000, 5260, 9474]","[0.0, 0.026724, 0.001796, 0.000155, 0.065917, 0.005938, 0.01993, 0.00765, 0.036432, 0.004863, 0.007327]","[1, -1, 1, 1, -1, -1, -1, 1, -1, -1, -1]"
cloud_gaming,KT_GameBox,/indian-slp/Users/ug/ZEPA/Kritik/net_data/5G_Traffic_Datasets/Game_Streaming/KT_GameBox/KT_GameBox_8.csv,pretrain,0,0.02209,True,1,2,0,5,4,16,0.059524,"[60, 48, 40, 40, 40, 40, 40, 40, 40, 40, 40, 40, 40, 40, 40]","[0.0, 0.02209, 0.000114, 0.002891, 0.031017, 0.005508, 0.005047, 0.00012, 0.021302, 0.191476, 29.972013, 0.038076, 29.708378, 0.000766, 5e-06]","[1, -1, 1, -1, 1, 1, -1, -1, 1, 1, -1, 1, -1, 1, -1]"
cloud_gaming,KT_GameBox,/indian-slp/Users/ug/ZEPA/Kritik/net_data/5G_Traffic_Datasets/Game_Streaming/KT_GameBox/KT_GameBox_8.csv,pretrain,0,0.016998,True,1,2,0,5,4,16,0.059524,"[60, 48, 40, 40, 40, 40, 40, 40, 40, 40, 40, 40, 40, 40, 40]","[0.0, 0.016998, 0.00016, 0.002219, 0.0285, 0.004278, 0.00222, 0.002868, 0.057495, 0.126336, 29.994237, 0.039876, 29.726491, 9.6e-05, 5e-06]","[1, -1, 1, -1, 1, 1, -1, -1, 1, 1, -1, 1, -1, 1, -1]"
cloud_gaming,KT_GameBox,/indian-slp/Users/ug/ZEPA/Kritik/net_data/5G_Traffic_Datasets/Game_Streaming/KT_GameBox/KT_GameBox_8.csv,pretrain,0,0.0,False,0,2,0,5,4,16,0.059524,"[40, 40, 40, 40, 40]","[0.0, 0.031625, 29.671153, 0.00069, 1e-05]","[-1, 1, -1, 1, -1]"
cloud_gaming,KT_GameBox,/indian-slp/Users/ug/ZEPA/Kritik/net_data/5G_Traffic_Datasets/Game_Streaming/KT_GameBox/KT_GameBox_8.csv,pretrain,0,0.0,False,0,2,0,5,4,16,0.059524,"[40, 40, 40, 40, 40]","[0.0, 0.035674, 29.633805, 0.000869, 1e-05]","[-1, 1, -1, 1, -1]"
cloud_gaming,KT_GameBox,/indian-slp/Users/ug/ZEPA/Kritik/net_data/5G_Traffic_Datasets/Game_Streaming/KT_GameBox/KT_GameBox_8.csv,pretrain,0,0.0,False,0,2,0,5,4,16,0.059524,"[40, 40, 40, 40, 40]","[0.0, 0.038306, 29.703108, 0.000332, 7e-06]","[-1, 1, -1, 1, -1]"
cloud_gaming,KT_GameBox,/indian-slp/Users/ug/ZEPA/Kritik/net_data/5G_Traffic_Datasets/Game_Streaming/KT_GameBox/KT_GameBox_8.csv,pretrain,0,0.04008,True,1,2,0,5,4,16,0.059524,"[60, 48, 40, 40, 40, 40, 40, 40, 40, 40, 40, 40, 40, 40]","[0.0, 0.04008, 0.000454, 0.005564, 0.028166, 0.004148, 0.00428, 0.056036, 0.325892, 29.999591, 0.034312, 29.510678, 0.000157, 7e-06]","[1, -1, 1, -1, 1, -1, -1, 1, 1, -1, 1, -1, 1, -1]"
cloud_gaming,KT_GameBox,/indian-slp/Users/ug/ZEPA/Kritik/net_data/5G_Traffic_Datasets/Game_Streaming/KT_GameBox/KT_GameBox_8.csv,pretrain,0,0.0,False,0,2,0,5,4,16,0.059524,"[40, 40, 40, 40, 40]","[0.0, 0.034573, 29.705928, 0.000547, 1e-05]","[-1, 1, -1, 1, -1]"
cloud_gaming,KT_GameBox,/indian-slp/Users/ug/ZEPA/Kritik/net_data/5G_Traffic_Datasets/Game_Streaming/KT_GameBox/KT_GameBox_8.csv,pretrain,0,0.0,False,0,2,0,5,4,16,0.059524,"[40, 40, 40, 40, 40]","[0.0, 0.034819, 29.691413, 0.000117, 6e-06]","[-1, 1, -1, 1, -1]"
cloud_gaming,KT_GameBox,/indian-slp/Users/ug/ZEPA/Kritik/net_data/5G_Traffic_Datasets/Game_Streaming/KT_GameBox/KT_GameBox_8.csv,pretrain,0,0.022642,True,0,0,0,5,4,16,0.059524,"[64, 557, 265, 104, 795, 263, 762]","[0.0, 0.06128, 0.022642, 0.006991, 0.000335, 0.030401, 0.158429]","[1, 1, -1, 1, 1, -1, -1]"
cloud_gaming,KT_GameBox,/indian-slp/Users/ug/ZEPA/Kritik/net_data/5G_Traffic_Datasets/Game_Streaming/KT_GameBox/KT_GameBox_8.csv,pretrain,0,0.039932,True,1,0,0,5,4,16,0.059524,"[60, 48, 40, 40, 40, 40, 40, 40, 40]","[0.0, 0.039932, 0.000278, 0.004986, 0.029249, 0.000204, 0.000182, 0.067196, 0.121773]","[1, -1, 1, -1, 1, -1, -1, 1, 1]"
cloud_gaming,KT_GameBox,/indian-slp/Users/ug/ZEPA/Kritik/net_data/5G_Traffic_Datasets/Game_Streaming/KT_GameBox/KT_GameBox_9.csv,pretrain,0,0.035111,True,0,0,0,6,4,17,0.048045,"[557, 1390, 983, 104, 293, 263, 263, 209, 118, 111, 169, 630]","[0.0, 0.035111, 0.018021, 0.002802, 0.00015, 0.024399, 0.000124, 0.012708, 0.00207, 0.024254, 0.006142, 0.001229]","[1, -1, -1, 1, 1, -1, -1, -1, 1, -1, 1, 1]"
cloud_gaming,KT_GameBox,/indian-slp/Users/ug/ZEPA/Kritik/net_data/5G_Traffic_Datasets/Game_Streaming/KT_GameBox/KT_GameBox_9.csv,pretrain,0,0.026188,True,1,0,0,6,4,17,0.048045,"[60, 48, 40, 40, 40, 1390, 40, 1436, 40, 1390, 40, 40, 40, 40, 40, 40, 40, 40]","[0.0, 0.026188, 0.00012, 0.001775, 0.03512, 1.4e-05, 3.6e-05, 0.014107, 0.000119, 0.003461, 7.5e-05, 4.5e-05, 0.002857, 7.9e-05, 0.024981, 0.014375, 0.030396, 0.001367]","[1, -1, 1, -1, 1, -1, 1, -1, 1, -1, 1, 1, -1, -1, 1, -1, -1, -1]"
cloud_gaming,KT_GameBox,/indian-slp/Users/ug/ZEPA/Kritik/net_data/5G_Traffic_Datasets/Game_Streaming/KT_GameBox/KT_GameBox_9.csv,pretrain,0,0.035133,True,0,0,0,6,4,17,0.048045,"[557, 1390, 2348, 104, 795, 263, 279, 762, 763, 804, 763, 779]","[0.0, 0.035133, 0.008061, 0.002649, 0.000129, 0.027816, 0.000104, 0.179196, 4.672124, 0.124197, 0.833522, 0.050998]","[1, -1, -1, 1, 1, -1, -1, -1, 1, -1, 1, -1]"
cloud_gaming,KT_GameBox,/indian-slp/Users/ug/ZEPA/Kritik/net_data/5G_Traffic_Datasets/Game_Streaming/KT_GameBox/KT_GameBox_9.csv,pretrain,0,0.0,False,5,0,0,1,1,1,0.033269,"[60, 60, 60, 60, 60]","[0.0, 2.057808, 4.000959, 7.999191, 15.999847]","[1, 1, 1, 1, 1]"
cloud_gaming,KT_GameBox,/indian-slp/Users/ug/ZEPA/Kritik/net_data/5G_Traffic_Datasets/Game_Streaming/KT_GameBox/KT_GameBox_9.csv,pretrain,0,0.064699,True,0,0,0,6,4,17,0.048045,"[557, 5602, 166, 91, 2733, 337]","[0.0, 0.064699, 0.011397, 0.07951, 0.004336, 0.094963]","[1, -1, 1, -1, 1, -1]"
cloud_gaming,KT_GameBox,/indian-slp/Users/ug/ZEPA/Kritik/net_data/5G_Traffic_Datasets/Game_Streaming/KT_GameBox/KT_GameBox_9.csv,pretrain,0,0.064827,True,1,0,0,6,4,17,0.048045,"[60, 48, 40, 40, 40, 40, 40, 40]","[0.0, 0.064827, 0.00018, 0.003115, 0.065289, 0.010405, 0.085214, 0.128228]","[1, -1, 1, -1, 1, -1, -1, 1]"
cloud_gaming,KT_GameBox,/indian-slp/Users/ug/ZEPA/Kritik/net_data/5G_Traffic_Datasets/Game_Streaming/KT_GameBox/KT_GameBox_9.csv,pretrain,0,0.035381,True,1,0,0,6,4,17,0.048045,"[60, 48, 40, 40, 40, 40, 40, 40, 2740, 1390, 40, 10000, 2230, 40, 4090, 40, 10000, 40, 4420, 40, 40, 10000, 40, 10000, 40, 10000, 40]","[0.0, 0.035381, 0.000175, 0.003655, 0.024211, 0.011474, 0.010572, 0.02603, 0.028296, 0.011987, 0.000601, 0.012234, 0.003487, 0.000632, 0.007548, 0.000499, 0.015289, 0.000383, 0.000104, 0.013914, 0.00414, 0.043153, 0.000584, 7.3e-05, 0.000601, 0.00873, 0.000412]","[1, -1, 1, -1, 1, 1, -1, -1, -1, -1, 1, -1, -1, 1, -1, 1, -1, 1, -1, 1, -1, -1, 1, -1, 1, -1, 1]"
cloud_gaming,KT_GameBox,/indian-slp/Users/ug/ZEPA/Kritik/net_data/5G_Traffic_Datasets/Game_Streaming/KT_GameBox/KT_GameBox_9.csv,pretrain,0,0.038287,True,0,0,0,6,4,17,0.048045,"[64, 561, 6444, 104, 795, 518, 762]","[0.0, 0.043164, 0.038287, 0.007506, 0.000719, 0.040397, 0.163451]","[1, 1, -1, 1, 1, -1, -1]"
cloud_gaming,KT_GameBox,/indian-slp/Users/ug/ZEPA/Kritik/net_data/5G_Traffic_Datasets/Game_Streaming/KT_GameBox/KT_GameBox_9.csv,pretrain,0,0.042719,True,0,0,0,6,4,17,0.048045,"[64, 557, 265, 104, 795, 263, 762]","[0.0, 0.047255, 0.042719, 0.006365, 0.000309, 0.030686, 0.172161]","[1, 1, -1, 1, 1, -1, -1]"
cloud_gaming,KT_GameBox,/indian-slp/Users/ug/ZEPA/Kritik/net_data/5G_Traffic_Datasets/Game_Streaming/KT_GameBox/KT_GameBox_9.csv,pretrain,0,0.038148,True,0,0,0,6,4,17,0.048045,"[64, 557, 265, 104, 795, 263, 762]","[0.0, 0.038291, 0.038148, 0.005053, 0.000505, 0.027615, 0.148005]","[1, 1, -1, 1, 1, -1, -1]"
cloud_gaming,KT_GameBox,/indian-slp/Users/ug/ZEPA/Kritik/net_data/5G_Traffic_Datasets/Game_Streaming/KT_GameBox/KT_GameBox_9.csv,pretrain,0,0.024367,True,0,0,0,6,4,17,0.048045,"[64, 557, 265, 104, 795, 263, 762]","[0.0, 0.046069, 0.024367, 0.008021, 0.000349, 0.021513, 0.183552]","[1, 1, -1, 1, 1, -1, -1]"
cloud_gaming,KT_GameBox,/indian-slp/Users/ug/ZEPA/Kritik/net_data/5G_Traffic_Datasets/Game_Streaming/KT_GameBox/KT_GameBox_9.csv,pretrain,0,0.025217,True,0,0,0,6,4,17,0.048045,"[64, 561, 2740, 3744, 104, 795, 518, 762]","[0.0, 0.056427, 0.025217, 0.009364, 0.006075, 0.000384, 0.035329, 0.177815]","[1, 1, -1, -1, 1, 1, -1, -1]"
cloud_gaming,KT_GameBox,/indian-slp/Users/ug/ZEPA/Kritik/net_data/5G_Traffic_Datasets/Game_Streaming/KT_GameBox/KT_GameBox_9.csv,pretrain,0,0.022664,True,1,0,0,6,4,17,0.048045,"[60, 48, 40, 40, 40, 40, 40, 40, 40]","[0.0, 0.022664, 0.000209, 0.004066, 0.030842, 0.00617, 0.00014, 0.061007, 0.109396]","[1, -1, 1, -1, 1, -1, -1, 1, 1]"
cloud_gaming,KT_GameBox,/indian-slp/Users/ug/ZEPA/Kritik/net_data/5G_Traffic_Datasets/Game_Streaming/KT_GameBox/KT_GameBox_9.csv,pretrain,0,0.030784,True,0,0,0,6,4,17,0.048045,"[64, 557, 265, 104, 795, 263, 762]","[0.0, 0.046655, 0.030784, 0.006444, 0.000253, 0.026897, 0.143292]","[1, 1, -1, 1, 1, -1, -1]"
cloud_gaming,KT_GameBox,/indian-slp/Users/ug/ZEPA/Kritik/net_data/5G_Traffic_Datasets/Game_Streaming/KT_GameBox/KT_GameBox_9.csv,pretrain,0,0.031583,True,0,0,0,6,4,17,0.048045,"[64, 557, 6444, 104, 795, 279, 279, 762]","[0.0, 0.055452, 0.031583, 0.007973, 0.000407, 0.035841, 0.007852, 0.227092]","[1, 1, -1, 1, 1, -1, -1, -1]"
cloud_gaming,KT_GameBox,/indian-slp/Users/ug/ZEPA/Kritik/net_data/5G_Traffic_Datasets/Game_Streaming/KT_GameBox/KT_GameBox_9.csv,pretrain,0,0.036582,True,0,0,0,6,4,17,0.048045,"[64, 561, 265, 104, 795, 279, 762]","[0.0, 0.037792, 0.036582, 0.006258, 0.000585, 0.024819, 0.169723]","[1, 1, -1, 1, 1, -1, -1]"
cloud_gaming,KT_GameBox,/indian-slp/Users/ug/ZEPA/Kritik/net_data/5G_Traffic_Datasets/Game_Streaming/KT_GameBox/KT_GameBox_9.csv,pretrain,0,0.02752,True,1,0,0,6,4,17,0.048045,"[60, 48, 40, 40, 40, 40, 40, 40, 40, 40]","[0.0, 0.02752, 0.000255, 0.002631, 0.036849, 0.007328, 0.003192, 0.003779, 0.059828, 0.154327]","[1, -1, 1, -1, 1, 1, -1, -1, 1, 1]"
cloud_gaming,KT_GameBox,/indian-slp/Users/ug/ZEPA/Kritik/net_data/5G_Traffic_Datasets/Game_Streaming/KT_GameBox/KT_GameBox_9.csv,pretrain,3,0.031955,True,0,0,0,6,4,17,0.048045,"[68, 168, 68, 168, 78, 78, 244, 408, 66, 446, 67, 397]","[0.0, 0.031955, 0.036842, 0.037094, 5.056404, 0.005063, 0.033966, 0.000675, 0.721471, 0.044358, 0.020992, 0.036861]","[1, -1, 1, -1, 1, 1, -1, -1, 1, -1, 1, -1]"
cloud_gaming,KT_GameBox,/indian-slp/Users/ug/ZEPA/Kritik/net_data/5G_Traffic_Datasets/Game_Streaming/KT_GameBox/KT_GameBox_9.csv,pretrain,0,0.022783,True,1,2,0,6,4,17,0.048045,"[60, 48, 40, 40, 40, 2786, 40, 40, 40, 40, 40, 40, 40, 40, 40, 40, 40, 40, 40, 40, 40]","[0.0, 0.022783, 0.000123, 0.001778, 0.035528, 1.5e-05, 0.000117, 0.009985, 7.7e-05, 7.5e-05, 0.028325, 0.212712, 4.638406, 0.1244, 0.833258, 0.051571, 29.99344, 0.039107, 24.140631, 0.000699, 9e-06]","[1, -1, 1, -1, 1, -1, 1, 1, -1, -1, 1, 1, -1, 1, -1, 1, -1, 1, -1, 1, -1]"
cloud_gaming,KT_GameBox,/indian-slp/Users/ug/ZEPA/Kritik/net_data/5G_Traffic_Datasets/Game_Streaming/KT_GameBox/KT_GameBox_9.csv,pretrain,0,0.030401,True,1,0,0,6,4,17,0.048045,"[60, 48, 40, 1064, 308, 40, 90, 40, 40, 40, 40, 40, 40, 40, 40, 40, 40, 40, 40, 40, 40, 40, 40, 40, 40, 40, 40, 40, 40, 40, 40, 40, 40, 40, 40, 40, 40, 40, 40, 40, 40, 40, 40, 40, 40, 40, 40, 40, 40, 40, 40, 40, 40, 40, 40, 40, 40, 40, 40, 40, 40, 40, 40, 40]","[0.0, 0.030401, 0.000293, 0.00166, 0.00012, 8.3e-05, 0.020728, 0.001355, 0.000557, 0.021439, 0.049232, 0.02649, 6.5e-05, 0.033403, 0.058754, 0.111535, 0.085858, 0.030797, 0.000155, 0.027915, 5.3e-05, 0.035923, 0.077622, 0.020284, 0.200654, 0.026095, 8.01597, 0.032757, 2.00339, 0.029058, 1.657967, 0.000101, 4.609532, 0.08424, 3.767609, 0.031261, 4.406713, 0.031291, 5.609802, 0.029812, 0.456434, 0.000203, 2.203558, 0.06343, 7.382947, 0.033579, 0.418862, 0.000134, 0.400949, 0.063311, 8.193454, 0.029201, 1.002419, 0.033891, 0.299869, 0.000181, 7.012132, 0.06898, 2.775811, 0.038639, 0.172465, 0.00023, 5.208416, 0.065586]","[1, -1, 1, 1, 1, -1, -1, 1, -1, -1, -1, -1, -1, -1, 1, 1, -1, 1, -1, -1, -1, -1, 1, 1, -1, 1, -1, 1, -1, 1, 1, -1, -1, 1, -1, 1, -1, 1, -1, 1, 1, -1, -1, 1, -1, 1, 1, -1, -1, 1, -1, 1, -1, 1, 1, -1, -1, 1, -1, 1, 1, -1, -1, 1]"
cloud_gaming,KT_GameBox,/indian-slp/Users/ug/ZEPA/Kritik/net_data/5G_Traffic_Datasets/Game_Streaming/KT_GameBox/KT_GameBox_9.csv,pretrain,3,0.02023,True,0,0,0,6,4,17,0.048045,"[239, 1700, 366, 274, 194, 146, 386, 258, 178, 162, 162, 306, 226, 210, 162, 178, 178, 284, 162, 178, 268, 162, 226, 162, 146, 146, 226, 162, 242, 162, 146, 146, 226, 162, 146, 146, 226, 162, 242, 162, 146, 146, 226, 162, 242, 162, 146, 146, 146, 146, 226, 162, 242, 162, 146, 146, 226, 162, 242, 162, 146, 146, 226, 162]","[0.0, 0.02023, 0.001161, 0.048882, 0.000419, 0.019654, 0.00683, 0.000124, 0.033124, 0.000232, 0.024554, 0.145339, 0.08616, 0.030725, 0.00033, 0.027511, 0.000388, 0.000107, 0.035579, 0.000306, 0.037458, 0.059922, 0.201085, 0.025743, 8.016349, 0.032004, 2.004164, 0.028808, 1.657016, 0.001314, 4.609399, 0.04424, 3.80756, 0.030884, 4.407273, 0.030984, 5.610022, 0.029479, 0.45611, 0.000843, 2.203519, 0.030953, 7.415353, 0.033607, 0.418383, 0.000769, 0.400829, 0.032946, 8.223832, 0.029146, 1.002538, 0.033477, 0.299526, 0.00094, 7.012105, 0.037542, 2.807185, 0.035999, 0.173651, 0.001721, 5.208403, 0.026927, 4.610682, 0.024589]","[1, -1, 1, -1, 1, -1, 1, 1, -1, 1, -1, -1, 1, -1, 1, -1, 1, 1, -1, 1, -1, -1, 1, -1, 1, -1, 1, -1, -1, 1, 1, -1, 1, -1, 1, -1, 1, -1, -1, 1, 1, -1, 1, -1, -1, 1, 1, -1, 1, -1, 1, -1, -1, 1, 1, -1, 1, -1, -1, 1, 1, -1, 1, -1]"
cloud_gaming,KT_GameBox,/indian-slp/Users/ug/ZEPA/Kritik/net_data/5G_Traffic_Datasets/Game_Streaming/KT_GameBox/KT_GameBox_9.csv,pretrain,1,0.02475,True,0,0,0,6,4,17,0.048045,"[46, 56, 52, 1300, 1300, 40, 52, 1300, 1300, 1300, 1300, 1300, 1300, 1300, 1300, 1300, 1300, 1300, 1300, 1300, 1300, 1300, 1300, 1300, 1300, 1300, 1300, 1300, 1300, 1300, 1300, 1300, 1300, 1300, 1300, 1300, 1300, 1300, 1300, 1300, 1300, 1300, 1300, 1300, 1300, 1300, 1300, 1300, 1300, 1300, 1300, 1300, 1300, 1300, 1300, 1300, 1300, 1300, 1300, 1300, 1300, 1300, 1300, 1300]","[0.0, 0.02475, 0.004385, 0.093003, 0.00021, 0.000136, 0.000153, 0.000104, 0.000117, 0.000114, 0.000113, 0.000112, 0.000235, 0.000131, 0.000134, 0.0001, 0.000119, 0.000117, 0.0001, 0.000107, 9.9e-05, 9.9e-05, 0.000108, 0.004681, 0.00077, 0.00011, 0.000109, 8.3e-05, 8.2e-05, 0.000104, 0.000109, 0.000102, 9.9e-05, 0.000109, 0.000101, 0.0001, 0.000109, 0.000101, 9.8e-05, 0.000107, 0.002784, 0.000108, 0.000114, 0.0001, 9.8e-05, 0.000107, 9.9e-05, 9.7e-05, 0.000112, 9.8e-05, 9.6e-05, 0.000108, 0.0001, 9.8e-05, 0.0001, 0.000113, 0.0001, 9.9e-05, 0.000108, 9.9e-05, 9.7e-05, 0.000108, 0.0001, 9.7e-05]","[1, -1, 1, -1, -1, 1, 1, -1, -1, -1, -1, -1, -1, -1, -1, -1, -1, -1, -1, -1, -1, -1, -1, -1, -1, -1, -1, -1, -1, -1, -1, -1, -1, -1, -1, -1, -1, -1, -1, -1, -1, -1, -1, -1, -1, -1, -1, -1, -1, -1, -1, -1, -1, -1, -1, -1, -1, -1, -1, -1, -1, -1, -1, -1]"
cloud_gaming,KT_GameBox,/indian-slp/Users/ug/ZEPA/Kritik/net_data/5G_Traffic_Datasets/Game_Streaming/KT_GameBox/KT_GameBox_9.csv,pretrain,0,0.018433,True,1,0,0,6,4,17,0.048045,"[60, 48, 40, 2740, 40, 1390, 40, 4090, 40, 2740, 40, 2740, 40, 4313, 40, 2799, 40, 8245, 40, 2740, 40, 1449, 40, 4149, 40, 8245, 40, 4149, 40, 8245, 40, 4149, 40, 4149, 40, 8245, 40, 4149, 40, 4090, 40, 4195, 40, 4149, 40, 4149, 40, 8245, 40, 4149, 40, 8245, 40, 2740, 40, 1449, 40, 4149, 40, 8245, 40, 4149, 40, 8245]","[0.0, 0.018433, 0.000291, 0.078299, 0.000476, 0.028059, 0.000416, 0.007496, 0.000396, 0.023211, 0.00052, 0.00567, 0.000605, 0.006397, 0.000205, 0.008675, 0.000397, 0.019136, 0.000233, 0.029685, 0.00018, 0.000152, 0.000143, 0.046989, 0.000215, 0.007785, 0.001301, 0.027164, 0.000338, 0.036412, 0.000401, 0.029034, 0.000328, 0.029846, 0.000433, 0.029283, 0.000605, 0.036547, 0.001958, 0.021955, 0.000513, 0.000442, 0.000526, 0.031467, 0.000513, 0.037342, 0.001106, 0.035477, 0.002263, 0.00377, 0.000498, 0.042325, 0.00101, 0.020595, 0.000812, 0.005172, 0.00113, 0.022584, 0.000412, 0.030269, 0.001981, 0.031209, 0.000426, 0.032509]","[1, -1, 1, -1, 1, -1, 1, -1, 1, -1, 1, -1, 1, -1, 1, -1, 1, -1, 1, -1, 1, -1, 1, -1, 1, -1, 1, -1, 1, -1, 1, -1, 1, -1, 1, -1, 1, -1, 1, -1, 1, -1, 1, -1, 1, -1, 1, -1, 1, -1, 1, -1, 1, -1, 1, -1, 1, -1, 1, -1, 1, -1, 1, -1]"
cloud_gaming,KT_GameBox,/indian-slp/Users/ug/ZEPA/Kritik/net_data/5G_Traffic_Datasets/Game_Streaming/KT_GameBox/KT_GameBox_9.csv,pretrain,0,0.024273,True,0,0,0,6,4,17,0.048045,"[557, 4136, 1561, 133, 330, 398, 1390, 10000, 8634, 368, 10000, 5260, 9474]","[0.0, 0.024273, 0.011151, 0.01058, 0.024702, 0.001893, 0.060382, 0.020586, 0.012228, 0.005519, 0.044062, 0.000723, 0.009154]","[1, -1, -1, 1, -1, 1, -1, -1, -1, 1, -1, -1, -1]"
cloud_gaming,KT_GameBox,/indian-slp/Users/ug/ZEPA/Kritik/net_data/5G_Traffic_Datasets/Game_Streaming/KT_GameBox/KT_GameBox_9.csv,pretrain,0,0.027377,True,1,2,0,6,4,17,0.048045,"[60, 48, 40, 40, 40, 40, 40, 40, 40, 40, 40, 40, 40, 40]","[0.0, 0.027377, 0.000235, 0.0038, 0.038542, 0.007551, 0.000556, 0.081947, 0.121789, 29.994665, 0.030979, 29.682664, 0.005146, 2e-05]","[1, -1, 1, -1, 1, -1, -1, 1, 1, -1, 1, -1, 1, -1]"
cloud_gaming,KT_GameBox,/indian-slp/Users/ug/ZEPA/Kritik/net_data/5G_Traffic_Datasets/Game_Streaming/KT_GameBox/KT_GameBox_9.csv,pretrain,0,0.028798,True,1,2,0,6,4,17,0.048045,"[60, 48, 40, 40, 40, 40, 40, 40, 40, 40, 40, 40, 40, 40]","[0.0, 0.028798, 0.000225, 0.004407, 0.042834, 0.006044, 0.00017, 0.071704, 0.131284, 29.999318, 0.03882, 29.660374, 7.5e-05, 3e-06]","[1, -1, 1, -1, 1, -1, -1, 1, 1, -1, 1, -1, 1, -1]"
cloud_gaming,KT_GameBox,/indian-slp/Users/ug/ZEPA/Kritik/net_data/5G_Traffic_Datasets/Game_Streaming/KT_GameBox/KT_GameBox_9.csv,pretrain,0,0.027741,True,1,2,0,6,4,17,0.048045,"[60, 48, 40, 40, 40, 40, 40, 40, 40, 40, 40, 40, 40, 40]","[0.0, 0.027741, 0.000201, 0.003601, 0.042864, 0.000402, 0.000151, 0.066783, 0.110958, 29.99684, 0.03225, 29.720737, 0.000339, 1.5e-05]","[1, -1, 1, -1, 1, -1, -1, 1, 1, -1, 1, -1, 1, -1]"
cloud_gaming,KT_GameBox,/indian-slp/Users/ug/ZEPA/Kritik/net_data/5G_Traffic_Datasets/Game_Streaming/KT_GameBox/KT_GameBox_9.csv,pretrain,0,0.031201,True,1,2,0,6,4,17,0.048045,"[60, 48, 40, 40, 40, 40, 40, 40, 40, 40, 40, 40, 40, 40]","[0.0, 0.031201, 0.000207, 0.004033, 0.024418, 0.00787, 0.000192, 0.060416, 0.144823, 29.999148, 0.036509, 29.682357, 0.00028, 9e-06]","[1, -1, 1, -1, 1, -1, -1, 1, 1, -1, 1, -1, 1, -1]"
cloud_gaming,KT_GameBox,/indian-slp/Users/ug/ZEPA/Kritik/net_data/5G_Traffic_Datasets/Game_Streaming/KT_GameBox/KT_GameBox_9.csv,pretrain,0,0.035136,True,1,2,0,6,4,17,0.048045,"[60, 48, 40, 40, 40, 40, 40, 40, 40, 40, 40, 40, 40, 40, 40]","[0.0, 0.035136, 0.000217, 0.003503, 0.02547, 0.009079, 0.006038, 0.000246, 0.069906, 0.143421, 29.999576, 0.036677, 29.664908, 0.00029, 1.3e-05]","[1, -1, 1, -1, 1, 1, -1, -1, 1, 1, -1, 1, -1, 1, -1]"
cloud_gaming,KT_GameBox,/indian-slp/Users/ug/ZEPA/Kritik/net_data/5G_Traffic_Datasets/Game_Streaming/KT_GameBox/KT_GameBox_9.csv,pretrain,0,0.0,False,0,2,0,6,4,17,0.048045,"[40, 40, 40, 40, 40]","[0.0, 0.037412, 29.704267, 7.5e-05, 7e-06]","[-1, 1, -1, 1, -1]"
cloud_gaming,KT_GameBox,/indian-slp/Users/ug/ZEPA/Kritik/net_data/5G_Traffic_Datasets/Game_Streaming/KT_GameBox/KT_GameBox_9.csv,pretrain,0,0.043834,True,1,2,0,6,4,17,0.048045,"[60, 48, 40, 40, 40, 40, 40, 40, 40, 40, 40, 40, 40, 40]","[0.0, 0.043834, 0.000291, 0.004036, 0.031579, 0.00785, 0.00022, 0.043942, 0.266525, 29.96424, 0.035479, 29.602367, 0.000103, 7e-06]","[1, -1, 1, -1, 1, -1, -1, 1, 1, -1, 1, -1, 1, -1]"
cloud_gaming,KT_GameBox,/indian-slp/Users/ug/ZEPA/Kritik/net_data/5G_Traffic_Datasets/Game_Streaming/KT_GameBox/KT_GameBox_9.csv,pretrain,0,0.026994,True,1,2,0,6,4,17,0.048045,"[60, 48, 40, 40, 40, 40, 40, 40, 40, 40, 40, 40, 40, 40]","[0.0, 0.026994, 0.000231, 0.003639, 0.036711, 0.006312, 0.00036, 0.056104, 0.144597, 29.984473, 0.031089, 29.714844, 0.000549, 1.1e-05]","[1, -1, 1, -1, 1, -1, -1, 1, 1, -1, 1, -1, 1, -1]"
cloud_gaming,KT_GameBox,/indian-slp/Users/ug/ZEPA/Kritik/net_data/5G_Traffic_Datasets/Game_Streaming/KT_GameBox/KT_GameBox_9.csv,pretrain,0,0.036309,True,0,0,0,6,4,17,0.048045,"[64, 561, 4136, 2348, 104, 795, 486, 762]","[0.0, 0.04399, 0.036309, 0.007948, 0.003225, 0.003756, 0.027001, 0.187039]","[1, 1, -1, -1, 1, 1, -1, -1]"
cloud_gaming,CG_Xbox,/indian-slp/Users/ug/ZEPA/Kritik/net_data/5G_Traffic_Datasets/CG_Xbox/xbox_fortnite_1Player_ex35.csv,test,0,0.151277,True,0,0,0,6,2,6,0.037814,"[55, 66, 1478, 527, 60, 60, 499, 54]","[0.0, 0.151277, 14.608886, 0.003673, 0.157553, 0.005954, 0.078029, 0.053819]","[1, -1, 1, 1, -1, -1, -1, 1]"
cloud_gaming,CG_Xbox,/indian-slp/Users/ug/ZEPA/Kritik/net_data/5G_Traffic_Datasets/CG_Xbox/xbox_fortnite_1Player_ex35.csv,test,0,0.2083,True,0,0,0,6,2,6,0.037814,"[60, 93, 60, 54, 168, 89, 60, 265, 1478, 356, 163, 60, 54, 347, 1478, 1478, 1478, 1478, 1478, 1478, 1478, 1478, 1478, 1478, 1478, 796, 1478, 1478, 1478, 1478, 1478, 1478, 1478, 1478, 1478, 1478, 1478, 796, 1478, 1478, 1478, 1478, 1478, 1478, 1478, 1478, 1478, 1478, 1478, 796, 1478, 1478, 1478, 1478, 1478, 1478, 1478, 1478, 1478, 1478, 1478, 796, 1478, 1478]","[0.0, 0.0, 0.006051, 0.049658, 0.2083, 0.004191, 0.251807, 3.962842, 0.010458, 0.000461, 0.204358, 0.0, 0.091264, 0.171242, 0.020937, 0.003964, 0.000539, 0.00049, 0.000473, 0.000495, 0.000503, 0.000524, 0.000421, 0.000512, 0.000553, 0.000528, 0.000504, 0.000487, 0.00048, 0.00051, 0.000504, 0.000433, 0.000542, 0.000507, 0.000531, 0.000523, 0.000527, 0.000361, 0.000554, 0.000517, 0.000528, 0.000505, 0.000487, 0.000465, 0.000504, 0.000501, 0.000507, 0.000502, 0.00049, 0.000498, 0.001001, 0.001015, 0.000177, 0.000331, 0.001461, 0.000123, 9.9e-05, 0.000327, 0.000468, 0.000498, 0.000532, 0.000486, 0.000491, 0.0005]","[-1, -1, -1, 1, -1, 1, -1, 1, 1, 1, -1, -1, 1, 1, 1, 1, 1, 1, 1, 1, 1, 1, 1, 1, 1, 1, 1, 1, 1, 1, 1, 1, 1, 1, 1, 1, 1, 1, 1, 1, 1, 1, 1, 1, 1, 1, 1, 1, 1, 1, 1, 1, 1, 1, 1, 1, 1, 1, 1, 1, 1, 1, 1, 1]"
cloud_gaming,CG_Xbox,/indian-slp/Users/ug/ZEPA/Kritik/net_data/5G_Traffic_Datasets/CG_Xbox/xbox_fortnite_1Player_ex35.csv,test,0,0.157373,True,0,0,0,6,2,6,0.037814,"[55, 66, 1478, 527, 60, 499, 54]","[0.0, 0.157373, 14.581925, 0.000528, 0.159498, 0.077973, 0.045333]","[1, -1, 1, 1, -1, -1, 1]"
cloud_gaming,CG_Xbox,/indian-slp/Users/ug/ZEPA/Kritik/net_data/5G_Traffic_Datasets/CG_Xbox/xbox_fortnite_1Player_ex35.csv,test,0,0.159924,True,0,0,0,6,2,6,0.037814,"[55, 66, 1478, 527, 60, 60, 499, 54]","[0.0, 0.159924, 14.573463, 0.001869, 0.157579, 0.0, 0.077853, 0.056498]","[1, -1, 1, 1, -1, -1, -1, 1]"
cloud_gaming,CG_Xbox,/indian-slp/Users/ug/ZEPA/Kritik/net_data/5G_Traffic_Datasets/CG_Xbox/xbox_fortnite_1Player_ex35.csv,test,0,0.0,False,0,0,0,6,2,6,0.037814,"[347, 93, 1478, 1478, 1478, 1478, 1478, 1478, 1478, 1478, 1478, 1478, 1478, 796, 1478, 1478, 1478, 1478, 1478, 1478, 1478, 1478, 1478, 1478, 1478, 796, 1478, 1478, 1478, 1478, 1478, 1478, 1478, 1478, 1478, 1478, 1478, 796, 1478, 1478, 1478, 1478, 1478, 1478, 1478, 1478, 1478, 1478, 1478, 796, 1478, 1478, 1478, 1478, 1478, 1478, 1478, 1478, 1478, 1478, 1478, 796, 1478, 1478]","[0.0, 0.000604, 0.000443, 0.000515, 0.000452, 0.000531, 0.000502, 0.000488, 0.000498, 0.000504, 0.001279, 0.000514, 0.000494, 0.000495, 0.000498, 0.000499, 0.000506, 0.005115, 0.001033, 0.000491, 0.000491, 0.000575, 0.000472, 0.000479, 0.000476, 0.000727, 0.00035, 0.000527, 0.000488, 0.000508, 0.00053, 0.000554, 0.00039, 0.000504, 0.00289, 0.000421, 0.000475, 0.000454, 0.001249, 5.2e-05, 0.000318, 0.000444, 0.00478, 0.000534, 0.000783, 0.000208, 0.000483, 0.000502, 0.000497, 0.000498, 0.000502, 0.000498, 0.000504, 0.001529, 5.5e-05, 0.000153, 0.000274, 0.000494, 0.000725, 0.00027, 0.000502, 0.000499, 0.000502, 0.0005]","[1, 1, 1, 1, 1, 1, 1, 1, 1, 1, 1, 1, 1, 1, 1, 1, 1, 1, 1, 1, 1, 1, 1, 1, 1, 1, 1, 1, 1, 1, 1, 1, 1, 1, 1, 1, 1, 1, 1, 1, 1, 1, 1, 1, 1, 1, 1, 1, 1, 1, 1, 1, 1, 1, 1, 1, 1, 1, 1, 1, 1, 1, 1, 1]"
cloud_gaming,CG_Xbox,/indian-slp/Users/ug/ZEPA/Kritik/net_data/5G_Traffic_Datasets/CG_Xbox/xbox_fortnite_1Player_ex35.csv,test,1,0.0,False,0,0,0,3,4,5,0.031115,"[243, 223, 223, 223, 223, 253, 243, 243]","[0.0, 3.179457, 1.119649, 14.731353, 0.001668, 0.001877, 17.141732, 0.000833]","[1, 1, 1, 1, 1, 1, 1, 1]"
cloud_gaming,CG_Xbox,/indian-slp/Users/ug/ZEPA/Kritik/net_data/5G_Traffic_Datasets/CG_Xbox/xbox_fortnite_1Player_ex35.csv,test,0,0.154512,True,0,0,0,6,2,6,0.037814,"[55, 66, 1478, 527, 60, 499, 54]","[0.0, 0.154512, 14.597551, 0.000496, 0.162273, 0.07248, 0.052857]","[1, -1, 1, 1, -1, -1, 1]"
cloud_gaming,CG_Xbox,/indian-slp/Users/ug/ZEPA/Kritik/net_data/5G_Traffic_Datasets/CG_Xbox/xbox_fortnite_1Player_ex35.csv,test,0,0.0,False,0,0,0,6,2,6,0.037814,"[347, 93, 1478, 1478, 1478, 1478, 1478, 1478, 1478, 1478, 1478, 1478, 1478, 796, 1478, 1478, 1478, 1478, 1478, 1478, 1478, 1478, 1478, 1478, 1478, 796, 1478, 1478, 1478, 1478, 1478, 1478, 1478, 1478, 1478, 1478, 1478, 796, 1478, 1478, 1478, 1478, 1478, 1478, 1478, 1478, 1478, 1478, 1478, 796, 1478, 1478, 1478, 1478, 1478, 1478, 1478, 1478, 1478, 1478, 1478, 796, 1478, 1478]","[0.0, 0.000541, 0.003721, 0.000382, 0.000501, 0.000544, 0.000488, 0.000484, 0.000511, 0.000509, 0.00048, 0.000496, 0.000501, 0.000461, 0.000498, 0.000537, 0.000447, 0.000548, 0.000497, 0.0005, 0.000499, 0.00053, 0.000474, 0.000556, 0.00047, 0.000464, 0.000486, 0.000493, 0.000526, 0.00057, 0.000457, 0.000488, 0.000494, 0.000641, 0.000384, 0.000483, 0.00045, 0.000546, 0.000494, 0.000529, 0.000464, 0.000484, 0.000479, 0.000551, 0.00054, 0.000459, 0.000491, 0.000508, 0.000489, 0.0005, 0.001, 0.000499, 0.000502, 0.000495, 0.000509, 0.004562, 0.000502, 0.000505, 0.000501, 0.000509, 0.000501, 0.000497, 0.000513, 0.000493]","[1, 1, 1, 1, 1, 1, 1, 1, 1, 1, 1, 1, 1, 1, 1, 1, 1, 1, 1, 1, 1, 1, 1, 1, 1, 1, 1, 1, 1, 1, 1, 1, 1, 1, 1, 1, 1, 1, 1, 1, 1, 1, 1, 1, 1, 1, 1, 1, 1, 1, 1, 1, 1, 1, 1, 1, 1, 1, 1, 1, 1, 1, 1, 1]"
cloud_gaming,CG_Xbox,/indian-slp/Users/ug/ZEPA/Kritik/net_data/5G_Traffic_Datasets/CG_Xbox/xbox_fortnite_1Player_ex35.csv,test,0,0.0,False,0,0,0,6,2,6,0.037814,"[346, 93, 1478, 1478, 1478, 1478, 1478, 1478, 1478, 1478, 1478, 1478, 1478, 796, 1478, 1478, 1478, 1478, 1478, 1478, 1478, 1478, 1478, 1478, 1478, 796, 1478, 1478, 1478, 1478, 1478, 1478, 1478, 1478, 1478, 1478, 1478, 796, 1478, 1478, 1478, 1478, 1478, 1478, 1478, 1478, 1478, 1478, 1478, 796, 1478, 1478, 1478, 1478, 1478, 1478, 1478, 1478, 1478, 1478, 1478, 796, 1478, 1478]","[0.0, 0.000493, 0.003261, 0.000526, 0.000448, 0.00061, 0.000406, 0.000502, 0.000489, 0.00045, 0.000675, 0.000373, 0.000497, 0.000468, 0.00054, 0.000465, 0.000592, 0.00052, 0.000402, 0.000517, 0.000503, 0.000439, 0.000554, 0.000516, 0.00048, 0.000499, 0.000501, 0.000499, 0.000497, 0.000498, 0.0005, 0.022829, 0.002155, 0.000513, 0.000492, 0.000431, 0.000541, 0.000498, 0.000475, 0.000532, 0.000703, 0.000319, 0.000483, 0.000516, 0.000479, 0.000497, 0.000496, 0.000499, 0.000505, 0.000494, 0.001237, 9.2e-05, 0.000272, 0.001664, 0.001604, 0.000562, 0.000496, 0.000379, 0.000595, 0.00067, 0.000301, 0.000458, 0.0006, 0.000493]","[1, 1, 1, 1, 1, 1, 1, 1, 1, 1, 1, 1, 1, 1, 1, 1, 1, 1, 1, 1, 1, 1, 1, 1, 1, 1, 1, 1, 1, 1, 1, 1, 1, 1, 1, 1, 1, 1, 1, 1, 1, 1, 1, 1, 1, 1, 1, 1, 1, 1, 1, 1, 1, 1, 1, 1, 1, 1, 1, 1, 1, 1, 1, 1]"
cloud_gaming,CG_Xbox,/indian-slp/Users/ug/ZEPA/Kritik/net_data/5G_Traffic_Datasets/CG_Xbox/xbox_fortnite_1Player_ex35.csv,test,1,0.0,False,0,0,0,3,4,5,0.031115,"[179, 179, 179, 179, 179, 179, 179]","[0.0, 2.839999, 6.627124, 2.713835, 2.435008, 3.218716, 2.903667]","[1, 1, 1, 1, 1, 1, 1]"
cloud_gaming,CG_Xbox,/indian-slp/Users/ug/ZEPA/Kritik/net_data/5G_Traffic_Datasets/CG_Xbox/xbox_fortnite_1Player_ex35.csv,test,0,0.155628,True,0,0,0,6,2,6,0.037814,"[55, 66, 1478, 527, 60, 499, 54]","[0.0, 0.155628, 14.57734, 0.001214, 0.169498, 0.074015, 0.056511]","[1, -1, 1, 1, -1, -1, 1]"
cloud_gaming,CG_Xbox,/indian-slp/Users/ug/ZEPA/Kritik/net_data/5G_Traffic_Datasets/CG_Xbox/xbox_fortnite_1Player_ex35.csv,test,1,0.0,False,0,0,0,3,4,5,0.031115,"[167, 167, 167, 167, 167, 167, 167, 167, 167, 167, 167, 167, 167, 167, 167, 167, 167, 167, 167]","[0.0, 4.039519, 3.99379, 3.265743, 1.912148, 2.381966, 4.517649, 1.906421, 1.936133, 3.37516, 2.056293, 1.84848, 2.149562, 2.242237, 4.151511, 2.57078, 1.898799, 1.570039, 1.74172]","[1, 1, 1, 1, 1, 1, 1, 1, 1, 1, 1, 1, 1, 1, 1, 1, 1, 1, 1]"
cloud_gaming,CG_Xbox,/indian-slp/Users/ug/ZEPA/Kritik/net_data/5G_Traffic_Datasets/CG_Xbox/xbox_fortnite_1Player_ex35.csv,test,0,0.026815,True,1,0,0,5,1,5,0.097542,"[86, 86, 74, 271, 74, 1514, 1114, 1514, 86, 74, 200, 161, 74, 74, 112, 332, 142, 74, 74, 112, 74, 1514, 1003, 74, 74, 857, 816, 74, 74]","[0.0, 0.026815, 0.011839, 0.044493, 0.021441, 0.006083, 0.0, 4.1e-05, 0.006542, 0.000499, 0.366711, 0.001655, 0.018484, 0.0, 0.005996, 0.0, 0.0, 0.014167, 0.008568, 0.001833, 0.023418, 0.108753, 0.000467, 0.025176, 0.005595, 0.148175, 4.5e-05, 0.005359, 0.0005]","[1, -1, 1, 1, -1, -1, -1, -1, 1, 1, 1, 1, -1, -1, -1, -1, -1, 1, 1, 1, -1, 1, 1, -1, -1, -1, -1, 1, 1]"
cloud_gaming,CG_Xbox,/indian-slp/Users/ug/ZEPA/Kritik/net_data/5G_Traffic_Datasets/CG_Xbox/xbox_fortnite_1Player_ex35.csv,test,0,0.168905,True,0,0,0,6,2,6,0.037814,"[55, 66, 1478, 527, 60, 60, 499, 54]","[0.0, 0.168905, 14.562205, 0.001424, 0.154439, 0.006011, 0.079998, 0.0674]","[1, -1, 1, 1, -1, -1, -1, 1]"
cloud_gaming,CG_Xbox,/indian-slp/Users/ug/ZEPA/Kritik/net_data/5G_Traffic_Datasets/CG_Xbox/xbox_fortnite_1Player_ex35.csv,test,1,0.005922,True,0,0,0,6,2,6,0.037814,"[399, 112, 1106, 143, 398, 1103, 99, 1104, 1104, 112, 392, 84, 64, 399, 1109, 1109, 143, 1110, 397, 403, 1094, 1094, 1094, 84, 143, 391, 1095, 1096, 99, 1096, 399, 143, 143, 397, 1077, 1077, 1078, 84, 397, 99, 143, 1051, 1051, 1051, 399, 392, 143, 1077, 1078, 1077, 84, 392, 143, 99, 395, 1062, 1062, 1062, 395, 143, 84, 1071, 1072, 1072]","[0.0, 0.0, 0.0, 0.006179, 0.005922, 0.017864, 4e-05, 0.0, 0.0, 0.005945, 1e-06, 0.006482, 0.007685, 0.005869, 3.5e-05, 0.0, 0.000153, 0.005771, 0.017197, 0.01203, 2.8e-05, 0.0, 0.004746, 0.00966, 0.002793, 0.010734, 0.010861, 3.6e-05, 0.0, 0.0, 0.005908, 0.003825, 0.016114, 0.001248, 3.3e-05, 0.0, 0.0, 0.009813, 0.013211, 0.005769, 0.004768, 0.001239, 3e-05, 0.0, 0.005964, 0.016229, 0.008801, 0.003022, 3e-05, 0.0, 0.004985, 0.004124, 0.004163, 0.006686, 0.005953, 0.006005, 3.1e-05, 0.0, 0.019129, 0.004547, 0.012109, 0.000205, 2.9e-05, 0.0]","[-1, -1, -1, 1, -1, -1, -1, -1, -1, -1, -1, 1, -1, -1, -1, -1, 1, -1, -1, -1, -1, -1, -1, 1, 1, -1, -1, -1, -1, -1, -1, 1, 1, -1, -1, -1, -1, 1, -1, -1, 1, -1, -1, -1, -1, -1, 1, -1, -1, -1, 1, -1, 1, -1, -1, -1, -1, -1, -1, 1, 1, -1, -1, -1]"
cloud_gaming,CG_Xbox,/indian-slp/Users/ug/ZEPA/Kritik/net_data/5G_Traffic_Datasets/CG_Xbox/xbox_fortnite_1Player_ex35.csv,test,0,0.166657,True,0,0,0,6,2,6,0.037814,"[460, 242, 60, 360, 54, 460, 244, 60, 360, 54, 460, 242, 60, 360, 54, 460, 242, 60, 360, 54, 460, 246, 60, 360, 54, 460, 242, 60, 360, 54, 460, 242, 60, 360, 54, 460, 242, 60, 360, 54, 460, 243, 60, 360, 54, 460, 242, 60, 360, 54, 460, 242, 60, 360, 54, 460, 242, 60, 360, 54, 460, 242, 60, 360]","[0.0, 0.000814, 0.165843, 0.011989, 0.046243, 0.779273, 0.000531, 0.159978, 0.018066, 0.061005, 0.755295, 0.000489, 0.163153, 0.018038, 0.044856, 1.208273, 0.003362, 0.16351, 0.020004, 0.0545, 1.042328, 0.00044, 0.160488, 0.022368, 0.064061, 0.742988, 0.004708, 0.16014, 0.176021, 0.050947, 0.616248, 0.003461, 0.167453, 0.012012, 0.056508, 0.771933, 0.000488, 0.162981, 0.044016, 0.0542, 0.763316, 0.000393, 0.168119, 0.020005, 0.053014, 0.790646, 0.000749, 0.159587, 0.032041, 0.060607, 0.806075, 0.003408, 0.159906, 0.013132, 0.063173, 0.738719, 0.003303, 0.161703, 0.01804, 0.051283, 0.753382, 0.003616, 0.167669, 0.01397]","[1, 1, -1, -1, 1, 1, 1, -1, -1, 1, 1, 1, -1, -1, 1, 1, 1, -1, -1, 1, 1, 1, -1, -1, 1, 1, 1, -1, -1, 1, 1, 1, -1, -1, 1, 1, 1, -1, -1, 1, 1, 1, -1, -1, 1, 1, 1, -1, -1, 1, 1, 1, -1, -1, 1, 1, 1, -1, -1, 1, 1, 1, -1, -1]"
cloud_gaming,CG_Xbox,/indian-slp/Users/ug/ZEPA/Kritik/net_data/5G_Traffic_Datasets/CG_Xbox/xbox_fortnite_1Player_ex35.csv,test,0,0.0,False,0,0,0,1,1,1,0.030966,"[98, 98, 98, 98, 98, 98, 98, 98, 98, 98, 98, 98, 98, 98, 98, 98, 98, 98, 98, 98, 98, 98, 98, 98, 98, 98, 98, 98, 98, 98, 98, 98, 98, 98, 98, 98, 98, 98, 98, 98, 98, 98, 98, 98, 98, 98, 98, 98, 98, 98, 98, 98, 98, 98, 98, 98, 98, 98, 98, 98, 98, 98, 98, 98]","[0.0, 0.512139, 0.52097, 0.507375, 0.512181, 0.512161, 0.51248, 0.511966, 0.512066, 0.514094, 0.51038, 0.512229, 0.511452, 0.543976, 0.512533, 0.511583, 0.511864, 0.512145, 0.512067, 0.511636, 0.511988, 0.512059, 0.512101, 0.51246, 0.511992, 0.512252, 0.511388, 0.512171, 0.511998, 0.512082, 0.512097, 0.51173, 0.511876, 0.511873, 0.512059, 0.513305, 0.510874, 0.511852, 0.512073, 0.511867, 0.512197, 0.512345, 0.512063, 0.511409, 0.512094, 0.512033, 0.51227, 0.511754, 0.512271, 0.511855, 0.511691, 0.512197, 0.51188, 0.512083, 0.511986, 0.511908, 0.512437, 0.512128, 0.511598, 0.512376, 0.512144, 0.512814, 0.510691, 0.511862]","[1, 1, 1, 1, 1, 1, 1, 1, 1, 1, 1, 1, 1, 1, 1, 1, 1, 1, 1, 1, 1, 1, 1, 1, 1, 1, 1, 1, 1, 1, 1, 1, 1, 1, 1, 1, 1, 1, 1, 1, 1, 1, 1, 1, 1, 1, 1, 1, 1, 1, 1, 1, 1, 1, 1, 1, 1, 1, 1, 1, 1, 1, 1, 1]"
cloud_gaming,CG_Xbox,/indian-slp/Users/ug/ZEPA/Kritik/net_data/5G_Traffic_Datasets/CG_Xbox/xbox_fortnite_1Player_ex35.csv,test,2,0.036054,True,0,0,0,5,1,5,0.097542,"[91, 88, 99, 95, 91, 88, 91, 88, 91, 88, 91, 88, 91, 88, 91, 88, 91, 88, 91, 88, 91, 88, 91, 88, 98, 231, 95, 790, 92, 95, 91, 180, 1032, 99, 95, 88, 88, 91, 88, 91, 88, 91, 88, 91, 88, 91, 88, 91, 88, 91, 88, 91, 88, 91, 88, 91, 88, 91, 88, 109, 95, 91, 88, 91]","[0.0, 0.036054, 11.294199, 0.019086, 0.191977, 0.036102, 0.222527, 0.034303, 0.212122, 0.029889, 0.213684, 0.036373, 0.215106, 0.040896, 0.205475, 0.036507, 0.415075, 0.036935, 0.812474, 0.035537, 1.605645, 0.037525, 3.209577, 0.037355, 5.120092, 0.0, 0.011564, 0.015538, 0.030904, 0.018162, 0.190974, 0.008866, 0.0, 0.00475, 0.007326, 0.011933, 0.020045, 0.206724, 0.031228, 0.207327, 0.034692, 0.204648, 0.037303, 0.206042, 0.037976, 0.202619, 0.033498, 0.206263, 0.039819, 0.410066, 0.033854, 0.810069, 0.035865, 1.607106, 0.032926, 3.222514, 0.037543, 6.408934, 0.035196, 9.926025, 0.009621, 0.194481, 0.035926, 0.206254]","[1, -1, -1, 1, 1, -1, 1, -1, 1, -1, 1, -1, 1, -1, 1, -1, 1, -1, 1, -1, 1, -1, 1, -1, -1, -1, 1, 1, -1, 1, 1, -1, -1, 1, 1, -1, -1, 1, -1, 1, -1, 1, -1, 1, -1, 1, -1, 1, -1, 1, -1, 1, -1, 1, -1, 1, -1, 1, -1, -1, 1, 1, -1, 1]"
cloud_gaming,CG_Xbox,/indian-slp/Users/ug/ZEPA/Kritik/net_data/5G_Traffic_Datasets/CG_Xbox/xbox_fortnite_1Player_ex35.csv,test,0,0.0,False,0,0,0,6,2,6,0.037814,"[410, 408, 54, 78, 54, 78, 54, 78, 54, 78, 54, 78, 54, 78, 54, 78, 54, 578, 54, 78, 54, 578, 54, 78, 54, 578, 54, 78, 54, 78, 54, 78, 54, 78, 54, 78, 54, 78, 54, 78, 54, 78, 54, 78, 54, 78, 54, 78, 54, 78, 54, 78, 54, 78, 54, 78, 54, 78, 54, 78, 54, 578, 54, 78]","[0.0, 0.006042, 0.002742, 9.997449, 0.056446, 9.953733, 0.053631, 9.952596, 0.058097, 9.953995, 0.062097, 9.93984, 0.04436, 9.962279, 0.045224, 9.970083, 0.055807, 4.704204, 0.058205, 9.943808, 0.055706, 5.782561, 0.066411, 9.939664, 0.062404, 2.005549, 0.060105, 9.951555, 0.057701, 9.936236, 0.058223, 9.961852, 0.043289, 9.968932, 0.051983, 9.951831, 0.055723, 9.94389, 0.056728, 9.939662, 0.060053, 9.939966, 0.064563, 9.941455, 0.061093, 9.947263, 0.066544, 9.941346, 0.057687, 9.954807, 0.090392, 9.911072, 0.060544, 9.937892, 0.065192, 9.938499, 0.06159, 9.934467, 0.055882, 9.952312, 0.049086, 9.823204, 0.058876, 9.935933]","[-1, -1, 1, -1, 1, -1, 1, -1, 1, -1, 1, -1, 1, -1, 1, -1, 1, -1, 1, -1, 1, -1, 1, -1, 1, -1, 1, -1, 1, -1, 1, -1, 1, -1, 1, -1, 1, -1, 1, -1, 1, -1, 1, -1, 1, -1, 1, -1, 1, -1, 1, -1, 1, -1, 1, -1, 1, -1, 1, -1, 1, -1, 1, -1]"
cloud_gaming,CG_Xbox,/indian-slp/Users/ug/ZEPA/Kritik/net_data/5G_Traffic_Datasets/CG_Xbox/xbox_fortnite_1Player_ex35.csv,test,1,0.002602,True,0,0,0,1,1,1,0.00266,"[158, 138, 158, 138, 158, 138, 158, 138, 158, 138, 158, 138, 158, 138, 158, 138, 158, 138, 158, 138, 158, 138, 158, 138, 158, 138, 158, 138, 158, 138, 158, 138]","[0.0, 0.002602, 25.077221, 0.010539, 25.037308, 0.002611, 25.067358, 0.004876, 25.047056, 0.014963, 25.049036, 0.002492, 25.052243, 0.029116, 25.036314, 0.017426, 25.036714, 0.011909, 25.042464, 0.007085, 25.036818, 0.032581, 25.023651, 0.00793, 25.074248, 0.026847, 25.035373, 0.031911, 25.022346, 0.011617, 25.052677, 0.002641]","[1, -1, 1, -1, 1, -1, 1, -1, 1, -1, 1, -1, 1, -1, 1, -1, 1, -1, 1, -1, 1, -1, 1, -1, 1, -1, 1, -1, 1, -1, 1, -1]"
cloud_gaming,CG_Xbox,/indian-slp/Users/ug/ZEPA/Kritik/net_data/5G_Traffic_Datasets/CG_Xbox/xbox_fortnite_1Player_ex35.csv,test,2,0.057169,True,0,0,0,5,1,5,0.097542,"[1292, 137, 1292, 1292, 87, 690, 1292, 135, 1288, 1288, 1292, 753, 182, 95, 87, 91, 87, 87, 93, 91, 898, 271, 97, 94, 85]","[0.0, 0.000533, 0.056636, 0.031936, 0.0, 0.0, 0.0092, 0.000522, 0.004252, 0.000527, 0.000497, 0.000509, 0.024469, 0.001943, 0.00407, 0.0, 0.005982, 0.0, 0.000265, 0.208705, 0.011009, 0.004022, 0.002669, 0.02885, 0.000462]","[1, 1, -1, -1, -1, -1, 1, 1, 1, 1, 1, 1, -1, 1, -1, -1, -1, -1, 1, 1, -1, -1, 1, 1, -1]"
cloud_gaming,CG_Xbox,/indian-slp/Users/ug/ZEPA/Kritik/net_data/5G_Traffic_Datasets/CG_Xbox/xbox_fortnite_1Player_ex35.csv,test,0,0.200555,True,1,0,1,6,2,6,0.037814,"[66, 66, 54, 251, 1478, 4872, 54, 54, 54, 212, 105, 54, 587, 1478, 92, 60, 506, 54, 511, 700, 60, 583, 54, 54]","[0.0, 0.200555, 0.002228, 0.016658, 0.200775, 7.7e-05, 0.005971, 0.001643, 0.000543, 0.034185, 0.202885, 0.008974, 0.000526, 0.000501, 0.000505, 0.198701, 0.28497, 0.002478, 2.01879, 0.00342, 0.204304, 0.010816, 0.002789, 3.21498]","[1, -1, 1, 1, -1, -1, 1, 1, 1, 1, -1, 1, 1, 1, 1, -1, -1, 1, 1, 1, -1, -1, 1, 1]"
cloud_gaming,CG_Xbox,/indian-slp/Users/ug/ZEPA/Kritik/net_data/5G_Traffic_Datasets/CG_Xbox/xbox_fortnite_1Player_ex35.csv,test,2,0.083122,True,0,0,0,5,1,5,0.097542,"[1292, 140, 253, 845, 1292, 1292, 1288, 1292, 1052, 171, 93, 86, 182, 87, 87, 87, 91, 93, 91, 1288, 439, 96, 123, 97, 93, 86]","[0.0, 0.003649, 0.079473, 0.0, 0.0, 0.010363, 0.001876, 0.000543, 0.000492, 0.0005, 0.00057, 0.01545, 0.065942, 0.0, 0.006088, 0.0, 0.000225, 0.011592, 0.20318, 0.096508, 0.004443, 0.0, 0.0, 0.004421, 0.00053, 0.107025]","[1, 1, -1, -1, -1, 1, 1, 1, 1, 1, 1, -1, -1, -1, -1, -1, -1, 1, 1, -1, -1, -1, -1, 1, 1, -1]"
cloud_gaming,CG_Xbox,/indian-slp/Users/ug/ZEPA/Kritik/net_data/5G_Traffic_Datasets/CG_Xbox/xbox_fortnite_1Player_ex35.csv,test,1,0.0,False,0,0,0,3,4,5,0.031115,"[82, 82, 82, 82, 87, 76, 82, 82, 82, 82, 82, 87, 82, 82, 82, 82, 87, 87, 70, 70, 70, 70, 70, 87, 70, 70, 70, 70, 87, 70, 70, 70, 87, 87, 87, 87, 87, 87, 87, 87, 87, 87, 87, 87, 87, 87, 87]","[0.0, 0.000254, 0.212768, 0.000172, 0.198928, 2.164212, 0.699339, 3.995008, 0.001441, 0.008224, 0.005911, 1.117898, 0.50565, 0.00048, 0.004772, 0.000655, 1.030911, 2.546512, 0.250819, 0.004466, 0.000878, 0.000524, 0.867249, 0.848024, 1.192948, 0.004333, 0.001531, 0.000526, 0.77085, 0.005024, 0.04415, 0.040391, 3.077281, 2.237645, 2.568641, 4.160207, 5.365154, 2.144782, 1.454203, 2.04488, 2.402273, 2.157964, 4.192064, 1.791333, 1.882171, 2.06362, 0.001101]","[1, 1, 1, 1, 1, 1, 1, 1, 1, 1, 1, 1, 1, 1, 1, 1, 1, 1, 1, 1, 1, 1, 1, 1, 1, 1, 1, 1, 1, 1, 1, 1, 1, 1, 1, 1, 1, 1, 1, 1, 1, 1, 1, 1, 1, 1, 1]"
cloud_gaming,CG_Xbox,/indian-slp/Users/ug/ZEPA/Kritik/net_data/5G_Traffic_Datasets/CG_Xbox/xbox_fortnite_1Player_ex35.csv,test,1,0.0,False,0,0,0,1,1,1,0.018495,"[102, 102, 102, 107, 102, 102, 102, 102, 102, 102, 102, 107, 90, 90, 90, 90, 90, 107, 90, 90, 90, 90, 107, 90, 90, 107, 107, 107, 107, 107, 107, 107, 107, 107, 107, 107, 107, 107, 107]","[0.0, 0.000707, 0.212487, 0.199113, 6.858374, 0.006353, 0.007967, 1.625202, 0.003455, 0.001881, 0.000525, 1.031215, 2.800839, 0.000962, 0.000395, 0.000522, 0.870353, 0.845273, 1.196626, 0.000516, 0.001539, 0.000481, 0.770498, 0.005337, 0.045547, 3.117676, 2.236464, 2.568191, 9.526995, 2.142894, 1.454551, 2.046117, 2.401341, 2.157483, 4.195874, 1.787259, 1.887991, 2.058146, 0.001349]","[1, 1, 1, 1, 1, 1, 1, 1, 1, 1, 1, 1, 1, 1, 1, 1, 1, 1, 1, 1, 1, 1, 1, 1, 1, 1, 1, 1, 1, 1, 1, 1, 1, 1, 1, 1, 1, 1, 1]"
cloud_gaming,CG_Xbox,/indian-slp/Users/ug/ZEPA/Kritik/net_data/5G_Traffic_Datasets/CG_Xbox/xbox_fortnite_1Player_ex35.csv,test,1,0.0,False,0,0,0,3,4,5,0.031115,"[110, 110, 92, 92, 110, 92, 92, 92, 110, 92, 92, 110, 110, 110, 110, 110, 110, 110]","[0.0, 5e-05, 0.820369, 0.001313, 0.511061, 0.321085, 0.000831, 0.90492, 0.417607, 10.693635, 0.000434, 1.732486, 0.576453, 0.080818, 0.618814, 1.332539, 0.550442, 0.792694]","[1, 1, 1, 1, 1, 1, 1, 1, 1, 1, 1, 1, 1, 1, 1, 1, 1, 1]"
cloud_gaming,CG_Xbox,/indian-slp/Users/ug/ZEPA/Kritik/net_data/5G_Traffic_Datasets/CG_Xbox/xbox_fortnite_1Player_ex35.csv,test,1,0.0,False,0,0,0,3,4,6,0.045325,"[75, 85, 75, 85, 75, 87, 75, 85, 82, 82, 82, 82, 75, 87, 217, 75, 85, 75, 85, 75, 85, 87, 82, 82, 82, 70, 70, 70, 217, 217, 70, 70, 70, 70, 87, 362, 362, 70, 70, 70, 70, 87, 362, 87, 82, 82, 82, 82, 82, 82, 82, 87, 82, 82, 82, 82, 82, 82, 87, 87, 70, 70, 70, 70]","[0.0, 0.034669, 0.113794, 0.000291, 2.164695, 0.2694, 0.393328, 0.000283, 0.540786, 0.000242, 0.000445, 0.000196, 0.336056, 2.085964, 2.212844, 2.225019, 0.100111, 0.209999, 0.000125, 3.139678, 0.000294, 0.0, 0.002252, 0.000136, 0.359351, 0.291663, 0.0001, 0.000331, 0.17634, 0.354986, 0.144866, 0.000232, 0.0, 1e-06, 0.000322, 0.009738, 0.232825, 0.019508, 0.000356, 0.000756, 0.00012, 6.3e-05, 1.204958, 0.690644, 0.100349, 0.000153, 0.0, 0.0, 9e-05, 0.557611, 0.326705, 0.302501, 0.458535, 0.000761, 7.3e-05, 5.7e-05, 0.0001, 0.000113, 0.090841, 0.725009, 0.606186, 0.000156, 0.0, 1.299276]","[1, 1, 1, 1, 1, 1, 1, 1, 1, 1, 1, 1, 1, 1, 1, 1, 1, 1, 1, 1, 1, 1, 1, 1, 1, 1, 1, 1, 1, 1, 1, 1, 1, 1, 1, 1, 1, 1, 1, 1, 1, 1, 1, 1, 1, 1, 1, 1, 1, 1, 1, 1, 1, 1, 1, 1, 1, 1, 1, 1, 1, 1, 1, 1]"
cloud_gaming,CG_Xbox,/indian-slp/Users/ug/ZEPA/Kritik/net_data/5G_Traffic_Datasets/CG_Xbox/xbox_fortnite_1Player_ex35.csv,test,1,0.0,False,0,0,0,3,4,6,0.045325,"[1121, 1121, 1121, 1121, 1121, 1121, 1121, 1121, 1121, 1121, 1121, 1121, 1121, 1121, 1121]","[0.0, 0.210285, 0.596982, 0.093946, 0.124196, 0.000523, 0.188036, 0.187474, 0.021523, 0.444238, 9.3e-05, 0.557323, 8.111933, 0.297466, 2.844291]","[1, 1, 1, 1, 1, 1, 1, 1, 1, 1, 1, 1, 1, 1, 1]"
cloud_gaming,CG_Xbox,/indian-slp/Users/ug/ZEPA/Kritik/net_data/5G_Traffic_Datasets/CG_Xbox/xbox_fortnite_1Player_ex35.csv,test,1,0.0,False,0,0,0,3,4,6,0.045325,"[666, 666, 666, 698, 698, 698, 698]","[0.0, 1.734779, 1.687276, 14.520267, 0.341841, 0.032505, 3.626]","[1, 1, 1, 1, 1, 1, 1]"
cloud_gaming,CG_Xbox,/indian-slp/Users/ug/ZEPA/Kritik/net_data/5G_Traffic_Datasets/CG_Xbox/xbox_fortnite_1Player_ex35.csv,test,1,0.0,False,0,0,0,3,4,6,0.045325,"[167, 167, 167, 167, 167, 167, 167, 167, 167, 167, 167, 167, 167, 167, 167, 167, 167, 167, 167, 167, 167, 167, 167, 167, 167, 167, 167, 167, 167]","[0.0, 3.359697, 7.886758, 1.33157, 0.263733, 1.890818, 1.292232, 0.549985, 0.725369, 2.0885, 1.308268, 1.969571, 1.766202, 1.515277, 2.199036, 1.762518, 1.937766, 2.006494, 2.005892, 2.034009, 1.956294, 2.003024, 2.002234, 3.99586, 2.002672, 1.998186, 2.024578, 1.974674, 2.060165]","[1, 1, 1, 1, 1, 1, 1, 1, 1, 1, 1, 1, 1, 1, 1, 1, 1, 1, 1, 1, 1, 1, 1, 1, 1, 1, 1, 1, 1]"
cloud_gaming,CG_Xbox,/indian-slp/Users/ug/ZEPA/Kritik/net_data/5G_Traffic_Datasets/CG_Xbox/xbox_fortnite_1Player_ex35.csv,test,0,0.0,False,0,0,0,6,2,6,0.037814,"[346, 93, 1478, 1478, 1478, 1478, 1478, 1478, 1478, 1478, 1478, 1478, 1478, 796, 1478, 1478, 1478, 1478, 1478, 1478, 1478, 1478, 1478, 1478, 1478, 796, 1478, 1478, 1478, 1478, 1478, 1478, 1478, 1478, 1478, 1478, 1478, 796, 1478, 1478, 1478, 1478, 1478, 1478, 1478, 1478, 1478, 1478, 1478, 796, 1478, 1478, 1478, 1478, 1478, 1478, 1478, 1478, 1478, 1478, 1478, 796, 1478, 1478]","[0.0, 0.000571, 0.002773, 0.000549, 0.000494, 0.011789, 0.004827, 0.000553, 0.000425, 0.000519, 0.000528, 0.000498, 0.000498, 0.000575, 0.000491, 0.000448, 0.002634, 0.000533, 0.000544, 0.000612, 0.052923, 0.000583, 0.000614, 0.000688, 0.001411, 0.000494, 0.000502, 0.000496, 0.000487, 0.000536, 0.0005, 0.000506, 0.000521, 0.000933, 0.001616, 0.001903, 0.000515, 0.000529, 0.000542, 0.000481, 0.000468, 0.000501, 0.000499, 0.000495, 0.005248, 0.001169, 0.000503, 0.000538, 0.003593, 0.000472, 0.00216, 0.000537, 0.004168, 0.000517, 0.000497, 0.000494, 0.008128, 0.000526, 0.000436, 0.000562, 0.001257, 0.000517, 0.000489, 0.000502]","[1, 1, 1, 1, 1, 1, 1, 1, 1, 1, 1, 1, 1, 1, 1, 1, 1, 1, 1, 1, 1, 1, 1, 1, 1, 1, 1, 1, 1, 1, 1, 1, 1, 1, 1, 1, 1, 1, 1, 1, 1, 1, 1, 1, 1, 1, 1, 1, 1, 1, 1, 1, 1, 1, 1, 1, 1, 1, 1, 1, 1, 1, 1, 1]"
cloud_gaming,CG_Xbox,/indian-slp/Users/ug/ZEPA/Kritik/net_data/5G_Traffic_Datasets/CG_Xbox/xbox_fortnite_1Player_ex35.csv,test,1,0.0,False,0,0,0,3,4,5,0.031115,"[179, 179, 179, 179, 179, 179]","[0.0, 2.800345, 3.085241, 2.941912, 3.962908, 2.146159]","[1, 1, 1, 1, 1, 1]"
cloud_gaming,CG_Xbox,/indian-slp/Users/ug/ZEPA/Kritik/net_data/5G_Traffic_Datasets/CG_Xbox/xbox_fortnite_1Player_ex35.csv,test,1,0.0,False,0,0,0,3,4,6,0.045325,"[110, 110, 110, 92, 110, 110, 92, 110, 92, 92, 92, 92, 92, 92, 92, 92, 92, 92, 92, 92, 92]","[0.0, 8.7e-05, 0.0001, 5.027425, 0.0, 0.0, 0.0, 0.0, 0.676424, 1e-06, 0.196764, 0.000108, 0.126587, 0.100821, 0.673343, 0.000446, 4.649185, 6.8e-05, 1.063315, 0.920547, 9.7e-05]","[1, 1, 1, 1, 1, 1, 1, 1, 1, 1, 1, 1, 1, 1, 1, 1, 1, 1, 1, 1, 1]"
cloud_gaming,CG_Xbox,/indian-slp/Users/ug/ZEPA/Kritik/net_data/5G_Traffic_Datasets/CG_Xbox/xbox_fortnite_1Player_ex35.csv,test,1,0.0,False,0,0,0,3,4,6,0.045325,"[179, 143, 179, 143, 179, 179, 143, 179, 179]","[0.0, 0.000232, 0.196873, 1.368238, 0.000193, 0.468372, 1.413223, 5.8e-05, 0.177166]","[1, 1, 1, 1, 1, 1, 1, 1, 1]"
cloud_gaming,CG_Xbox,/indian-slp/Users/ug/ZEPA/Kritik/net_data/5G_Traffic_Datasets/CG_Xbox/xbox_fortnite_1Player_ex35.csv,test,0,0.161516,True,0,0,0,6,2,6,0.037814,"[55, 66, 1478, 527, 60, 499, 54]","[0.0, 0.161516, 14.56815, 0.000522, 0.17107, 0.071882, 0.055446]","[1, -1, 1, 1, -1, -1, 1]"
cloud_gaming,CG_Xbox,/indian-slp/Users/ug/ZEPA/Kritik/net_data/5G_Traffic_Datasets/CG_Xbox/xbox_fortnite_1Player_ex35.csv,test,2,0.060722,True,0,0,0,5,1,5,0.097542,"[1292, 139, 1292, 1292, 690, 87, 141, 93, 1288, 1288, 1292, 744, 182, 87, 91, 87, 94, 88, 901, 114, 98, 94, 86]","[0.0, 0.000518, 0.060204, 0.035552, 0.0, 1e-06, 0.061918, 0.000529, 0.000503, 0.000477, 0.000485, 0.000829, 0.029299, 0.0, 0.0, 0.011986, 0.003305, 0.020698, 0.189966, 0.005981, 0.011312, 0.027178, 0.027535]","[1, 1, -1, -1, -1, -1, 1, 1, 1, 1, 1, 1, -1, -1, -1, -1, 1, -1, -1, -1, 1, 1, -1]"
cloud_gaming,CG_Xbox,/indian-slp/Users/ug/ZEPA/Kritik/net_data/5G_Traffic_Datasets/CG_Xbox/xbox_fortnite_2Players_ex39.csv,test,0,0.171603,True,0,0,0,7,3,7,0.041934,"[266, 93, 1478, 356, 60, 93, 60, 54, 168, 89, 60, 450, 1478, 1478, 1478, 1478, 1478, 1478, 1478, 1478, 1478, 1478, 1478, 796, 1478, 1478, 1478, 1478, 1478, 1478, 1478, 1478, 1478, 1478, 1478, 796, 1478, 1478, 1478, 1478, 1326, 60, 60, 60, 60, 60, 60, 60, 168, 54]","[0.0, 0.000541, 0.001289, 0.000533, 0.16924, 1e-06, 0.011754, 0.042603, 0.171386, 0.013011, 0.216984, 4.007218, 0.016949, 0.001411, 0.000522, 0.000489, 0.000514, 0.000434, 0.000553, 0.000482, 0.000521, 0.0005, 0.000499, 0.000498, 0.000499, 0.0005, 0.000512, 0.000493, 0.000496, 0.015517, 0.003311, 0.000513, 0.000495, 0.000501, 0.000514, 0.000421, 0.000567, 0.000496, 0.000501, 0.000524, 0.000478, 0.145062, 0.0, 0.005995, 0.0, 0.018034, 0.0, 0.006029, 0.043988, 0.047824]","[1, 1, 1, 1, -1, -1, -1, 1, -1, 1, -1, 1, 1, 1, 1, 1, 1, 1, 1, 1, 1, 1, 1, 1, 1, 1, 1, 1, 1, 1, 1, 1, 1, 1, 1, 1, 1, 1, 1, 1, 1, -1, -1, -1, -1, -1, -1, -1, -1, 1]"
cloud_gaming,CG_Xbox,/indian-slp/Users/ug/ZEPA/Kritik/net_data/5G_Traffic_Datasets/CG_Xbox/xbox_fortnite_2Players_ex39.csv,test,0,0.160035,True,0,0,0,7,3,7,0.041934,"[1478, 527, 60, 60, 499, 54]","[0.0, 0.00053, 0.159505, 0.005904, 0.070077, 0.055678]","[1, 1, -1, -1, -1, 1]"
cloud_gaming,CG_Xbox,/indian-slp/Users/ug/ZEPA/Kritik/net_data/5G_Traffic_Datasets/CG_Xbox/xbox_fortnite_2Players_ex39.csv,test,0,0.152583,True,0,0,0,11,5,49,0.057429,"[55, 66, 1478, 539, 60, 60, 499, 54]","[0.0, 0.152583, 14.564468, 0.002456, 0.160996, 0.0, 0.07402, 0.042534]","[1, -1, 1, 1, -1, -1, -1, 1]"
cloud_gaming,CG_Xbox,/indian-slp/Users/ug/ZEPA/Kritik/net_data/5G_Traffic_Datasets/CG_Xbox/xbox_fortnite_2Players_ex39.csv,test,0,0.156761,True,0,0,0,7,3,7,0.041934,"[55, 66, 1478, 527, 60, 60, 499, 54]","[0.0, 0.156761, 14.603631, 0.000543, 0.159834, 0.0, 0.073948, 0.057628]","[1, -1, 1, 1, -1, -1, -1, 1]"
cloud_gaming,CG_Xbox,/indian-slp/Users/ug/ZEPA/Kritik/net_data/5G_Traffic_Datasets/CG_Xbox/xbox_fortnite_2Players_ex39.csv,test,0,0.0,False,0,0,0,11,5,49,0.057429,"[347, 93, 1478, 1478, 1478, 1478, 1478, 1478, 1478, 1478, 1478, 1478, 1478, 796, 1478, 1478, 1478, 1478, 1478, 1478, 1478, 1478, 1478, 1478, 1478, 796, 1478, 1478, 1478, 1478, 1478, 1478, 1478, 1478, 1478, 1478, 1478, 796, 1478, 1478, 1478, 1478, 1478, 1478, 1478, 1478, 1478, 1478, 1478, 796, 1478, 1478, 1478, 1478, 1478, 1478, 1478, 1478, 1478, 1478, 1478, 796, 1478, 1478]","[0.0, 0.000492, 0.005396, 0.000563, 0.000792, 0.00047, 0.000625, 0.000603, 0.001243, 0.000873, 0.000743, 0.00051, 0.000475, 0.000493, 0.000616, 0.000385, 0.000708, 0.000293, 0.000544, 0.000467, 0.000509, 0.000485, 0.000497, 0.000645, 0.000365, 0.000575, 0.000448, 0.000473, 0.000701, 0.000292, 0.000548, 0.000401, 0.000546, 0.000499, 0.000497, 0.000536, 0.000462, 0.000487, 0.000546, 0.000459, 0.000489, 0.000514, 0.000472, 0.000659, 0.000386, 0.000484, 0.000983, 0.000479, 0.000543, 0.000499, 0.0005, 0.000698, 0.000308, 0.000511, 0.000491, 0.000478, 0.000479, 0.000484, 0.000562, 0.000548, 0.000497, 0.000538, 0.000488, 0.000514]","[1, 1, 1, 1, 1, 1, 1, 1, 1, 1, 1, 1, 1, 1, 1, 1, 1, 1, 1, 1, 1, 1, 1, 1, 1, 1, 1, 1, 1, 1, 1, 1, 1, 1, 1, 1, 1, 1, 1, 1, 1, 1, 1, 1, 1, 1, 1, 1, 1, 1, 1, 1, 1, 1, 1, 1, 1, 1, 1, 1, 1, 1, 1, 1]"
cloud_gaming,CG_Xbox,/indian-slp/Users/ug/ZEPA/Kritik/net_data/5G_Traffic_Datasets/CG_Xbox/xbox_fortnite_2Players_ex39.csv,test,0,0.150226,True,0,0,0,11,5,49,0.057429,"[55, 66, 1478, 539, 60, 499, 54]","[0.0, 0.150226, 14.596211, 0.000529, 0.161057, 0.078181, 0.048749]","[1, -1, 1, 1, -1, -1, 1]"
cloud_gaming,CG_Xbox,/indian-slp/Users/ug/ZEPA/Kritik/net_data/5G_Traffic_Datasets/CG_Xbox/xbox_fortnite_2Players_ex39.csv,test,0,0.0,False,0,0,0,7,3,7,0.041934,"[433, 93, 1478, 1478, 1478, 1478, 1478, 1478, 1478, 1478, 1478, 1478, 1478, 796, 1478, 1478, 1478, 1478, 1478, 1478, 1478, 1478, 1478, 1478, 1478, 796, 1478, 1478, 1478, 1478, 1478, 1478, 1478, 1478, 1478, 1478, 1478, 796, 1478, 1478, 1478, 1478, 1478, 1478, 1478, 1478, 1478, 1478, 1478, 796, 1478, 1478, 1478, 1478, 1478, 1478, 1478, 1478, 1478, 1478, 1478, 796, 1478, 1478]","[0.0, 0.000469, 0.003067, 0.000347, 0.000499, 0.000557, 0.000512, 0.000486, 0.000484, 0.0005, 0.00051, 0.000491, 0.000502, 0.000519, 0.000443, 0.000536, 0.000524, 0.000701, 0.000282, 0.000501, 0.000514, 0.000491, 0.000511, 0.000695, 0.000287, 0.000513, 0.000488, 0.000504, 0.00051, 0.000506, 0.000504, 0.000492, 0.000434, 0.000486, 0.000531, 0.00054, 0.000489, 0.001188, 0.000322, 6.9e-05, 0.000387, 0.000496, 0.00048, 0.000675, 0.0005, 0.000469, 0.000427, 0.000495, 0.002159, 8e-05, 8.5e-05, 7e-05, 0.00024, 0.000384, 0.000476, 0.000501, 0.000508, 0.000566, 0.000503, 0.000517, 0.000498, 0.000405, 0.000515, 0.000487]","[1, 1, 1, 1, 1, 1, 1, 1, 1, 1, 1, 1, 1, 1, 1, 1, 1, 1, 1, 1, 1, 1, 1, 1, 1, 1, 1, 1, 1, 1, 1, 1, 1, 1, 1, 1, 1, 1, 1, 1, 1, 1, 1, 1, 1, 1, 1, 1, 1, 1, 1, 1, 1, 1, 1, 1, 1, 1, 1, 1, 1, 1, 1, 1]"
cloud_gaming,CG_Xbox,/indian-slp/Users/ug/ZEPA/Kritik/net_data/5G_Traffic_Datasets/CG_Xbox/xbox_fortnite_2Players_ex39.csv,test,0,0.15447,True,1,0,0,11,5,49,0.057429,"[66, 66, 54, 232, 1514, 1218, 1514, 54, 54, 212, 105, 445, 1159, 322, 335, 60, 155, 54, 232, 279, 301, 60, 232, 155, 54]","[0.0, 0.15447, 0.007806, 0.010566, 0.163514, 0.0, 0.0, 0.004835, 0.005939, 0.011976, 0.150747, 0.008652, 0.001699, 0.000813, 0.157222, 0.0, 0.000289, 0.009312, 0.014396, 0.031467, 0.003835, 0.152744, 0.0, 0.0, 0.005951]","[1, -1, 1, 1, -1, -1, -1, 1, 1, 1, -1, 1, 1, 1, -1, -1, -1, 1, -1, 1, 1, -1, -1, -1, 1]"
cloud_gaming,CG_Xbox,/indian-slp/Users/ug/ZEPA/Kritik/net_data/5G_Traffic_Datasets/CG_Xbox/xbox_fortnite_2Players_ex39.csv,test,0,0.158247,True,0,0,0,7,3,7,0.041934,"[55, 66, 1478, 527, 60, 499, 54]","[0.0, 0.158247, 14.582753, 0.001496, 0.16064, 0.076971, 0.051245]","[1, -1, 1, 1, -1, -1, 1]"
cloud_gaming,CG_Xbox,/indian-slp/Users/ug/ZEPA/Kritik/net_data/5G_Traffic_Datasets/CG_Xbox/xbox_fortnite_2Players_ex39.csv,test,0,0.0,False,0,0,0,11,5,49,0.057429,"[345, 93, 1478, 1478, 1478, 1478, 1478, 1478, 1478, 1478, 1478, 1478, 1478, 796, 1478, 1478, 1478, 1478, 1478, 1478, 1478, 1478, 1478, 1478, 1478, 796, 1478, 1478, 1478, 1478, 1478, 1478, 1478, 1478, 1478, 1478, 1478, 796, 1478, 1478, 1478, 1478, 1478, 1478, 1478, 1478, 1478, 1478, 1478, 796, 1478, 1478, 1478, 1478, 1478, 1478, 1478, 1478, 1478, 1478, 1478, 796, 1478, 1478]","[0.0, 0.000514, 0.000438, 0.000589, 0.000621, 0.000293, 0.000566, 0.000512, 0.000493, 0.000501, 0.000526, 0.000441, 0.000495, 0.00049, 0.000554, 0.00046, 0.000469, 0.000544, 0.000509, 0.000437, 0.000533, 0.000483, 0.000498, 0.000496, 0.000502, 0.000499, 0.0005, 0.000656, 0.000388, 0.00047, 0.000577, 0.000418, 0.000498, 0.000502, 0.000498, 0.000528, 0.00047, 0.000503, 0.000518, 0.000443, 0.000559, 0.000484, 0.000446, 0.000568, 0.000512, 0.000522, 0.00042, 0.000543, 0.000538, 0.0018, 0.000136, 0.000512, 0.000465, 0.000532, 0.000523, 0.000485, 0.000498, 0.000514, 0.000496, 0.000497, 0.000774, 0.000233, 0.000518, 0.000478]","[1, 1, 1, 1, 1, 1, 1, 1, 1, 1, 1, 1, 1, 1, 1, 1, 1, 1, 1, 1, 1, 1, 1, 1, 1, 1, 1, 1, 1, 1, 1, 1, 1, 1, 1, 1, 1, 1, 1, 1, 1, 1, 1, 1, 1, 1, 1, 1, 1, 1, 1, 1, 1, 1, 1, 1, 1, 1, 1, 1, 1, 1, 1, 1]"
cloud_gaming,CG_Xbox,/indian-slp/Users/ug/ZEPA/Kritik/net_data/5G_Traffic_Datasets/CG_Xbox/xbox_fortnite_2Players_ex39.csv,test,0,0.154048,True,0,0,0,11,5,49,0.057429,"[55, 66, 1478, 539, 60, 499, 54]","[0.0, 0.154048, 14.601428, 0.001083, 0.157151, 0.086113, 0.051921]","[1, -1, 1, 1, -1, -1, 1]"
cloud_gaming,CG_Xbox,/indian-slp/Users/ug/ZEPA/Kritik/net_data/5G_Traffic_Datasets/CG_Xbox/xbox_fortnite_2Players_ex39.csv,test,0,0.0,False,0,0,0,7,3,7,0.041934,"[346, 93, 1478, 1478, 1478, 1478, 1478, 1478, 1478, 1478, 1478, 1478, 1478, 796, 1478, 1478, 1478, 1478, 1478, 1478, 1478, 1478, 1478, 1478, 1478, 796, 1478, 1478, 1478, 1478, 1478, 1478, 1478, 1478, 1478, 1478, 1478, 796, 1478, 1478, 1478, 1478, 1478, 1478, 1478, 1478, 1478, 1478, 1478, 796, 1478, 1478, 1478, 1478, 1478, 1478, 1478, 1478, 1478, 1478, 1478, 796, 1478, 1478]","[0.0, 0.001611, 0.02161, 0.001799, 0.000614, 0.000397, 0.000508, 0.000525, 0.000517, 0.000467, 0.000526, 0.000441, 0.000509, 0.000516, 0.000498, 0.000498, 0.000533, 0.000496, 0.000549, 0.000451, 0.0005, 0.0005, 0.000498, 0.000503, 0.000498, 0.000499, 0.00052, 0.00048, 0.00052, 0.00053, 0.000476, 0.00049, 0.000501, 0.000495, 0.000527, 0.000537, 0.002948, 0.000525, 0.000437, 0.000515, 0.000499, 0.000499, 0.000507, 0.000493, 0.000501, 0.000548, 0.000453, 0.000517, 0.000487, 0.000632, 0.000384, 0.00049, 0.000497, 0.001498, 0.000495, 0.000497, 0.000504, 0.00056, 0.000521, 0.000492, 0.000452, 0.000516, 0.000553, 0.000426]","[1, 1, 1, 1, 1, 1, 1, 1, 1, 1, 1, 1, 1, 1, 1, 1, 1, 1, 1, 1, 1, 1, 1, 1, 1, 1, 1, 1, 1, 1, 1, 1, 1, 1, 1, 1, 1, 1, 1, 1, 1, 1, 1, 1, 1, 1, 1, 1, 1, 1, 1, 1, 1, 1, 1, 1, 1, 1, 1, 1, 1, 1, 1, 1]"
cloud_gaming,CG_Xbox,/indian-slp/Users/ug/ZEPA/Kritik/net_data/5G_Traffic_Datasets/CG_Xbox/xbox_fortnite_2Players_ex39.csv,test,0,0.020596,True,1,0,0,5,1,6,1.444892,"[86, 86, 74, 369, 74, 173, 74, 440, 74, 305, 2954, 2954, 86, 86, 86, 86, 74, 148, 154, 264, 74, 74, 136, 533, 74, 74, 105, 74, 105, 74, 668, 74]","[0.0, 0.020596, 0.013268, 0.000531, 0.027958, 0.0, 0.010046, 0.007047, 0.028706, 0.00897, 3.4e-05, 5.9e-05, 0.002284, 0.001068, 0.000513, 0.000823, 0.001183, 0.038965, 0.002142, 0.000487, 0.031477, 4.5e-05, 0.0, 0.0, 0.004204, 0.000949, 0.001826, 0.023004, 0.0, 0.002713, 0.195287, 0.052804]","[1, -1, 1, 1, -1, -1, 1, 1, -1, -1, -1, -1, 1, 1, 1, 1, 1, 1, 1, 1, -1, -1, -1, -1, 1, 1, 1, -1, -1, 1, -1, 1]"
cloud_gaming,CG_Xbox,/indian-slp/Users/ug/ZEPA/Kritik/net_data/5G_Traffic_Datasets/CG_Xbox/xbox_fortnite_2Players_ex39.csv,test,0,0.140623,True,1,0,0,11,5,49,0.057429,"[66, 66, 54, 360, 153, 54, 431, 1478, 4326, 688, 54, 54, 54, 54, 128, 134, 348, 944, 85, 60, 60, 157, 54, 116, 54, 85, 363, 54, 125, 1359, 85, 60, 60, 153, 54, 125, 1322, 85, 60, 60, 153, 54]","[0.0, 0.140623, 0.005082, 0.00135, 0.145421, 0.007233, 0.003718, 0.140828, 4e-05, 6.4e-05, 0.003724, 0.000464, 0.000527, 0.000497, 0.008649, 0.005062, 0.000587, 0.000844, 0.000488, 0.1373, 0.00579, 0.006132, 0.004606, 0.00141, 0.007606, 0.011834, 0.112558, 0.009138, 0.056984, 0.000555, 0.000535, 0.002695, 0.139882, 0.012143, 0.006924, 1.695148, 0.090777, 0.000495, 0.09661, 0.048131, 0.005872, 0.009693]","[1, -1, 1, 1, -1, 1, 1, -1, -1, -1, 1, 1, 1, 1, 1, 1, 1, 1, 1, -1, -1, -1, 1, -1, 1, 1, -1, 1, 1, 1, 1, -1, -1, -1, 1, 1, 1, 1, -1, -1, -1, 1]"
cloud_gaming,CG_Xbox,/indian-slp/Users/ug/ZEPA/Kritik/net_data/5G_Traffic_Datasets/CG_Xbox/xbox_fortnite_2Players_ex39.csv,test,0,0.025948,True,1,0,0,5,1,6,1.444892,"[86, 86, 74, 368, 173, 74, 439, 274, 1514, 2954, 86, 86, 74, 148, 533, 136, 74, 74, 154, 105, 1356, 105, 74, 74, 74, 1172, 105, 74, 219, 74, 691, 105, 74, 74, 274, 74, 469, 105, 74, 309, 74, 105, 520, 74, 74, 480, 74, 105, 690, 74, 74]","[0.0, 0.025948, 0.014948, 0.00315, 0.023824, 0.008716, 0.002035, 0.031199, 1e-06, 8.5e-05, 0.008532, 0.000609, 0.000362, 0.006687, 0.025782, 0.0, 0.004489, 0.000538, 0.00172, 0.000974, 0.002522, 0.019827, 0.0, 0.005764, 0.005247, 0.220967, 0.005782, 0.005023, 0.278544, 0.074437, 0.128034, 0.0, 0.003305, 0.001014, 0.056065, 0.083655, 0.168114, 0.0, 0.008548, 0.109901, 0.06353, 0.275928, 0.0, 0.00884, 0.000489, 0.098992, 0.069905, 0.141709, 0.0, 0.002334, 0.000508]","[1, -1, 1, 1, -1, 1, 1, -1, -1, -1, 1, 1, 1, 1, -1, -1, 1, 1, 1, 1, 1, -1, -1, -1, 1, -1, -1, 1, 1, -1, -1, -1, 1, 1, 1, -1, -1, -1, 1, 1, -1, -1, -1, 1, 1, 1, -1, -1, -1, 1, 1]"
cloud_gaming,CG_Xbox,/indian-slp/Users/ug/ZEPA/Kritik/net_data/5G_Traffic_Datasets/CG_Xbox/xbox_fortnite_2Players_ex39.csv,test,0,0.158962,True,0,0,0,7,3,7,0.041934,"[55, 66, 1478, 527, 60, 60, 499, 54]","[0.0, 0.158962, 14.603607, 0.005011, 0.159074, 0.006267, 0.095899, 0.049134]","[1, -1, 1, 1, -1, -1, -1, 1]"
cloud_gaming,CG_Xbox,/indian-slp/Users/ug/ZEPA/Kritik/net_data/5G_Traffic_Datasets/CG_Xbox/xbox_fortnite_2Players_ex39.csv,test,0,0.03199,True,1,0,0,5,1,6,1.444892,"[86, 86, 74, 591, 74, 2514, 2493, 74, 148, 166, 433, 276, 74, 1060, 105, 105, 74, 74, 74, 312, 429, 220, 113, 74, 113, 149, 276, 74, 74, 74, 307, 526, 148, 113, 74, 113, 74]","[0.0, 0.03199, 0.01234, 0.004484, 0.033197, 0.05573, 0.0, 0.007881, 0.018928, 0.001381, 0.000555, 0.000501, 0.024709, 5.4e-05, 0.005976, 0.002661, 0.003341, 0.024088, 0.014111, 0.284015, 0.0, 0.005846, 0.0, 0.005436, 0.00474, 0.024327, 0.000499, 0.00094, 0.03005, 0.000309, 0.193471, 0.0, 0.0, 0.0, 0.010957, 0.008286, 0.035216]","[1, -1, 1, 1, -1, -1, -1, 1, 1, 1, 1, 1, -1, -1, -1, 1, -1, -1, 1, -1, -1, -1, -1, 1, 1, 1, 1, -1, -1, -1, -1, -1, -1, -1, 1, 1, -1]"
cloud_gaming,CG_Xbox,/indian-slp/Users/ug/ZEPA/Kritik/net_data/5G_Traffic_Datasets/CG_Xbox/xbox_fortnite_2Players_ex39.csv,test,0,0.158471,True,0,0,0,11,5,49,0.057429,"[55, 66, 1478, 539, 60, 499, 54]","[0.0, 0.158471, 14.58272, 0.000599, 0.157046, 0.083629, 0.059459]","[1, -1, 1, 1, -1, -1, 1]"
cloud_gaming,CG_Xbox,/indian-slp/Users/ug/ZEPA/Kritik/net_data/5G_Traffic_Datasets/CG_Xbox/xbox_fortnite_2Players_ex39.csv,test,0,0.031493,True,1,0,0,11,5,49,0.057429,"[66, 66, 54, 645, 60, 318, 54, 134, 134, 936, 60, 341, 54, 60, 85, 115, 60, 54, 85, 54, 60, 1652, 2902, 2902, 2902, 2902, 2902, 2902, 1478, 1478, 2902, 1478, 1478, 54, 54, 54, 54, 54, 54, 54, 54, 54, 2902, 1478, 1478, 1478, 1478, 2902, 2902, 2902, 2902, 2902, 2902, 1216, 54, 54, 54, 54, 54, 54, 54, 54, 54]","[0.0, 0.031493, 0.011719, 0.00104, 0.041096, 0.000159, 0.014808, 0.009071, 0.00448, 0.002673, 0.024663, 0.0, 0.002479, 0.003585, 0.0, 0.0, 0.000153, 0.002211, 0.000574, 0.001001, 0.026226, 0.663855, 0.000189, 0.0, 0.0, 0.0, 0.000137, 0.0, 0.005722, 7.4e-05, 0.000342, 0.0, 0.097766, 0.004838, 0.000509, 0.000593, 0.0004, 0.002015, 0.000522, 0.00149, 0.000486, 0.025946, 0.001394, 0.005492, 5e-05, 0.006047, 4.4e-05, 0.0, 0.000109, 0.0, 0.000121, 0.005887, 0.000127, 0.0, 0.004299, 0.000506, 0.001047, 0.000462, 0.004539, 0.000513, 0.021831, 0.001031, 0.000477]","[1, -1, 1, 1, -1, -1, 1, 1, 1, 1, -1, -1, 1, -1, -1, -1, -1, 1, 1, 1, -1, -1, -1, -1, -1, -1, -1, -1, -1, -1, -1, -1, -1, 1, 1, 1, 1, 1, 1, 1, 1, 1, -1, -1, -1, -1, -1, -1, -1, -1, -1, -1, -1, -1, 1, 1, 1, 1, 1, 1, 1, 1, 1]"
cloud_gaming,CG_Xbox,/indian-slp/Users/ug/ZEPA/Kritik/net_data/5G_Traffic_Datasets/CG_Xbox/xbox_fortnite_2Players_ex39.csv,test,0,0.154956,True,0,0,0,7,3,7,0.041934,"[55, 66, 1478, 527, 60, 499, 54]","[0.0, 0.154956, 14.565389, 0.000527, 0.164237, 0.075062, 0.044912]","[1, -1, 1, 1, -1, -1, 1]"
cloud_gaming,CG_Xbox,/indian-slp/Users/ug/ZEPA/Kritik/net_data/5G_Traffic_Datasets/CG_Xbox/xbox_fortnite_2Players_ex39.csv,test,0,0.0,False,0,0,0,7,3,7,0.041934,"[346, 93, 1478, 1478, 1478, 1478, 1478, 1478, 1478, 1478, 1478, 1478, 1478, 796, 1478, 1478, 1478, 1478, 1478, 1478, 1478, 1478, 1478, 1478, 1478, 796, 1478, 1478, 1478, 1478, 1478, 1478, 1478, 1478, 1478, 1478, 1478, 796, 1478, 1478, 1478, 1478, 1478, 1478, 1478, 1478, 1478, 1478, 1478, 796, 1478, 1478, 1478, 1478, 1478, 1478, 1478, 1478, 1478, 1478, 1478, 796, 1478, 1478]","[0.0, 0.001551, 0.004104, 0.00049, 0.000694, 0.000289, 0.000494, 0.000545, 0.000495, 0.000502, 0.000498, 0.0005, 0.0005, 0.000497, 0.0005, 0.000536, 0.000465, 0.0005, 0.000501, 0.001516, 0.000475, 0.011622, 0.004185, 0.00038, 0.000532, 0.000495, 0.000511, 0.000534, 0.000467, 0.000496, 0.000494, 0.000501, 0.000997, 0.001286, 0.00158, 0.000493, 0.000495, 0.000496, 0.000551, 0.000515, 0.00049, 0.000496, 0.000503, 0.000497, 0.000547, 0.000452, 0.000501, 0.001585, 0.003641, 0.00053, 0.000495, 0.000502, 0.000498, 0.000501, 0.000526, 0.003755, 0.000397, 0.000495, 0.000697, 0.000327, 0.0005, 0.000795, 0.000803, 4.4e-05]","[1, 1, 1, 1, 1, 1, 1, 1, 1, 1, 1, 1, 1, 1, 1, 1, 1, 1, 1, 1, 1, 1, 1, 1, 1, 1, 1, 1, 1, 1, 1, 1, 1, 1, 1, 1, 1, 1, 1, 1, 1, 1, 1, 1, 1, 1, 1, 1, 1, 1, 1, 1, 1, 1, 1, 1, 1, 1, 1, 1, 1, 1, 1, 1]"
cloud_gaming,CG_Xbox,/indian-slp/Users/ug/ZEPA/Kritik/net_data/5G_Traffic_Datasets/CG_Xbox/xbox_fortnite_2Players_ex39.csv,test,1,0.0,False,0,0,0,11,5,49,0.057429,"[120, 84, 84, 120, 84, 84, 84, 84, 120, 84, 84, 83, 83, 83, 83, 83, 83, 83, 83, 120, 120, 120]","[0.0, 5.603925, 0.992871, 3.96122, 2.002356, 1.010786, 4.031156, 1.00336, 2.005018, 3.010203, 1.012812, 5.015031, 0.99787, 5.012686, 1.010196, 5.001512, 1.011474, 5.01613, 0.999669, 11.307079, 10.732049, 10.063098]","[1, 1, 1, 1, 1, 1, 1, 1, 1, 1, 1, 1, 1, 1, 1, 1, 1, 1, 1, 1, 1, 1]"
cloud_gaming,CG_Xbox,/indian-slp/Users/ug/ZEPA/Kritik/net_data/5G_Traffic_Datasets/CG_Xbox/xbox_fortnite_2Players_ex39.csv,test,0,0.157979,True,0,0,0,11,5,49,0.057429,"[55, 66, 1478, 539, 60, 499, 54]","[0.0, 0.157979, 14.405507, 0.000537, 0.16276, 0.084926, 0.050441]","[1, -1, 1, 1, -1, -1, 1]"
cloud_gaming,CG_Xbox,/indian-slp/Users/ug/ZEPA/Kritik/net_data/5G_Traffic_Datasets/CG_Xbox/xbox_fortnite_2Players_ex39.csv,test,1,0.004575,True,0,0,0,7,3,7,0.041934,"[532, 1247, 1247, 1248, 1248, 1248, 1064, 1064, 1065, 1065, 1064, 1065, 386, 104, 112, 1111, 1111, 1111, 1111, 1112, 1112, 389, 1108, 1108, 1109, 1108, 382, 1109, 1109, 1111, 1111, 1112, 1112, 1111, 1111, 379, 1096, 1096, 1096, 1096, 1097, 1097, 100, 112, 1151, 431, 1151, 1151, 1151, 1152, 1151, 1164, 1164, 1164, 1164, 1164, 1165, 388, 1174, 1174, 1174, 1174, 1175, 1175]","[0.0, 8.7e-05, 0.0, 0.0, 0.0, 1e-06, 0.017891, 4.8e-05, 0.0, 0.0, 0.0, 5.1e-05, 0.005883, 0.00142, 0.004575, 0.006053, 3.4e-05, 0.0, 0.0, 5.3e-05, 0.0, 0.013028, 0.010864, 3.1e-05, 0.0, 0.0, 5.1e-05, 0.0, 0.0, 0.005977, 0.0, 0.0, 0.0, 0.0, 0.0, 0.017958, 3.4e-05, 0.0, 1e-06, 4.9e-05, 0.0, 0.0, 0.002969, 0.007442, 0.005542, 0.0, 0.0, 0.0, 6.1e-05, 0.0, 0.0, 0.015899, 3.4e-05, 0.0, 1e-06, 4.6e-05, 0.0, 0.005856, 0.018044, 3.2e-05, 0.0, 0.0, 4.7e-05, 0.0]","[-1, -1, -1, -1, -1, -1, -1, -1, -1, -1, -1, -1, -1, 1, -1, -1, -1, -1, -1, -1, -1, -1, -1, -1, -1, -1, -1, -1, -1, -1, -1, -1, -1, -1, -1, -1, -1, -1, -1, -1, -1, -1, 1, -1, -1, -1, -1, -1, -1, -1, -1, -1, -1, -1, -1, -1, -1, -1, -1, -1, -1, -1, -1, -1]"
cloud_gaming,CG_Xbox,/indian-slp/Users/ug/ZEPA/Kritik/net_data/5G_Traffic_Datasets/CG_Xbox/xbox_fortnite_2Players_ex39.csv,test,1,0.000679,True,0,0,0,11,5,49,0.057429,"[519, 143, 660, 735, 458, 139, 99, 386, 143, 84, 766, 139, 390, 99, 487, 399, 143, 764, 139, 392, 99, 487, 112, 391, 777, 84, 493, 396, 143, 793, 143, 393, 473, 99, 84, 563, 763, 143, 567, 451, 99, 143, 143, 732, 379, 451, 519, 99, 84, 143, 771, 391, 433, 143, 389, 777, 450, 392, 99, 84, 139, 143, 395, 781]","[0.0, 0.011957, 0.000679, 2.9e-05, 0.017291, 0.005484, 0.000656, 0.0, 0.007335, 0.006534, 0.003975, 0.004346, 0.001784, 0.005918, 0.0, 0.005978, 0.004982, 0.001015, 0.018035, 0.003989, 0.0, 0.0, 0.000116, 0.010026, 3.5e-05, 0.001579, 0.022233, 0.006086, 0.005206, 0.000658, 0.01368, 0.000463, 0.00605, 0.005881, 0.00085, 0.005164, 5e-05, 0.00209, 0.007956, 0.011996, 0.00586, 0.00358, 0.00051, 0.002046, 0.012022, 0.011873, 0.0, 0.000123, 0.003948, 0.002972, 0.005028, 0.00704, 0.011033, 0.010364, 0.003506, 9.5e-05, 0.017851, 0.0, 0.0, 0.000918, 0.000664, 0.012973, 0.00946, 3.1e-05]","[-1, 1, -1, -1, -1, 1, -1, -1, 1, 1, -1, 1, -1, -1, -1, -1, 1, -1, 1, -1, -1, -1, -1, -1, -1, 1, -1, -1, 1, -1, 1, -1, -1, -1, 1, -1, -1, 1, -1, -1, -1, 1, 1, -1, -1, -1, -1, -1, 1, 1, -1, -1, -1, 1, -1, -1, -1, -1, -1, 1, 1, 1, -1, -1]"
cloud_gaming,CG_Xbox,/indian-slp/Users/ug/ZEPA/Kritik/net_data/5G_Traffic_Datasets/CG_Xbox/xbox_fortnite_2Players_ex39.csv,test,0,0.0,False,0,0,0,1,1,1,0.030666,"[98, 98, 98, 98, 98, 98, 98, 98, 98, 98, 98, 98, 98, 98, 98, 98, 98, 98, 98, 98, 98, 98, 98, 98, 98, 98, 98, 98, 98, 98, 98, 98, 98, 98, 98, 98, 98, 98, 98, 98, 98, 98, 98, 98, 98, 98, 98, 98, 98, 98, 98, 98, 98, 98, 98, 98, 98, 98, 98, 98, 98, 98, 98, 98]","[0.0, 0.511725, 0.512348, 0.512244, 0.511592, 0.51185, 0.66717, 0.684074, 0.656391, 0.617905, 0.51456, 0.255438, 0.468657, 0.508276, 0.515531, 0.519885, 0.511962, 0.512077, 0.512174, 0.513077, 0.512982, 0.511639, 0.511352, 0.512055, 0.510727, 0.511967, 0.511853, 0.51665, 0.539669, 0.512175, 0.511455, 0.51195, 0.51206, 0.512544, 0.513378, 0.512187, 0.511091, 0.51448, 0.543002, 0.510769, 0.512376, 0.513663, 0.510383, 0.512196, 0.511495, 0.512188, 0.512774, 0.510758, 0.512539, 0.511319, 0.51235, 0.512671, 0.511285, 0.512029, 0.511897, 0.51224, 0.512116, 0.512567, 0.511138, 0.512372, 0.511717, 0.511774, 0.511787, 0.51284]","[1, 1, 1, 1, 1, 1, 1, 1, 1, 1, 1, 1, 1, 1, 1, 1, 1, 1, 1, 1, 1, 1, 1, 1, 1, 1, 1, 1, 1, 1, 1, 1, 1, 1, 1, 1, 1, 1, 1, 1, 1, 1, 1, 1, 1, 1, 1, 1, 1, 1, 1, 1, 1, 1, 1, 1, 1, 1, 1, 1, 1, 1, 1, 1]"
cloud_gaming,CG_Xbox,/indian-slp/Users/ug/ZEPA/Kritik/net_data/5G_Traffic_Datasets/CG_Xbox/xbox_fortnite_2Players_ex39.csv,test,0,0.0,False,0,0,0,11,5,49,0.057429,"[590, 242, 54, 862, 54, 54, 78, 54, 578, 54, 862, 54, 54, 580, 54, 850, 54, 78, 54, 778, 54, 54, 578, 54, 862, 54, 54, 578, 54, 862, 778, 54, 54, 54, 850, 54, 54, 78, 54, 78, 54, 580, 54, 78, 54, 78, 54, 78, 54, 78, 54, 578, 54, 578, 54, 78, 54, 580, 54, 862, 54, 54, 850, 54]","[0.0, 5.3e-05, 0.004764, 6.853155, 0.002077, 0.001119, 10.003224, 0.002508, 3.181712, 0.004822, 9.974692, 0.007231, 0.000486, 0.572217, 0.003765, 3.448158, 0.024776, 9.981292, 0.003132, 5.897165, 0.011797, 0.000513, 1.155529, 0.005539, 1.58835, 0.005912, 0.001482, 5.678547, 0.00386, 1.566302, 5.5e-05, 0.004381, 0.000548, 0.000481, 2.256815, 0.051391, 0.000547, 9.953639, 0.01358, 9.982753, 0.021321, 4.910303, 0.003545, 10.012564, 0.043906, 9.950052, 0.009614, 9.990509, 0.009673, 10.00211, 0.316862, 4.621072, 0.009381, 0.178662, 0.009526, 10.026479, 0.017487, 6.172869, 0.012832, 5.432826, 0.010692, 0.000491, 8.302998, 0.032999]","[-1, -1, 1, -1, 1, 1, -1, 1, -1, 1, -1, 1, 1, -1, 1, -1, 1, -1, 1, -1, 1, 1, -1, 1, -1, 1, 1, -1, 1, -1, -1, 1, 1, 1, -1, 1, 1, -1, 1, -1, 1, -1, 1, -1, 1, -1, 1, -1, 1, -1, 1, -1, 1, -1, 1, -1, 1, -1, 1, -1, 1, 1, -1, 1]"
cloud_gaming,CG_Xbox,/indian-slp/Users/ug/ZEPA/Kritik/net_data/5G_Traffic_Datasets/CG_Xbox/xbox_fortnite_2Players_ex39.csv,test,0,0.0,False,0,0,0,11,5,49,0.057429,"[777, 54, 861, 54, 78, 54, 578, 54, 590, 325, 54, 579, 54, 849, 54, 78, 54, 777, 54, 578, 54, 861, 54, 578, 54, 777, 861, 54, 54, 849, 54, 78, 54, 78, 54, 579, 54, 78, 54, 78, 54, 78, 54, 78, 54, 578, 54, 578, 54, 78, 54, 579, 54, 861, 54, 849, 54, 78, 54, 590, 241, 54, 861, 54]","[0.0, 0.00681, 6.855192, 0.002985, 10.009127, 0.04541, 3.1385, 0.045894, 9.928154, 0.000166, 0.008415, 0.571387, 0.04644, 3.405608, 0.008711, 9.99141, 0.051187, 5.855007, 0.015422, 1.158257, 0.045201, 1.542783, 0.013491, 5.672515, 0.047721, 1.522325, 0.0, 0.005115, 0.004178, 2.254872, 0.032656, 9.983175, 0.049724, 9.952539, 0.065824, 4.847852, 0.047431, 9.962865, 0.07599, 9.917638, 0.049513, 9.956453, 0.048715, 9.951302, 0.33613, 4.613951, 0.055065, 0.162898, 0.057381, 9.94291, 0.059928, 6.138211, 0.133726, 5.309995, 0.010521, 8.309236, 0.028316, 9.977926, 0.06904, 1.620784, 0.005949, 0.003824, 0.038203, 0.009632]","[-1, 1, -1, 1, -1, 1, -1, 1, -1, -1, 1, -1, 1, -1, 1, -1, 1, -1, 1, -1, 1, -1, 1, -1, 1, -1, -1, 1, 1, -1, 1, -1, 1, -1, 1, -1, 1, -1, 1, -1, 1, -1, 1, -1, 1, -1, 1, -1, 1, -1, 1, -1, 1, -1, 1, -1, 1, -1, 1, -1, -1, 1, -1, 1]"
cloud_gaming,CG_Xbox,/indian-slp/Users/ug/ZEPA/Kritik/net_data/5G_Traffic_Datasets/CG_Xbox/xbox_fortnite_2Players_ex39.csv,test,2,0.065029,True,0,0,0,5,1,7,0.047617,"[1292, 137, 1292, 1292, 239, 849, 86, 140, 93, 94, 182, 94]","[0.0, 0.000535, 0.064494, 0.033986, 4.2e-05, 0.0, 0.0, 0.002436, 0.00038, 0.02579, 0.003335, 0.028811]","[1, 1, -1, -1, -1, -1, -1, 1, 1, 1, -1, 1]"
cloud_gaming,CG_Xbox,/indian-slp/Users/ug/ZEPA/Kritik/net_data/5G_Traffic_Datasets/CG_Xbox/xbox_fortnite_2Players_ex39.csv,test,2,0.036136,True,0,0,0,5,1,7,0.047617,"[91, 88, 99, 96, 1287, 1292, 1292, 1292, 1292, 1292, 1292, 1292, 1292, 1292, 1292, 743, 94, 88, 96, 88, 1201, 102, 85, 96, 88, 99, 96, 98, 180, 96, 756, 94, 96, 1020, 122, 102, 96, 88, 91, 88, 100, 96, 91, 88, 99, 96, 91, 88, 99, 96, 91, 88, 1285, 1292, 1292, 1292, 1292, 1292, 1292, 1292, 1292, 1292, 1292, 874]","[0.0, 0.036136, 13.680124, 0.011928, 12.317285, 0.005563, 0.002866, 0.000524, 0.000497, 0.006646, 0.001074, 0.000487, 0.000484, 0.000497, 0.000952, 0.000229, 0.016879, 0.012013, 0.001237, 0.005371, 0.193429, 0.004907, 0.00103, 0.010167, 0.021898, 13.114102, 0.017778, 3.882169, 1e-06, 0.017087, 0.011068, 0.035824, 0.014946, 0.179041, 0.0, 0.003377, 0.012622, 0.032094, 14.725037, 0.036776, 11.582011, 0.014267, 14.993963, 0.035756, 13.306066, 0.010571, 15.00317, 0.036454, 14.385718, 0.02396, 14.990091, 0.035911, 2.281227, 0.006939, 0.002477, 0.000519, 0.0005, 0.000737, 0.000231, 0.000564, 0.000491, 0.000493, 0.000496, 0.000497]","[1, -1, -1, 1, 1, 1, 1, 1, 1, 1, 1, 1, 1, 1, 1, 1, -1, -1, 1, -1, -1, 1, -1, 1, -1, -1, 1, -1, -1, 1, 1, -1, 1, -1, -1, 1, 1, -1, 1, -1, -1, 1, 1, -1, -1, 1, 1, -1, -1, 1, 1, -1, 1, 1, 1, 1, 1, 1, 1, 1, 1, 1, 1, 1]"
cloud_gaming,CG_Xbox,/indian-slp/Users/ug/ZEPA/Kritik/net_data/5G_Traffic_Datasets/CG_Xbox/xbox_fortnite_2Players_ex39.csv,test,0,0.0,False,0,0,0,7,3,7,0.041934,"[410, 54, 78, 54, 78, 54, 78, 54, 408, 54, 578, 54, 78, 54, 578, 54, 78, 54, 78, 54, 78, 54, 78, 54, 78, 54, 78, 54, 78, 54, 78, 54, 578, 54, 78, 54, 78, 54, 78, 54, 78, 54, 78, 54, 78, 54, 78, 54, 78, 54, 578, 54, 78, 54, 78, 54, 78, 54, 578, 54, 78, 54, 78, 54]","[0.0, 0.05205, 9.949895, 0.046771, 10.025286, 0.046006, 9.965959, 0.055963, 1.395958, 0.048869, 8.355393, 0.055837, 9.946051, 0.056776, 5.24129, 0.054307, 9.943519, 0.059525, 9.940844, 0.056545, 9.943145, 0.046936, 9.95908, 0.058193, 9.939718, 0.069165, 9.934874, 0.051878, 10.052231, 0.059997, 9.94396, 0.08232, 7.253534, 0.071075, 9.930895, 0.068078, 9.934273, 0.060399, 9.941166, 0.048786, 9.947269, 0.066685, 9.939178, 0.079032, 9.918945, 0.071434, 9.928936, 0.069196, 9.930328, 0.059199, 5.298768, 0.079805, 9.926145, 0.067932, 9.926058, 0.154873, 9.845213, 0.058149, 0.589713, 0.0583, 9.954002, 0.055122, 9.944663, 0.06731]","[-1, 1, -1, 1, -1, 1, -1, 1, -1, 1, -1, 1, -1, 1, -1, 1, -1, 1, -1, 1, -1, 1, -1, 1, -1, 1, -1, 1, -1, 1, -1, 1, -1, 1, -1, 1, -1, 1, -1, 1, -1, 1, -1, 1, -1, 1, -1, 1, -1, 1, -1, 1, -1, 1, -1, 1, -1, 1, -1, 1, -1, 1, -1, 1]"
cloud_gaming,CG_Xbox,/indian-slp/Users/ug/ZEPA/Kritik/net_data/5G_Traffic_Datasets/CG_Xbox/xbox_fortnite_2Players_ex39.csv,test,0,0.0,False,5,0,0,11,5,49,0.057429,"[66, 66, 66, 66, 66]","[0.0, 1.00413, 1.996801, 4.001942, 8.000536]","[1, 1, 1, 1, 1]"
cloud_gaming,CG_Xbox,/indian-slp/Users/ug/ZEPA/Kritik/net_data/5G_Traffic_Datasets/CG_Xbox/xbox_fortnite_2Players_ex39.csv,test,0,0.160154,True,1,0,0,7,3,7,0.041934,"[66, 66, 54, 571, 60, 1454, 446, 1454, 54, 134, 460, 242, 133, 133, 60, 54, 360, 54, 460, 242, 60, 360, 54, 460, 242, 60, 360, 54, 460, 242, 60, 360, 54, 460, 242, 60, 360, 54, 460, 242, 60, 360, 54, 460, 242, 60, 360, 54, 460, 242, 60, 360, 54, 460, 242, 60, 360, 54, 460, 242, 60, 360, 54, 460]","[0.0, 0.160154, 0.00272, 0.195504, 0.162544, 0.006005, 3.4e-05, 0.0, 0.009799, 0.00422, 0.013645, 0.001624, 0.15066, 0.0, 0.017973, 0.004162, 0.013871, 0.049007, 0.009183, 0.002582, 0.161353, 0.0239, 0.053652, 0.751765, 0.004737, 0.15786, 0.044066, 0.077463, 0.721917, 0.002285, 0.170306, 0.011947, 0.049508, 0.775768, 0.000538, 0.166179, 0.113997, 0.058008, 0.667747, 0.003021, 0.163244, 0.012045, 0.051498, 0.78309, 0.001077, 0.166382, 0.011986, 0.053904, 0.770396, 0.001238, 0.162485, 0.019862, 0.055486, 0.773273, 0.002301, 0.172987, 0.005993, 0.052085, 0.770988, 0.000805, 0.162512, 0.023596, 0.058167, 0.769956]","[1, -1, 1, 1, -1, -1, -1, -1, 1, 1, 1, 1, -1, -1, -1, 1, -1, 1, 1, 1, -1, -1, 1, 1, 1, -1, -1, 1, 1, 1, -1, -1, 1, 1, 1, -1, -1, 1, 1, 1, -1, -1, 1, 1, 1, -1, -1, 1, 1, 1, -1, -1, 1, 1, 1, -1, -1, 1, 1, 1, -1, -1, 1, 1]"
cloud_gaming,CG_Xbox,/indian-slp/Users/ug/ZEPA/Kritik/net_data/5G_Traffic_Datasets/CG_Xbox/xbox_fortnite_2Players_ex39.csv,test,1,0.004603,True,0,0,0,1,1,1,0.003609,"[158, 138, 158, 138, 158, 138, 158, 138, 158, 138, 158, 138, 158, 158, 138, 158, 138, 158, 138, 158, 138, 158, 138, 158, 138]","[0.0, 0.004603, 25.054207, 0.005637, 25.094037, 0.016592, 25.07516, 0.021724, 25.104036, 0.044742, 25.105607, 0.029029, 25.122439, 1.00613, 0.010636, 25.063329, 0.009624, 25.040115, 0.023018, 25.032863, 0.015878, 25.051997, 0.079406, 25.060433, 0.008169]","[1, -1, 1, -1, 1, -1, 1, -1, 1, -1, 1, -1, 1, 1, -1, 1, -1, 1, -1, 1, -1, 1, -1, 1, -1]"
cloud_gaming,CG_Xbox,/indian-slp/Users/ug/ZEPA/Kritik/net_data/5G_Traffic_Datasets/CG_Xbox/xbox_fortnite_2Players_ex39.csv,test,2,0.058938,True,0,0,0,5,1,7,0.047617,"[1292, 142, 1292, 87, 690, 1292, 140, 94, 1288, 1288, 1292, 1292, 1292, 1292, 1292, 1292, 1292, 1292, 230, 182, 87, 91, 87, 94, 87, 87, 87, 87, 91, 900, 200, 97, 85, 94]","[0.0, 0.003495, 0.055443, 0.030141, 0.0, 0.0, 0.007199, 0.001973, 0.003171, 0.003833, 0.000481, 0.000469, 0.000565, 0.000468, 0.000495, 0.000829, 0.000257, 0.004089, 0.00052, 0.01147, 0.006016, 0.005974, 0.0, 0.005705, 0.000395, 0.0, 0.0, 0.005905, 0.20574, 0.014265, 0.006061, 0.002832, 0.027145, 0.007666]","[1, 1, -1, -1, -1, -1, 1, 1, 1, 1, 1, 1, 1, 1, 1, 1, 1, 1, 1, -1, -1, -1, -1, 1, -1, -1, -1, -1, 1, -1, -1, 1, -1, 1]"
cloud_gaming,CG_Xbox,/indian-slp/Users/ug/ZEPA/Kritik/net_data/5G_Traffic_Datasets/CG_Xbox/xbox_fortnite_2Players_ex39.csv,test,0,0.00048,True,1,2,0,11,5,49,0.057429,"[66, 66, 54, 56, 60, 105, 60, 272, 54, 60, 54]","[0.0, 0.00048, 0.048217, 0.001496, 0.000435, 6.9e-05, 0.00019, 0.044814, 0.003955, 0.000285, 0.003922]","[1, -1, 1, 1, -1, 1, -1, -1, 1, -1, 1]"
cloud_gaming,CG_Xbox,/indian-slp/Users/ug/ZEPA/Kritik/net_data/5G_Traffic_Datasets/CG_Xbox/xbox_fortnite_2Players_ex39.csv,test,0,0.000231,True,1,2,0,11,5,49,0.057429,"[66, 66, 54, 56, 60, 105, 60, 231, 54, 60, 54]","[0.0, 0.000231, 0.048502, 0.002025, 0.000191, 0.000293, 0.000192, 0.04389, 0.00478, 0.000249, 0.003584]","[1, -1, 1, 1, -1, 1, -1, -1, 1, -1, 1]"
cloud_gaming,CG_Xbox,/indian-slp/Users/ug/ZEPA/Kritik/net_data/5G_Traffic_Datasets/CG_Xbox/xbox_fortnite_2Players_ex39.csv,test,0,0.000247,True,1,2,0,11,5,49,0.057429,"[66, 66, 54, 56, 60, 105, 60, 272, 54, 60, 54]","[0.0, 0.000247, 0.048519, 0.002538, 0.000234, 0.000231, 0.000255, 0.042923, 0.005707, 0.000285, 0.005817]","[1, -1, 1, 1, -1, 1, -1, -1, 1, -1, 1]"
cloud_gaming,CG_Xbox,/indian-slp/Users/ug/ZEPA/Kritik/net_data/5G_Traffic_Datasets/CG_Xbox/xbox_fortnite_2Players_ex39.csv,test,0,0.0,False,5,0,0,11,5,49,0.057429,"[66, 66, 66, 66, 66]","[0.0, 1.001059, 2.002122, 3.999679, 8.0043]","[1, 1, 1, 1, 1]"
cloud_gaming,CG_Xbox,/indian-slp/Users/ug/ZEPA/Kritik/net_data/5G_Traffic_Datasets/CG_Xbox/xbox_fortnite_2Players_ex39.csv,test,2,0.059109,True,0,0,0,5,1,7,0.047617,"[1292, 143, 1292, 86, 242, 846, 1292, 1292, 93, 94, 182, 94]","[0.0, 0.00076, 0.058349, 0.030147, 0.0, 0.0, 0.0, 0.006958, 0.00979, 0.022975, 0.002113, 0.031894]","[1, 1, -1, -1, -1, -1, -1, 1, 1, 1, -1, 1]"
cloud_gaming,CG_Xbox,/indian-slp/Users/ug/ZEPA/Kritik/net_data/5G_Traffic_Datasets/CG_Xbox/xbox_fortnite_2Players_ex39.csv,test,0,0.0,False,5,0,0,11,5,49,0.057429,"[66, 66, 66, 66, 66]","[0.0, 0.998437, 2.001921, 4.000273, 8.004383]","[1, 1, 1, 1, 1]"
cloud_gaming,CG_Xbox,/indian-slp/Users/ug/ZEPA/Kritik/net_data/5G_Traffic_Datasets/CG_Xbox/xbox_fortnite_2Players_ex39.csv,test,1,0.0,False,0,0,0,1,1,1,0.133107,"[718, 718, 718, 718, 718, 718, 718]","[0.0, 0.246926, 0.463581, 0.940423, 1.838981, 2.010452, 2.012365]","[1, 1, 1, 1, 1, 1, 1]"
cloud_gaming,CG_Xbox,/indian-slp/Users/ug/ZEPA/Kritik/net_data/5G_Traffic_Datasets/CG_Xbox/xbox_fortnite_2Players_ex39.csv,test,1,0.0,False,0,0,0,7,3,7,0.041934,"[698, 698, 698, 698, 698, 698, 698]","[0.0, 0.113093, 0.240407, 0.463617, 1.323635, 1.457729, 2.010368]","[1, 1, 1, 1, 1, 1, 1]"
cloud_gaming,CG_Xbox,/indian-slp/Users/ug/ZEPA/Kritik/net_data/5G_Traffic_Datasets/CG_Xbox/xbox_fortnite_2Players_ex39.csv,test,0,0.0,False,0,0,1,11,5,49,0.057429,"[155, 155, 155, 155, 155, 155, 155, 54]","[0.0, 0.306525, 0.298009, 0.599827, 1.203945, 2.399524, 4.800428, 9.601271]","[1, 1, 1, 1, 1, 1, 1, 1]"
cloud_gaming,CG_Xbox,/indian-slp/Users/ug/ZEPA/Kritik/net_data/5G_Traffic_Datasets/CG_Xbox/xbox_fortnite_2Players_ex39.csv,test,0,0.18283,True,0,0,0,11,5,49,0.057429,"[82, 60, 82, 265, 54, 60, 82, 66, 82, 60, 265, 54, 82, 60, 265, 82, 54, 60, 82, 60, 265, 54]","[0.0, 0.18283, 29.809555, 0.024405, 0.005727, 0.144588, 0.177412, 0.140098, 29.543932, 0.184369, 29.773691, 0.03081, 29.999988, 0.183017, 29.801946, 0.019862, 0.001013, 0.183021, 29.83948, 0.184487, 29.759785, 0.014817]","[1, -1, 1, -1, 1, -1, 1, -1, 1, -1, -1, 1, 1, -1, -1, 1, 1, -1, 1, -1, -1, 1]"
cloud_gaming,CG_Xbox,/indian-slp/Users/ug/ZEPA/Kritik/net_data/5G_Traffic_Datasets/CG_Xbox/xbox_fortnite_2Players_ex39.csv,test,0,0.000449,True,1,2,0,11,5,49,0.057429,"[66, 66, 54, 56, 60, 108, 60, 261, 54, 60, 54]","[0.0, 0.000449, 0.005212, 0.000718, 0.000278, 0.000102, 0.000335, 0.05471, 0.014307, 0.000475, 0.004746]","[1, -1, 1, 1, -1, 1, -1, -1, 1, -1, 1]"
cloud_gaming,CG_Xbox,/indian-slp/Users/ug/ZEPA/Kritik/net_data/5G_Traffic_Datasets/CG_Xbox/xbox_fortnite_2Players_ex39.csv,test,0,0.000272,True,1,2,0,11,5,49,0.057429,"[66, 66, 54, 56, 60, 108, 60, 219, 54, 60, 54]","[0.0, 0.000272, 0.006499, 0.000876, 0.00037, 0.000167, 0.000273, 0.04665, 0.021978, 0.000427, 0.006074]","[1, -1, 1, 1, -1, 1, -1, -1, 1, -1, 1]"
cloud_gaming,CG_Xbox,/indian-slp/Users/ug/ZEPA/Kritik/net_data/5G_Traffic_Datasets/CG_Xbox/xbox_fortnite_2Players_ex39.csv,test,0,0.000288,True,1,2,0,11,5,49,0.057429,"[66, 66, 54, 56, 60, 108, 60, 261, 54, 60, 54]","[0.0, 0.000288, 0.006387, 0.001511, 0.000328, 0.000165, 0.00014, 0.051956, 0.01532, 0.000467, 0.005945]","[1, -1, 1, 1, -1, 1, -1, -1, 1, -1, 1]"
cloud_gaming,CG_Xbox,/indian-slp/Users/ug/ZEPA/Kritik/net_data/5G_Traffic_Datasets/CG_Xbox/xbox_fortnite_2Players_ex39.csv,test,0,0.0,False,5,0,0,11,5,49,0.057429,"[66, 66, 66, 66, 66]","[0.0, 0.998961, 2.001961, 4.006882, 8.004253]","[1, 1, 1, 1, 1]"
cloud_gaming,CG_Xbox,/indian-slp/Users/ug/ZEPA/Kritik/net_data/5G_Traffic_Datasets/CG_Xbox/xbox_fortnite_2Players_ex39.csv,test,0,0.019722,True,1,1,1,5,1,6,1.444892,"[86, 86, 74, 368, 74, 1135, 2954, 86, 86, 74, 154, 154, 188, 361, 74, 135, 361, 105, 74, 74, 219, 105, 74, 74, 105, 74, 74, 98]","[0.0, 0.019722, 0.004742, 0.001911, 0.029181, 0.000205, 7.6e-05, 0.013182, 0.000532, 0.000498, 0.007466, 0.001041, 0.000498, 0.022428, 0.0, 5e-05, 0.0, 0.0, 0.0, 8.4e-05, 0.0, 6e-05, 0.003473, 0.001405, 0.000536, 0.004049, 0.003474, 0.017135]","[1, -1, 1, 1, -1, -1, -1, 1, 1, 1, 1, 1, 1, -1, -1, -1, -1, -1, -1, -1, -1, -1, 1, 1, 1, 1, 1, -1]"
cloud_gaming,CG_Xbox,/indian-slp/Users/ug/ZEPA/Kritik/net_data/5G_Traffic_Datasets/CG_Xbox/xbox_fortnite_2Players_ex39.csv,test,0,0.0,False,5,0,0,11,5,49,0.057429,"[66, 66, 66, 66, 66]","[0.0, 0.999716, 2.000756, 4.006994, 7.995612]","[1, 1, 1, 1, 1]"
cloud_gaming,CG_Xbox,/indian-slp/Users/ug/ZEPA/Kritik/net_data/5G_Traffic_Datasets/CG_Xbox/xbox_fortnite_2Players_ex39.csv,test,0,0.000423,True,1,2,0,11,5,49,0.057429,"[66, 66, 54, 56, 60, 105, 60, 273, 54, 60, 54]","[0.0, 0.000423, 0.046601, 0.001554, 0.00042, 0.000126, 0.000306, 0.049525, 0.013998, 0.000294, 0.00375]","[1, -1, 1, 1, -1, 1, -1, -1, 1, -1, 1]"
cloud_gaming,CG_Xbox,/indian-slp/Users/ug/ZEPA/Kritik/net_data/5G_Traffic_Datasets/CG_Xbox/xbox_fortnite_2Players_ex39.csv,test,0,0.000283,True,1,2,0,11,5,49,0.057429,"[66, 66, 54, 56, 60, 105, 60, 228, 54, 60, 54]","[0.0, 0.000283, 0.04679, 0.00192, 0.000255, 0.000245, 0.000237, 0.042643, 0.012023, 0.000471, 0.008518]","[1, -1, 1, 1, -1, 1, -1, -1, 1, -1, 1]"
cloud_gaming,CG_Xbox,/indian-slp/Users/ug/ZEPA/Kritik/net_data/5G_Traffic_Datasets/CG_Xbox/xbox_fortnite_2Players_ex39.csv,test,0,0.000234,True,1,2,0,11,5,49,0.057429,"[66, 66, 54, 56, 60, 105, 60, 273, 54, 60, 54]","[0.0, 0.000234, 0.046768, 0.002492, 0.000286, 0.000204, 0.000267, 0.041593, 0.011613, 0.000359, 0.008541]","[1, -1, 1, 1, -1, 1, -1, -1, 1, -1, 1]"
cloud_gaming,CG_Xbox,/indian-slp/Users/ug/ZEPA/Kritik/net_data/5G_Traffic_Datasets/CG_Xbox/xbox_fortnite_2Players_ex39.csv,test,0,0.0,False,5,0,0,11,5,49,0.057429,"[66, 66, 66, 66, 66]","[0.0, 1.003677, 2.000572, 3.999352, 8.005511]","[1, 1, 1, 1, 1]"
cloud_gaming,CG_Xbox,/indian-slp/Users/ug/ZEPA/Kritik/net_data/5G_Traffic_Datasets/CG_Xbox/xbox_fortnite_2Players_ex39.csv,test,2,0.061296,True,0,0,0,5,1,7,0.047617,"[1292, 142, 1292, 1292, 690, 87, 141, 1288, 1288, 1292, 1292, 1292, 1292, 1292, 1292, 1292, 1292, 349, 182, 87, 87, 91, 87, 87, 87, 87, 94, 88, 91, 909, 278, 98, 94, 86]","[0.0, 0.000528, 0.060768, 0.036046, 0.0, 0.0, 0.011372, 0.001503, 0.003417, 0.002254, 0.000209, 0.000514, 0.000467, 0.00055, 0.000599, 0.000382, 0.000487, 0.000634, 0.021545, 0.005991, 0.006013, 0.0, 0.0, 8.3e-05, 0.0, 0.0, 0.006056, 0.017828, 0.206171, 0.052089, 0.005837, 0.008292, 0.030509, 0.027235]","[1, 1, -1, -1, -1, -1, 1, 1, 1, 1, 1, 1, 1, 1, 1, 1, 1, 1, -1, -1, -1, -1, -1, -1, -1, -1, 1, -1, 1, -1, -1, 1, 1, -1]"
cloud_gaming,CG_Xbox,/indian-slp/Users/ug/ZEPA/Kritik/net_data/5G_Traffic_Datasets/CG_Xbox/xbox_fortnite_2Players_ex39.csv,test,0,0.162109,True,1,0,1,7,3,7,0.041934,"[66, 66, 54, 251, 6299, 54, 54, 54, 212, 105, 54, 587, 1478, 88, 60, 550, 54, 511, 717, 60, 583, 54, 54]","[0.0, 0.162109, 0.016228, 0.00357, 0.168013, 0.0126, 0.008092, 0.000511, 0.05185, 0.169271, 0.017617, 0.004881, 0.000604, 0.000436, 0.168425, 0.005742, 0.009701, 2.038959, 0.000559, 0.170989, 0.000215, 0.038102, 3.433182]","[1, -1, 1, 1, -1, 1, 1, 1, 1, -1, 1, 1, 1, 1, -1, -1, 1, 1, 1, -1, -1, 1, 1]"
cloud_gaming,CG_Xbox,/indian-slp/Users/ug/ZEPA/Kritik/net_data/5G_Traffic_Datasets/CG_Xbox/xbox_fortnite_2Players_ex39.csv,test,0,0.0,False,5,0,0,11,5,49,0.057429,"[66, 66, 66, 66, 66]","[0.0, 1.014449, 1.990051, 4.003885, 7.99769]","[1, 1, 1, 1, 1]"
cloud_gaming,CG_Xbox,/indian-slp/Users/ug/ZEPA/Kritik/net_data/5G_Traffic_Datasets/CG_Xbox/xbox_fortnite_2Players_ex39.csv,test,0,0.000461,True,1,2,0,11,5,49,0.057429,"[66, 66, 54, 56, 60, 101, 60, 215, 54, 60, 54]","[0.0, 0.000461, 0.002733, 0.003649, 0.000357, 7.2e-05, 0.000149, 0.047267, 0.018507, 0.000434, 0.016464]","[1, -1, 1, 1, -1, 1, -1, -1, 1, -1, 1]"
cloud_gaming,CG_Xbox,/indian-slp/Users/ug/ZEPA/Kritik/net_data/5G_Traffic_Datasets/CG_Xbox/xbox_fortnite_2Players_ex39.csv,test,0,0.000302,True,1,2,0,11,5,49,0.057429,"[66, 66, 54, 56, 60, 101, 60, 279, 54, 60, 54]","[0.0, 0.000302, 0.005191, 0.00161, 0.000201, 0.000251, 0.000234, 0.046392, 0.019007, 0.000373, 0.01657]","[1, -1, 1, 1, -1, 1, -1, -1, 1, -1, 1]"
cloud_gaming,CG_Xbox,/indian-slp/Users/ug/ZEPA/Kritik/net_data/5G_Traffic_Datasets/CG_Xbox/xbox_fortnite_2Players_ex39.csv,test,0,0.000332,True,1,2,0,11,5,49,0.057429,"[66, 66, 54, 56, 60, 101, 60, 160, 54, 60, 54]","[0.0, 0.000332, 0.007226, 0.0005, 0.000375, 0.000122, 0.000354, 0.044813, 0.01947, 0.000351, 0.016827]","[1, -1, 1, 1, -1, 1, -1, -1, 1, -1, 1]"
cloud_gaming,CG_Xbox,/indian-slp/Users/ug/ZEPA/Kritik/net_data/5G_Traffic_Datasets/CG_Xbox/xbox_fortnite_2Players_ex39.csv,test,2,0.037064,True,0,0,0,5,1,6,1.444892,"[1292, 1292, 1292, 1292, 1292, 1292, 360, 101, 231]","[0.0, 0.037064, 0.009696, 0.049978, 0.0, 0.0, 1e-06, 0.011838, 0.003825]","[1, -1, 1, -1, -1, -1, -1, 1, 1]"
cloud_gaming,CG_Xbox,/indian-slp/Users/ug/ZEPA/Kritik/net_data/5G_Traffic_Datasets/CG_Xbox/xbox_fortnite_2Players_ex39.csv,test,0,0.000488,True,1,2,0,11,5,49,0.057429,"[66, 66, 54, 56, 60, 105, 60, 279, 54, 60, 54]","[0.0, 0.000488, 0.054875, 0.001002, 0.000363, 0.000172, 0.000257, 0.0559, 0.022813, 0.00041, 0.011812]","[1, -1, 1, 1, -1, 1, -1, -1, 1, -1, 1]"
cloud_gaming,CG_Xbox,/indian-slp/Users/ug/ZEPA/Kritik/net_data/5G_Traffic_Datasets/CG_Xbox/xbox_fortnite_2Players_ex39.csv,test,0,0.00041,True,1,2,0,11,5,49,0.057429,"[66, 66, 54, 56, 60, 105, 60, 235, 54, 60, 54]","[0.0, 0.00041, 0.054938, 0.001521, 0.000299, 0.000216, 0.000308, 0.054924, 0.023736, 0.000373, 0.011849]","[1, -1, 1, 1, -1, 1, -1, -1, 1, -1, 1]"
cloud_gaming,CG_Xbox,/indian-slp/Users/ug/ZEPA/Kritik/net_data/5G_Traffic_Datasets/CG_Xbox/xbox_fortnite_2Players_ex39.csv,test,0,0.000332,True,1,2,0,11,5,49,0.057429,"[66, 66, 54, 56, 105, 60, 60, 273, 54, 60, 54]","[0.0, 0.000332, 0.056975, 0.000953, 9.1e-05, 0.000228, 8.6e-05, 0.053345, 0.023325, 0.000303, 0.011868]","[1, -1, 1, 1, 1, -1, -1, -1, 1, -1, 1]"
cloud_gaming,CG_Xbox,/indian-slp/Users/ug/ZEPA/Kritik/net_data/5G_Traffic_Datasets/CG_Xbox/xbox_fortnite_2Players_ex39.csv,test,0,0.0,False,0,0,0,11,5,49,0.057429,"[344, 93, 1478, 1478, 1478, 1478, 1478, 1478, 1478, 1478, 1478, 1478, 1478, 796, 1478, 1478, 1478, 1478, 1478, 1478, 1478, 1478, 1478, 1478, 1478, 796, 1478, 1478, 1478, 1478, 1478, 1478, 1478, 1478, 1478, 1478, 1478, 796, 1478, 1478, 1478, 1478, 1478, 1478, 1478, 1478, 1478, 1478, 1478, 796, 1478, 1478, 1478, 1478, 1478, 1478, 1478, 1478, 1478, 1478, 1478, 796, 1478, 1478]","[0.0, 0.000475, 0.00825, 0.000476, 0.000517, 0.000503, 0.000504, 0.000504, 0.000513, 0.000516, 0.000448, 0.000649, 0.000394, 0.00048, 0.000504, 0.000529, 0.00043, 0.000507, 0.000549, 0.000499, 0.00049, 0.000511, 0.000977, 4e-05, 0.000542, 0.000461, 0.00049, 0.000606, 0.000351, 0.000501, 0.00047, 0.000564, 0.000502, 0.000498, 0.0005, 0.001027, 4.3e-05, 0.000496, 0.000443, 0.000495, 0.000671, 0.00045, 0.000323, 0.000556, 0.000437, 0.000504, 0.000507, 0.000879, 0.000189, 0.000979, 0.000501, 0.0005, 0.000506, 0.000504, 0.000494, 0.000447, 0.000499, 0.000533, 0.000598, 0.000427, 0.000495, 0.0005, 0.000496, 0.0005]","[1, 1, 1, 1, 1, 1, 1, 1, 1, 1, 1, 1, 1, 1, 1, 1, 1, 1, 1, 1, 1, 1, 1, 1, 1, 1, 1, 1, 1, 1, 1, 1, 1, 1, 1, 1, 1, 1, 1, 1, 1, 1, 1, 1, 1, 1, 1, 1, 1, 1, 1, 1, 1, 1, 1, 1, 1, 1, 1, 1, 1, 1, 1, 1]"
cloud_gaming,CG_Xbox,/indian-slp/Users/ug/ZEPA/Kritik/net_data/5G_Traffic_Datasets/CG_Xbox/xbox_fortnite_2Players_ex39.csv,test,0,0.0,False,5,0,0,11,5,49,0.057429,"[66, 66, 66, 66, 66]","[0.0, 1.000156, 2.001701, 4.000393, 8.003203]","[1, 1, 1, 1, 1]"
cloud_gaming,CG_Xbox,/indian-slp/Users/ug/ZEPA/Kritik/net_data/5G_Traffic_Datasets/CG_Xbox/xbox_fortnite_2Players_ex39.csv,test,2,0.08684,True,0,0,0,5,1,7,0.047617,"[1292, 141, 1292, 856, 242, 140, 93, 1288, 1292, 1034, 169, 86, 182, 91, 87, 87, 87, 93, 1288, 434, 96, 91, 97, 114, 93, 85]","[0.0, 0.000507, 0.086333, 3.5e-05, 0.0, 0.007903, 0.001809, 0.002396, 0.001886, 0.000547, 0.000483, 0.008908, 0.060181, 0.012076, 0.0, 0.0, 0.0, 0.011396, 0.196594, 0.0, 0.0, 0.005921, 0.005789, 0.000128, 0.015702, 0.064437]","[1, 1, -1, -1, -1, 1, 1, 1, 1, 1, 1, -1, -1, -1, -1, -1, -1, 1, -1, -1, -1, 1, 1, -1, 1, -1]"
cloud_gaming,CG_Xbox,/indian-slp/Users/ug/ZEPA/Kritik/net_data/5G_Traffic_Datasets/CG_Xbox/xbox_fortnite_2Players_ex39.csv,test,0,0.000468,True,1,2,0,11,5,49,0.057429,"[66, 66, 54, 56, 60, 108, 60, 230, 54, 60, 54]","[0.0, 0.000468, 0.011242, 0.000498, 0.00042, 0.00011, 0.000336, 0.000122, 0.015642, 0.000505, 0.018205]","[1, -1, 1, 1, -1, 1, -1, -1, 1, -1, 1]"
cloud_gaming,CG_Xbox,/indian-slp/Users/ug/ZEPA/Kritik/net_data/5G_Traffic_Datasets/CG_Xbox/xbox_fortnite_2Players_ex39.csv,test,0,0.00037,True,1,2,0,11,5,49,0.057429,"[66, 66, 54, 56, 60, 108, 60, 246, 54, 60, 54]","[0.0, 0.00037, 0.012232, 0.005011, 0.00027, 0.000275, 0.000196, 0.000141, 0.027322, 0.000332, 0.015627]","[1, -1, 1, 1, -1, 1, -1, -1, 1, -1, 1]"
cloud_gaming,CG_Xbox,/indian-slp/Users/ug/ZEPA/Kritik/net_data/5G_Traffic_Datasets/CG_Xbox/xbox_fortnite_2Players_ex39.csv,test,0,0.000316,True,1,2,1,11,5,49,0.057429,"[66, 66, 54, 56, 60, 108, 60, 54, 261, 60, 54]","[0.0, 0.000316, 0.012218, 0.005596, 0.000235, 0.000257, 0.000203, 0.038395, 0.017191, 8e-05, 0.018257]","[1, -1, 1, 1, -1, 1, -1, 1, -1, -1, 1]"
cloud_gaming,CG_Xbox,/indian-slp/Users/ug/ZEPA/Kritik/net_data/5G_Traffic_Datasets/CG_Xbox/xbox_fortnite_2Players_ex39.csv,test,0,0.0,False,5,0,0,11,5,49,0.057429,"[66, 66, 66, 66, 66]","[0.0, 1.000915, 2.000356, 4.007399, 8.005089]","[1, 1, 1, 1, 1]"
cloud_gaming,CG_Xbox,/indian-slp/Users/ug/ZEPA/Kritik/net_data/5G_Traffic_Datasets/CG_Xbox/xbox_fortnite_2Players_ex39.csv,test,0,0.0,False,5,0,0,11,5,49,0.057429,"[66, 66, 66, 66, 66]","[0.0, 0.999379, 2.000869, 4.00288, 8.001365]","[1, 1, 1, 1, 1]"
cloud_gaming,CG_Xbox,/indian-slp/Users/ug/ZEPA/Kritik/net_data/5G_Traffic_Datasets/CG_Xbox/xbox_fortnite_2Players_ex39.csv,test,0,0.000447,True,1,2,0,11,5,49,0.057429,"[66, 66, 54, 56, 105, 60, 60, 272, 54, 60, 54]","[0.0, 0.000447, 0.304137, 0.000227, 7.3e-05, 0.000134, 3.9e-05, 0.062423, 0.191316, 0.000486, 0.03377]","[1, -1, 1, 1, 1, -1, -1, -1, 1, -1, 1]"
cloud_gaming,CG_Xbox,/indian-slp/Users/ug/ZEPA/Kritik/net_data/5G_Traffic_Datasets/CG_Xbox/xbox_fortnite_2Players_ex39.csv,test,0,0.000236,True,1,2,0,11,5,49,0.057429,"[66, 66, 54, 56, 105, 60, 60, 228, 54, 60, 54]","[0.0, 0.000236, 0.304003, 0.000287, 3.7e-05, 0.00011, 6.3e-05, 0.062198, 0.203985, 0.000233, 0.032798]","[1, -1, 1, 1, 1, -1, -1, -1, 1, -1, 1]"
cloud_gaming,CG_Xbox,/indian-slp/Users/ug/ZEPA/Kritik/net_data/5G_Traffic_Datasets/CG_Xbox/xbox_fortnite_2Players_ex39.csv,test,0,0.000231,True,1,2,0,11,5,49,0.057429,"[66, 66, 54, 56, 105, 60, 60, 273, 54, 60, 54]","[0.0, 0.000231, 0.303638, 7.6e-05, 3.7e-05, 0.000184, 4e-05, 0.062221, 0.201931, 0.000357, 0.023889]","[1, -1, 1, 1, 1, -1, -1, -1, 1, -1, 1]"
cloud_gaming,CG_Xbox,/indian-slp/Users/ug/ZEPA/Kritik/net_data/5G_Traffic_Datasets/CG_Xbox/xbox_fortnite_2Players_ex39.csv,test,0,0.000338,True,1,0,0,11,5,49,0.057429,"[66, 66, 66, 66, 66, 66, 66]","[0.0, 0.000338, 0.990837, 2.000032, 3.999873, 7.99987, 15.999729]","[1, -1, -1, -1, -1, -1, -1]"
cloud_gaming,CG_Xbox,/indian-slp/Users/ug/ZEPA/Kritik/net_data/5G_Traffic_Datasets/CG_Xbox/xbox_fortnite_2Players_ex39.csv,test,0,0.000187,True,1,2,0,11,5,49,0.057429,"[66, 66, 54, 54, 60, 54]","[0.0, 0.000187, 0.076741, 0.000496, 0.000368, 0.022855]","[1, -1, 1, 1, -1, 1]"
cloud_gaming,CG_Xbox,/indian-slp/Users/ug/ZEPA/Kritik/net_data/5G_Traffic_Datasets/CG_Xbox/xbox_fortnite_2Players_ex39.csv,test,0,0.000207,True,1,0,0,11,5,49,0.057429,"[66, 66, 66, 66, 66, 66, 66]","[0.0, 0.000207, 0.999418, 1.999982, 3.999873, 7.999871, 15.999773]","[1, -1, -1, -1, -1, -1, -1]"
cloud_gaming,CG_Xbox,/indian-slp/Users/ug/ZEPA/Kritik/net_data/5G_Traffic_Datasets/CG_Xbox/xbox_fortnite_2Players_ex39.csv,test,2,0.063639,True,0,0,0,5,1,7,0.047617,"[1292, 143, 1292, 1292, 690, 87, 141, 93, 1288, 1288, 1292, 739, 182, 87, 87, 91, 95]","[0.0, 0.004464, 0.059175, 0.024041, 0.0, 0.0, 0.005621, 0.007909, 0.000938, 0.000649, 0.000409, 0.000504, 0.013895, 0.021033, 0.011012, 0.0, 0.003097]","[1, 1, -1, -1, -1, -1, 1, 1, 1, 1, 1, 1, -1, -1, -1, -1, 1]"
cloud_gaming,CG_Xbox,/indian-slp/Users/ug/ZEPA/Kritik/net_data/5G_Traffic_Datasets/CG_Xbox/xbox_fortnite_2Players_ex39.csv,test,0,0.156781,True,0,0,0,7,3,7,0.041934,"[55, 66, 1478, 527, 60, 499, 54]","[0.0, 0.156781, 14.568038, 0.000498, 0.159443, 0.077819, 0.05156]","[1, -1, 1, 1, -1, -1, 1]"
cloud_gaming,CG_Xbox,/indian-slp/Users/ug/ZEPA/Kritik/net_data/5G_Traffic_Datasets/CG_Xbox/xbox_fortnite_2Players_ex39.csv,test,0,0.0,False,5,0,0,11,5,49,0.057429,"[66, 66, 66, 66, 66]","[0.0, 1.027392, 1.969543, 4.002907, 8.000329]","[1, 1, 1, 1, 1]"
cloud_gaming,CG_Xbox,/indian-slp/Users/ug/ZEPA/Kritik/net_data/5G_Traffic_Datasets/CG_Xbox/xbox_fortnite_2Players_ex39.csv,test,0,0.0,False,0,0,0,7,3,7,0.041934,"[347, 93, 1478, 1478, 1478, 1478, 1478, 1478, 1478, 1478, 1478, 1478, 1478, 796, 1478, 1478, 1478, 1478, 1478, 1478, 1478, 1478, 1478, 1478, 1478, 796, 1478, 1478, 1478, 1478, 1478, 1478, 1478, 1478, 1478, 1478, 1478, 796, 1478, 1478, 1478, 1478, 1478, 1478, 1478, 1478, 1478, 1478, 1478, 796, 1478, 1478, 1478, 1478, 1478, 1478, 1478, 1478, 1478, 1478, 1478, 796, 1478, 1478]","[0.0, 0.000335, 0.000488, 0.000507, 0.000515, 0.000492, 0.000497, 0.00048, 0.000515, 0.0005, 0.000499, 0.000503, 0.000495, 0.000508, 0.000665, 0.000339, 0.000497, 0.000508, 0.015306, 0.00332, 0.000274, 0.000524, 0.000555, 0.000441, 0.000488, 0.000515, 0.000468, 0.001107, 4.7e-05, 0.00041, 0.00058, 0.000376, 0.000505, 0.000977, 7.2e-05, 0.000494, 0.00053, 0.000467, 0.000446, 0.000561, 0.003003, 0.00046, 0.000527, 0.000499, 0.000504, 0.000505, 0.000491, 0.000499, 0.000499, 0.000499, 0.000606, 0.000373, 0.000518, 0.000526, 0.000488, 0.012348, 0.005888, 0.025205, 0.004188, 0.000308, 0.0005, 0.000495, 0.000564, 0.000922]","[1, 1, 1, 1, 1, 1, 1, 1, 1, 1, 1, 1, 1, 1, 1, 1, 1, 1, 1, 1, 1, 1, 1, 1, 1, 1, 1, 1, 1, 1, 1, 1, 1, 1, 1, 1, 1, 1, 1, 1, 1, 1, 1, 1, 1, 1, 1, 1, 1, 1, 1, 1, 1, 1, 1, 1, 1, 1, 1, 1, 1, 1, 1, 1]"
cloud_gaming,CG_Xbox,/indian-slp/Users/ug/ZEPA/Kritik/net_data/5G_Traffic_Datasets/CG_Xbox/xbox_fortnite_2Players_ex39.csv,test,0,0.000369,True,1,2,0,11,5,49,0.057429,"[66, 66, 54, 56, 60, 89, 60, 175, 54, 60, 54]","[0.0, 0.000369, 0.005479, 0.000534, 0.000264, 0.000227, 0.000228, 0.049678, 0.007742, 0.000232, 0.002802]","[1, -1, 1, 1, -1, 1, -1, -1, 1, -1, 1]"
cloud_gaming,CG_Xbox,/indian-slp/Users/ug/ZEPA/Kritik/net_data/5G_Traffic_Datasets/CG_Xbox/xbox_fortnite_2Players_ex39.csv,test,0,0.000188,True,1,2,0,11,5,49,0.057429,"[66, 66, 54, 56, 60, 89, 60, 139, 54, 60, 54]","[0.0, 0.000188, 0.006699, 0.000459, 0.000214, 0.000314, 0.000167, 0.048268, 0.00697, 0.000316, 0.002936]","[1, -1, 1, 1, -1, 1, -1, -1, 1, -1, 1]"
cloud_gaming,CG_Xbox,/indian-slp/Users/ug/ZEPA/Kritik/net_data/5G_Traffic_Datasets/CG_Xbox/xbox_fortnite_2Players_ex39.csv,test,0,0.000182,True,1,2,0,11,5,49,0.057429,"[66, 66, 54, 56, 60, 89, 60, 229, 54, 60, 54]","[0.0, 0.000182, 0.00766, 0.000493, 0.000204, 0.003484, 0.000156, 0.049272, 0.004058, 0.000294, 0.003775]","[1, -1, 1, 1, -1, 1, -1, -1, 1, -1, 1]"
cloud_gaming,CG_Xbox,/indian-slp/Users/ug/ZEPA/Kritik/net_data/5G_Traffic_Datasets/CG_Xbox/xbox_fortnite_2Players_ex39.csv,test,0,0.139235,True,1,0,0,5,1,6,1.444892,"[86, 86, 74, 882, 361, 74, 138, 166, 512, 105, 586, 74, 105, 74, 247, 74, 74]","[0.0, 0.139235, 0.009828, 0.000836, 0.144859, 0.0, 0.010211, 0.001477, 0.003139, 0.133195, 0.0, 0.005327, 0.000689, 0.047915, 0.006128, 0.052604, 0.031375]","[1, -1, 1, 1, -1, -1, 1, 1, 1, -1, -1, 1, 1, -1, -1, 1, -1]"
cloud_gaming,CG_Xbox,/indian-slp/Users/ug/ZEPA/Kritik/net_data/5G_Traffic_Datasets/CG_Xbox/xbox_forzahorizon5_1Player_ex37.csv,pretrain,0,0.019826,True,1,0,0,15,4,21,0.06996,"[66, 66, 54, 267, 60, 1478, 1776, 1478, 54, 54]","[0.0, 0.019826, 0.015095, 0.010247, 0.02013, 0.005804, 0.000143, 0.0, 0.018915, 0.000535]","[1, -1, 1, 1, -1, -1, -1, -1, 1, 1]"
cloud_gaming,CG_Xbox,/indian-slp/Users/ug/ZEPA/Kritik/net_data/5G_Traffic_Datasets/CG_Xbox/xbox_forzahorizon5_1Player_ex37.csv,pretrain,0,0.150515,True,1,0,0,15,4,21,0.06996,"[66, 66, 54, 264, 6260, 54, 54, 212, 141, 1478, 83, 105, 123, 60, 54, 54, 92, 519, 92, 54, 54, 54, 92, 60]","[0.0, 0.150515, 0.014134, 0.08473, 0.153316, 0.03576, 0.000542, 5.343833, 0.007227, 0.050644, 0.000496, 0.100913, 0.0, 0.042048, 0.017399, 0.000498, 4.2e-05, 0.006478, 0.012563, 0.039638, 0.000996, 0.0005, 0.659103, 0.198247]","[1, -1, 1, 1, -1, 1, 1, 1, 1, 1, 1, -1, -1, -1, 1, 1, -1, -1, -1, 1, 1, 1, 1, -1]"
cloud_gaming,CG_Xbox,/indian-slp/Users/ug/ZEPA/Kritik/net_data/5G_Traffic_Datasets/CG_Xbox/xbox_forzahorizon5_1Player_ex37.csv,pretrain,0,0.161846,True,1,0,0,15,4,21,0.06996,"[66, 66, 54, 866, 2902, 60, 1438, 54, 147, 153, 1471, 280, 134, 110, 54, 92, 392, 92, 54, 60]","[0.0, 0.161846, 0.01877, 0.002484, 0.169233, 0.0, 0.000127, 0.016238, 0.004493, 0.000873, 0.000527, 0.157065, 0.006007, 0.0, 0.005149, 0.000702, 0.006692, 0.000122, 0.014324, 0.18134]","[1, -1, 1, 1, -1, -1, -1, 1, 1, 1, 1, -1, -1, -1, 1, 1, -1, -1, 1, -1]"
cloud_gaming,CG_Xbox,/indian-slp/Users/ug/ZEPA/Kritik/net_data/5G_Traffic_Datasets/CG_Xbox/xbox_forzahorizon5_1Player_ex37.csv,pretrain,0,0.206564,True,1,0,0,15,4,21,0.06996,"[66, 66, 54, 734, 153, 800, 60, 1478, 4960, 54, 128, 146, 820, 1478, 1478, 1478, 1478, 1478, 1478, 1478, 1478, 1478, 1478, 116, 157, 54, 60, 60, 60, 60, 60, 85, 60, 60, 60, 60, 60, 1478, 988, 1478, 1478, 1478, 1478, 1478, 1478, 1478, 1478, 1478, 1478, 1478, 1478, 1478, 1478, 1478, 1478, 1478, 60, 60, 60, 1478, 60, 1478, 1478, 1478]","[0.0, 0.206564, 0.004868, 0.002616, 0.206434, 0.010134, 0.25768, 0.013589, 5e-05, 0.006141, 0.025072, 0.016326, 0.000996, 0.002711, 0.000472, 0.000533, 0.000495, 0.000496, 0.000498, 0.000501, 0.000659, 0.000387, 0.000494, 0.188599, 0.0, 0.003638, 0.026389, 0.0, 0.0, 0.0, 0.0, 0.0, 0.0, 0.0, 0.000107, 0.0, 0.0, 0.003151, 0.001424, 0.000974, 0.003152, 0.00046, 0.000509, 0.0005, 0.000493, 0.000494, 0.000499, 0.000502, 0.000499, 0.0005, 0.000498, 0.000535, 0.000518, 0.000491, 0.000488, 0.000433, 0.200061, 0.009223, 0.0, 0.006725, 0.0037, 0.000852, 0.000482, 0.000485]","[1, -1, 1, 1, -1, 1, -1, -1, -1, 1, 1, 1, 1, 1, 1, 1, 1, 1, 1, 1, 1, 1, 1, -1, -1, 1, -1, -1, -1, -1, -1, -1, -1, -1, -1, -1, -1, 1, 1, 1, 1, 1, 1, 1, 1, 1, 1, 1, 1, 1, 1, 1, 1, 1, 1, 1, -1, -1, -1, 1, -1, 1, 1, 1]"
cloud_gaming,CG_Xbox,/indian-slp/Users/ug/ZEPA/Kritik/net_data/5G_Traffic_Datasets/CG_Xbox/xbox_forzahorizon5_1Player_ex37.csv,pretrain,0,0.160033,True,0,0,0,15,4,21,0.06996,"[55, 66, 191, 100, 60, 60, 100, 92, 214, 54, 96, 60]","[0.0, 0.160033, 14.039225, 0.000512, 0.161591, 0.0, 0.0, 0.005992, 0.0, 0.003811, 0.00104, 0.194718]","[1, -1, 1, 1, -1, -1, -1, -1, -1, 1, 1, -1]"
cloud_gaming,CG_Xbox,/indian-slp/Users/ug/ZEPA/Kritik/net_data/5G_Traffic_Datasets/CG_Xbox/xbox_forzahorizon5_1Player_ex37.csv,pretrain,0,0.218328,True,0,0,0,15,4,21,0.06996,"[346, 93, 1478, 1478, 1478, 1478, 1478, 1478, 1478, 1478, 1478, 1478, 1478, 796, 1478, 1478, 1478, 1478, 1478, 1478, 1478, 1478, 1478, 1478, 1478, 796, 1478, 1478, 1478, 1478, 1478, 1478, 1478, 1478, 1478, 1478, 1478, 796, 1478, 1478, 1478, 1478, 1478, 1478, 1478, 1478, 1478, 1478, 1478, 796, 1478, 1478, 1478, 1478, 60, 60, 60, 60, 60, 60, 60, 93, 1478, 1478]","[0.0, 0.000485, 0.000497, 0.003259, 0.000438, 0.000554, 0.000542, 0.000507, 0.000471, 0.000484, 0.00052, 0.000481, 0.000504, 0.000526, 0.00047, 0.000498, 0.000447, 0.000554, 0.000613, 0.000365, 0.00054, 0.000482, 0.000452, 0.000538, 0.000509, 0.000459, 0.000536, 0.000505, 0.000499, 0.000499, 0.0005, 0.000495, 0.000498, 0.000506, 0.000496, 0.000499, 0.000501, 0.000498, 0.000501, 0.000501, 0.000509, 0.000518, 0.000506, 0.000492, 0.000476, 0.000498, 0.000502, 0.000498, 0.0005, 0.000503, 0.000496, 0.0005, 0.000711, 0.000338, 0.189052, 0.0, 0.0, 0.0, 0.0, 1e-06, 7.8e-05, 0.005923, 0.004361, 0.000493]","[1, 1, 1, 1, 1, 1, 1, 1, 1, 1, 1, 1, 1, 1, 1, 1, 1, 1, 1, 1, 1, 1, 1, 1, 1, 1, 1, 1, 1, 1, 1, 1, 1, 1, 1, 1, 1, 1, 1, 1, 1, 1, 1, 1, 1, 1, 1, 1, 1, 1, 1, 1, 1, 1, -1, -1, -1, -1, -1, -1, -1, -1, 1, 1]"
cloud_gaming,CG_Xbox,/indian-slp/Users/ug/ZEPA/Kritik/net_data/5G_Traffic_Datasets/CG_Xbox/xbox_forzahorizon5_1Player_ex37.csv,pretrain,0,0.157174,True,0,0,0,15,4,21,0.06996,"[55, 66, 190, 100, 60, 60, 100, 214, 92, 54, 96, 60]","[0.0, 0.157174, 14.457156, 0.000493, 0.161867, 1e-06, 0.0, 0.011712, 0.0, 0.035108, 0.000546, 0.208334]","[1, -1, 1, 1, -1, -1, -1, -1, -1, 1, 1, -1]"
cloud_gaming,CG_Xbox,/indian-slp/Users/ug/ZEPA/Kritik/net_data/5G_Traffic_Datasets/CG_Xbox/xbox_forzahorizon5_1Player_ex37.csv,pretrain,0,0.080009,True,1,0,0,9,2,20,0.213992,"[86, 86, 74, 615, 74, 1294, 1294, 1990, 2514, 74, 74, 74, 138, 283, 74, 609, 162, 74, 108, 74]","[0.0, 0.080009, 0.018386, 0.003395, 0.083996, 0.006015, 7.8e-05, 0.0, 0.0, 0.003933, 0.006082, 0.001022, 0.00264, 0.00419, 0.084028, 0.130012, 0.011976, 0.00176, 0.004799, 0.065952]","[1, -1, 1, 1, -1, -1, -1, -1, -1, 1, 1, 1, 1, 1, -1, -1, -1, 1, -1, 1]"
cloud_gaming,CG_Xbox,/indian-slp/Users/ug/ZEPA/Kritik/net_data/5G_Traffic_Datasets/CG_Xbox/xbox_forzahorizon5_1Player_ex37.csv,pretrain,0,0.0,False,0,0,0,15,4,21,0.06996,"[345, 93, 1478, 1478, 1478, 1478, 1478, 1478, 1478, 1478, 1478, 1478, 1478, 796, 1478, 1478, 1478, 1478, 1478, 1478, 1478, 1478, 1478, 1478, 1478, 796, 1478, 1478, 1478, 1478, 1478, 1478, 1478, 1478, 1478, 1478, 1478, 796, 1478, 1478, 1478, 1478, 1478, 1478, 1478, 1478, 1478, 1478, 1478, 796, 1478, 1478, 1478, 1478, 1478, 1478, 1478, 1478, 1478, 1478, 1478, 796, 1478, 1478]","[0.0, 0.000539, 0.000501, 0.003948, 0.000511, 0.000508, 0.000435, 0.000683, 0.002446, 0.000107, 8.2e-05, 7.9e-05, 7.7e-05, 0.000107, 0.001068, 0.004879, 0.000129, 0.000698, 0.000498, 0.000551, 0.000449, 0.000513, 0.000492, 0.000555, 0.000405, 0.000512, 0.000499, 0.000531, 0.000495, 0.000481, 0.000454, 0.000551, 0.000504, 0.000496, 0.000478, 0.00052, 0.000505, 0.000484, 0.000514, 0.000481, 0.000513, 0.000492, 0.000553, 0.000475, 0.000479, 0.000507, 0.000598, 0.000413, 0.000482, 0.000491, 0.000504, 0.000505, 0.000508, 0.000493, 0.000494, 0.000551, 0.000478, 0.000473, 0.000499, 0.000514, 0.000482, 0.001078, 0.000896, 9.4e-05]","[1, 1, 1, 1, 1, 1, 1, 1, 1, 1, 1, 1, 1, 1, 1, 1, 1, 1, 1, 1, 1, 1, 1, 1, 1, 1, 1, 1, 1, 1, 1, 1, 1, 1, 1, 1, 1, 1, 1, 1, 1, 1, 1, 1, 1, 1, 1, 1, 1, 1, 1, 1, 1, 1, 1, 1, 1, 1, 1, 1, 1, 1, 1, 1]"
cloud_gaming,CG_Xbox,/indian-slp/Users/ug/ZEPA/Kritik/net_data/5G_Traffic_Datasets/CG_Xbox/xbox_forzahorizon5_1Player_ex37.csv,pretrain,0,0.157607,True,0,0,0,15,4,21,0.06996,"[55, 66, 190, 100, 60, 100, 60, 214, 92, 54, 96, 60]","[0.0, 0.157607, 14.416896, 0.000497, 0.15824, 0.0, 0.0, 0.011672, 0.0, 0.006048, 0.000997, 0.200914]","[1, -1, 1, 1, -1, -1, -1, -1, -1, 1, 1, -1]"
cloud_gaming,CG_Xbox,/indian-slp/Users/ug/ZEPA/Kritik/net_data/5G_Traffic_Datasets/CG_Xbox/xbox_forzahorizon5_1Player_ex37.csv,pretrain,0,0.0,False,0,0,0,15,4,21,0.06996,"[346, 93, 1478, 1478, 1478, 1478, 1478, 1478, 1478, 1478, 1478, 1478, 1478, 796, 1478, 1478, 1478, 1478, 1478, 1478, 1478, 1478, 1478, 1478, 1478, 796, 1478, 1478, 1478, 1478, 1478, 1478, 1478, 1478, 1478, 1478, 1478, 796, 1478, 1478, 1478, 1478, 1478, 1478, 1478, 1478, 1478, 1478, 1478, 796, 1478, 1478, 1478, 1478, 1478, 1478, 1478, 1478, 1478, 1478, 1478, 796, 1478, 1478]","[0.0, 0.000491, 0.0005, 0.005148, 0.000516, 0.000512, 0.000495, 0.000512, 0.000499, 0.000556, 0.000443, 0.000518, 0.000497, 0.000483, 0.000508, 0.00049, 0.000495, 0.000525, 0.000452, 0.000512, 0.000495, 0.000521, 0.000534, 0.000466, 0.000499, 0.000551, 0.000458, 0.000496, 0.000492, 0.000497, 0.000499, 0.000502, 0.000498, 0.000529, 0.000484, 0.000489, 0.000499, 0.000499, 0.000503, 0.000501, 0.000496, 0.000502, 0.000499, 0.000498, 0.0005, 0.000512, 0.000492, 0.000496, 0.000499, 0.000501, 0.000506, 0.000495, 0.000502, 0.000497, 0.0005, 0.0005, 0.000502, 0.00061, 0.000441, 0.000503, 0.000507, 0.000509, 0.00046, 0.000518]","[1, 1, 1, 1, 1, 1, 1, 1, 1, 1, 1, 1, 1, 1, 1, 1, 1, 1, 1, 1, 1, 1, 1, 1, 1, 1, 1, 1, 1, 1, 1, 1, 1, 1, 1, 1, 1, 1, 1, 1, 1, 1, 1, 1, 1, 1, 1, 1, 1, 1, 1, 1, 1, 1, 1, 1, 1, 1, 1, 1, 1, 1, 1, 1]"
cloud_gaming,CG_Xbox,/indian-slp/Users/ug/ZEPA/Kritik/net_data/5G_Traffic_Datasets/CG_Xbox/xbox_forzahorizon5_1Player_ex37.csv,pretrain,0,0.024493,True,1,0,0,9,2,20,0.213992,"[86, 86, 74, 609, 74, 1294, 2514, 1294, 2163, 74, 74, 74, 148, 74, 1032, 74]","[0.0, 0.024493, 0.019504, 0.006499, 0.025823, 0.056017, 6.5e-05, 0.0, 0.0, 0.014417, 0.000612, 0.000785, 0.002572, 0.02311, 0.004422, 0.059753]","[1, -1, 1, 1, -1, -1, -1, -1, -1, 1, 1, 1, 1, -1, -1, 1]"
cloud_gaming,CG_Xbox,/indian-slp/Users/ug/ZEPA/Kritik/net_data/5G_Traffic_Datasets/CG_Xbox/xbox_forzahorizon5_1Player_ex37.csv,pretrain,0,0.025893,True,1,0,0,9,2,20,0.213992,"[86, 86, 74, 673, 74, 1294, 1294, 2514, 1999, 74, 74, 74, 138, 688, 74, 74]","[0.0, 0.025893, 0.014079, 0.007003, 0.030925, 0.065941, 6.2e-05, 0.0, 1e-06, 0.003957, 0.000563, 0.005683, 0.000489, 0.031229, 0.0, 0.068241]","[1, -1, 1, 1, -1, -1, -1, -1, -1, 1, 1, 1, 1, -1, -1, 1]"
cloud_gaming,CG_Xbox,/indian-slp/Users/ug/ZEPA/Kritik/net_data/5G_Traffic_Datasets/CG_Xbox/xbox_forzahorizon5_1Player_ex37.csv,pretrain,0,0.025913,True,1,0,0,9,2,20,0.213992,"[86, 86, 74, 687, 74, 1294, 2514, 1294, 1294, 1294, 311, 2514, 74, 74, 74, 74, 148, 74, 1060, 74]","[0.0, 0.025913, 0.0157, 0.003659, 0.028011, 0.062056, 5.3e-05, 0.0, 0.0, 0.000102, 0.0, 0.0, 0.020965, 0.000414, 0.001075, 0.000468, 0.008823, 0.030056, 0.0, 0.065566]","[1, -1, 1, 1, -1, -1, -1, -1, -1, -1, -1, -1, 1, 1, 1, 1, 1, -1, -1, 1]"
cloud_gaming,CG_Xbox,/indian-slp/Users/ug/ZEPA/Kritik/net_data/5G_Traffic_Datasets/CG_Xbox/xbox_forzahorizon5_1Player_ex37.csv,pretrain,0,0.025954,True,1,0,0,9,2,20,0.213992,"[86, 86, 74, 591, 74, 2514, 2514, 2514, 2514, 310, 74, 74, 74, 74, 148, 74, 1060, 74]","[0.0, 0.025954, 0.025566, 0.003003, 0.032719, 0.054393, 0.0, 0.0, 0.000105, 0.0, 0.019719, 0.00141, 0.000947, 0.000539, 0.003427, 0.027423, 2.5e-05, 0.052253]","[1, -1, 1, 1, -1, -1, -1, -1, -1, -1, 1, 1, 1, 1, 1, -1, -1, 1]"
cloud_gaming,CG_Xbox,/indian-slp/Users/ug/ZEPA/Kritik/net_data/5G_Traffic_Datasets/CG_Xbox/xbox_forzahorizon5_1Player_ex37.csv,pretrain,0,0.0,False,0,0,0,15,4,21,0.06996,"[346, 93, 1478, 1478, 1478, 1478, 1478, 1478, 1478, 1478, 1478, 1478, 1478, 796, 1478, 1478, 1478, 1478, 1478, 1478, 1478, 1478, 1478, 1478, 1478, 796, 1478, 1478, 1478, 1478, 1478, 1478, 1478, 1478, 1478, 1478, 1478, 796, 1478, 1478, 1478, 1478, 1478, 1478, 1478, 1478, 1478, 1478, 1478, 796, 1478, 1478, 1478, 1478, 1478, 1478, 1478, 1478, 1478, 1478, 1478, 796, 1478, 1478]","[0.0, 0.002294, 0.004095, 0.000517, 0.000501, 0.000505, 0.000512, 0.000441, 0.000507, 0.000509, 0.000563, 0.000588, 0.00045, 0.000597, 0.000459, 0.00186, 0.000104, 6.7e-05, 0.000485, 8.2e-05, 0.000532, 0.000621, 0.000433, 0.000209, 0.000621, 0.000491, 0.000605, 0.000505, 0.00039, 0.000509, 0.000627, 0.000599, 0.000473, 0.000514, 0.000458, 0.000538, 0.000417, 0.000498, 0.000392, 0.000604, 0.000531, 0.00052, 0.00048, 0.0005, 0.000474, 0.000509, 0.000501, 0.000487, 0.000496, 0.000505, 0.000498, 0.000494, 0.000495, 0.00045, 0.000501, 0.000498, 0.000502, 0.000489, 0.000509, 0.000499, 0.000502, 0.000498, 0.000502, 0.0005]","[1, 1, 1, 1, 1, 1, 1, 1, 1, 1, 1, 1, 1, 1, 1, 1, 1, 1, 1, 1, 1, 1, 1, 1, 1, 1, 1, 1, 1, 1, 1, 1, 1, 1, 1, 1, 1, 1, 1, 1, 1, 1, 1, 1, 1, 1, 1, 1, 1, 1, 1, 1, 1, 1, 1, 1, 1, 1, 1, 1, 1, 1, 1, 1]"
cloud_gaming,CG_Xbox,/indian-slp/Users/ug/ZEPA/Kritik/net_data/5G_Traffic_Datasets/CG_Xbox/xbox_forzahorizon5_1Player_ex37.csv,pretrain,0,0.155376,True,0,0,0,15,4,21,0.06996,"[55, 66, 190, 100, 60, 60, 100, 92, 214, 54, 96, 60]","[0.0, 0.155376, 14.429149, 0.000662, 0.166848, 0.0, 0.0, 0.005979, 0.0, 0.008649, 0.009874, 0.209053]","[1, -1, 1, 1, -1, -1, -1, -1, -1, 1, 1, -1]"
cloud_gaming,CG_Xbox,/indian-slp/Users/ug/ZEPA/Kritik/net_data/5G_Traffic_Datasets/CG_Xbox/xbox_forzahorizon5_1Player_ex37.csv,pretrain,0,0.0,False,0,0,0,15,4,21,0.06996,"[345, 93, 1478, 1478, 1478, 1478, 1478, 1478, 1478, 1478, 1478, 1478, 1478, 796, 1478, 1478, 1478, 1478, 1478, 1478, 1478, 1478, 1478, 1478, 1478, 796, 1478, 1478, 1478, 1478, 1478, 1478, 1478, 1478, 1478, 1478, 1478, 796, 1478, 1478, 1478, 1478, 1478, 1478, 1478, 1478, 1478, 1478, 1478, 796, 1478, 1478, 1478, 1478, 1478, 1478, 1478, 1478, 1478, 1478, 1478, 796, 1478, 1478]","[0.0, 0.000516, 0.0038, 0.004517, 0.000424, 0.000492, 0.000629, 0.000441, 0.000546, 0.00044, 0.00049, 0.000502, 0.000496, 0.000581, 0.000421, 0.000498, 0.001223, 5.8e-05, 0.000202, 0.000522, 0.00053, 0.000487, 0.000563, 0.00043, 0.000745, 0.000272, 0.000496, 0.000572, 0.000572, 0.000339, 0.000508, 0.001263, 6.4e-05, 0.000174, 0.000487, 0.00199, 9.7e-05, 6.4e-05, 4.9e-05, 0.000938, 9.3e-05, 0.000319, 0.000478, 0.000522, 0.00044, 0.0005, 0.000461, 0.000553, 0.000495, 0.000489, 0.000647, 0.000354, 0.000495, 0.000501, 0.000503, 0.000496, 0.000499, 0.0005, 0.0005, 0.000502, 0.000499, 0.0005, 0.000496, 0.000505]","[1, 1, 1, 1, 1, 1, 1, 1, 1, 1, 1, 1, 1, 1, 1, 1, 1, 1, 1, 1, 1, 1, 1, 1, 1, 1, 1, 1, 1, 1, 1, 1, 1, 1, 1, 1, 1, 1, 1, 1, 1, 1, 1, 1, 1, 1, 1, 1, 1, 1, 1, 1, 1, 1, 1, 1, 1, 1, 1, 1, 1, 1, 1, 1]"
cloud_gaming,CG_Xbox,/indian-slp/Users/ug/ZEPA/Kritik/net_data/5G_Traffic_Datasets/CG_Xbox/xbox_forzahorizon5_1Player_ex37.csv,pretrain,1,0.005444,True,0,0,0,15,4,21,0.06996,"[132, 392, 1228, 1228, 1227, 1227, 1228, 1228, 1228, 1228, 1228, 1228, 1228, 1228, 1228, 1228, 1228, 1228, 1228, 1228, 1228, 1228, 1228, 1228, 1228, 1228, 1228, 1228, 386, 112, 1234, 1234, 1234, 1234, 1234, 1234, 1234, 1234, 1234, 1234, 1234, 1234, 389, 1234, 1234, 1234, 1234, 1234, 1234, 1234, 1234, 1235, 1235, 1235, 1235, 1235, 1235, 120, 72, 385, 1248, 1248, 1248, 1248]","[0.0, 0.005444, 7.2e-05, 0.0, 0.0, 0.0, 0.0, 0.0, 9.7e-05, 0.0, 0.0, 0.0, 0.0, 0.0, 0.004688, 7.1e-05, 0.0, 0.0, 0.0, 0.0, 0.0, 0.005926, 6.1e-05, 0.0, 0.0, 0.0, 0.0, 0.0, 0.005927, 0.00599, 0.00606, 8.9e-05, 0.0, 0.0, 0.0, 0.0, 0.0, 0.0, 0.0, 8.5e-05, 9.2e-05, 0.0, 0.005711, 5.3e-05, 0.0, 1e-06, 0.0, 0.0, 9.1e-05, 0.0, 0.0, 1e-06, 0.0, 0.0, 0.0, 0.0, 0.000107, 0.011245, 0.002875, 0.011268, 0.0044, 6.7e-05, 0.0, 0.0]","[1, -1, -1, -1, -1, -1, -1, -1, -1, -1, -1, -1, -1, -1, -1, -1, -1, -1, -1, -1, -1, -1, -1, -1, -1, -1, -1, -1, -1, -1, -1, -1, -1, -1, -1, -1, -1, -1, -1, -1, -1, -1, -1, -1, -1, -1, -1, -1, -1, -1, -1, -1, -1, -1, -1, -1, -1, 1, 1, -1, -1, -1, -1, -1]"
cloud_gaming,CG_Xbox,/indian-slp/Users/ug/ZEPA/Kritik/net_data/5G_Traffic_Datasets/CG_Xbox/xbox_forzahorizon5_1Player_ex37.csv,pretrain,0,0.0,False,0,0,0,1,1,1,0.030101,"[98, 98, 98, 98, 98, 98, 98, 98, 98, 98, 98, 98, 98, 98, 98, 98, 98, 98, 98, 98, 98, 98, 98, 98, 98, 98, 98, 98, 98, 98, 98, 98, 98, 98, 98, 98, 98, 98, 98, 98, 98, 98, 98, 98, 98, 98, 98, 98, 98, 98, 98, 98, 98, 98, 98, 98, 98, 98, 98, 98, 98, 98, 98, 98]","[0.0, 0.506787, 0.513312, 0.510784, 0.512023, 0.516012, 0.513318, 0.511451, 0.51356, 0.511088, 0.511906, 0.511931, 0.51239, 0.511694, 0.511933, 0.512103, 0.511821, 0.51198, 0.511987, 0.512139, 0.511877, 0.512173, 0.511893, 0.512149, 0.511792, 0.512475, 0.512105, 0.512283, 0.546112, 0.511137, 0.509967, 0.513564, 0.511594, 0.512279, 0.512041, 0.511537, 0.515235, 0.508934, 0.51276, 0.512035, 0.511859, 0.513429, 0.510608, 0.512253, 0.513708, 0.509992, 0.511595, 0.512694, 0.51135, 0.512985, 0.512356, 0.5115, 0.512184, 0.713944, 0.535338, 0.512687, 0.498961, 0.716304, 0.700439, 0.514212, 0.508501, 0.664075, 0.628433, 0.569629]","[1, 1, 1, 1, 1, 1, 1, 1, 1, 1, 1, 1, 1, 1, 1, 1, 1, 1, 1, 1, 1, 1, 1, 1, 1, 1, 1, 1, 1, 1, 1, 1, 1, 1, 1, 1, 1, 1, 1, 1, 1, 1, 1, 1, 1, 1, 1, 1, 1, 1, 1, 1, 1, 1, 1, 1, 1, 1, 1, 1, 1, 1, 1, 1]"
cloud_gaming,CG_Xbox,/indian-slp/Users/ug/ZEPA/Kritik/net_data/5G_Traffic_Datasets/CG_Xbox/xbox_forzahorizon5_1Player_ex37.csv,pretrain,0,0.0,False,0,0,0,15,4,21,0.06996,"[78, 54, 78, 54, 78, 54, 78, 54, 78, 54, 78, 54, 78, 54, 78, 54, 78, 54, 78, 54, 78, 54, 78, 54, 78, 54, 78, 54, 78, 54, 78, 54, 78, 54, 78, 54, 78, 54, 78, 54, 78, 54, 78, 54, 78, 54, 78, 54, 78, 54, 78, 54, 78, 54, 78, 54, 78, 54, 78, 54, 78, 78, 54, 78]","[0.0, 0.065475, 9.937225, 0.061187, 9.937331, 0.192853, 9.808785, 0.086477, 9.917719, 0.101598, 9.907406, 0.180614, 9.839027, 0.0731, 9.924658, 0.076228, 9.937246, 0.249814, 9.747748, 0.173791, 9.831764, 0.227823, 13.393738, 0.227917, 9.801569, 0.074577, 9.995085, 0.047809, 9.963656, 0.054294, 9.957252, 0.049507, 10.032108, 0.057992, 9.969566, 0.05664, 9.94087, 0.057406, 9.956636, 0.056919, 9.946217, 0.07246, 9.933051, 0.054949, 9.946561, 0.046636, 9.966965, 0.052529, 9.946992, 0.060271, 9.957845, 0.076916, 9.928046, 0.053628, 9.963874, 0.042477, 9.967179, 0.068491, 9.935041, 0.044638, 9.969569, 0.805232, 0.051866, 9.157646]","[-1, 1, -1, 1, -1, 1, -1, 1, -1, 1, -1, 1, -1, 1, -1, 1, -1, 1, -1, 1, -1, 1, -1, 1, -1, 1, -1, 1, -1, 1, -1, 1, -1, 1, -1, 1, -1, 1, -1, 1, -1, 1, -1, 1, -1, 1, -1, 1, -1, 1, -1, 1, -1, 1, -1, 1, -1, 1, -1, 1, -1, -1, 1, -1]"
cloud_gaming,CG_Xbox,/indian-slp/Users/ug/ZEPA/Kritik/net_data/5G_Traffic_Datasets/CG_Xbox/xbox_forzahorizon5_1Player_ex37.csv,pretrain,0,0.199155,True,1,2,0,15,4,21,0.06996,"[66, 66, 54, 670, 153, 736, 6383, 54, 54, 128, 146, 848, 1478, 1478, 1478, 1478, 1478, 1478, 1478, 1478, 1478, 1478, 116, 157, 60, 85, 60, 60, 60, 54, 1478, 1478, 1478, 1478, 984, 60, 365, 54, 54, 60, 54]","[0.0, 0.199155, 0.007472, 0.002608, 0.205577, 0.01028, 0.209873, 0.006753, 0.007679, 0.011724, 0.000514, 0.000456, 0.000576, 0.001267, 0.000454, 0.000608, 0.000499, 0.000496, 0.000466, 0.000498, 0.000498, 0.000504, 0.187897, 0.0, 0.010948, 7.5e-05, 0.0, 0.005905, 0.0, 0.007591, 0.008021, 0.003985, 0.000697, 0.00035, 0.000558, 0.2088, 1e-06, 0.079299, 5.966586, 0.198199, 0.027254]","[1, -1, 1, 1, -1, 1, -1, 1, 1, 1, 1, 1, 1, 1, 1, 1, 1, 1, 1, 1, 1, 1, -1, -1, -1, -1, -1, -1, -1, 1, 1, 1, 1, 1, 1, -1, -1, 1, 1, -1, 1]"
cloud_gaming,CG_Xbox,/indian-slp/Users/ug/ZEPA/Kritik/net_data/5G_Traffic_Datasets/CG_Xbox/xbox_forzahorizon5_1Player_ex37.csv,pretrain,1,0.014429,True,0,0,0,1,1,1,0.002099,"[158, 138, 158, 138, 158, 138, 158, 138, 158, 138, 158, 138, 158, 138, 158, 138, 158, 138, 158, 138, 158, 138, 158, 138, 158, 138, 158, 138, 158, 138, 158, 138, 158, 138, 158, 138, 158, 138, 158, 138]","[0.0, 0.014429, 25.044176, 0.013617, 25.054525, 0.134115, 25.046684, 0.025989, 25.029537, 0.113204, 25.051176, 0.004677, 25.048263, 0.002517, 25.032765, 0.010874, 25.031629, 0.002332, 25.117625, 0.002399, 25.047929, 0.003662, 25.05221, 0.003738, 25.059678, 0.006205, 25.042001, 0.007188, 25.046034, 0.005825, 25.050565, 0.012143, 25.057016, 0.002322, 25.027015, 0.02049, 25.055843, 0.009722, 25.06956, 0.004523]","[1, -1, 1, -1, 1, -1, 1, -1, 1, -1, 1, -1, 1, -1, 1, -1, 1, -1, 1, -1, 1, -1, 1, -1, 1, -1, 1, -1, 1, -1, 1, -1, 1, -1, 1, -1, 1, -1, 1, -1]"
cloud_gaming,CG_Xbox,/indian-slp/Users/ug/ZEPA/Kritik/net_data/5G_Traffic_Datasets/CG_Xbox/xbox_forzahorizon5_1Player_ex37.csv,pretrain,2,0.039603,True,0,0,0,9,2,20,0.213992,"[91, 87, 98, 95, 91, 87, 91, 87, 91, 87, 91, 87, 91, 87, 91, 87, 91, 87, 91, 87, 91, 88, 91, 88, 91, 88, 91, 88, 91, 89, 97, 95, 91, 87, 91, 87, 91, 87, 91, 87, 91, 87, 91, 87, 91, 87, 91, 87, 91, 87, 91, 87, 91, 87, 91, 87, 97, 95, 91, 87, 91, 87, 91, 87]","[0.0, 0.039603, 2.641937, 0.014091, 0.195962, 0.031924, 0.220824, 0.039146, 0.231439, 0.038546, 0.210995, 0.04102, 0.221932, 0.032043, 0.208526, 0.033455, 0.416928, 0.036102, 0.825489, 0.039441, 0.03144, 0.030564, 1.623617, 0.034355, 3.271239, 0.032598, 6.449393, 0.030354, 12.821185, 0.034767, 1.703541, 0.04517, 0.191078, 0.037747, 0.232382, 0.041542, 0.242687, 0.039414, 0.215996, 0.037943, 0.21537, 0.034703, 0.244659, 0.03519, 0.413262, 0.036792, 0.828946, 0.036942, 1.621239, 0.035285, 3.21877, 0.036911, 6.429101, 0.040371, 12.827104, 0.03486, 2.791335, 0.026845, 0.195842, 0.033327, 0.225613, 0.032323, 0.31502, 0.040969]","[1, -1, -1, 1, 1, -1, 1, -1, 1, -1, 1, -1, 1, -1, 1, -1, 1, -1, 1, -1, 1, -1, 1, -1, 1, -1, 1, -1, 1, -1, -1, 1, 1, -1, 1, -1, 1, -1, 1, -1, 1, -1, 1, -1, 1, -1, 1, -1, 1, -1, 1, -1, 1, -1, 1, -1, -1, 1, 1, -1, 1, -1, 1, -1]"
cloud_gaming,CG_Xbox,/indian-slp/Users/ug/ZEPA/Kritik/net_data/5G_Traffic_Datasets/CG_Xbox/xbox_forzahorizon5_1Player_ex37.csv,pretrain,0,0.1956,True,1,2,0,15,4,21,0.06996,"[66, 66, 54, 734, 153, 800, 2902, 3535, 54, 54, 128, 146, 918, 1478, 392, 116, 157, 54, 85, 85, 54, 365, 54, 54, 60, 54]","[0.0, 0.1956, 0.014415, 0.023621, 0.202338, 0.020484, 0.211608, 0.000138, 0.010333, 0.026284, 0.012578, 0.014808, 0.003681, 0.002586, 0.00053, 0.181014, 0.0, 0.011209, 0.002072, 0.010579, 0.056199, 0.135997, 0.065452, 6.689206, 0.19716, 0.03113]","[1, -1, 1, 1, -1, 1, -1, -1, 1, 1, 1, 1, 1, 1, 1, -1, -1, 1, 1, -1, 1, -1, 1, 1, -1, 1]"
cloud_gaming,CG_Xbox,/indian-slp/Users/ug/ZEPA/Kritik/net_data/5G_Traffic_Datasets/CG_Xbox/xbox_forzahorizon5_1Player_ex37.csv,pretrain,2,0.033604,True,0,0,0,9,2,20,0.213992,"[1292, 1292, 1292, 1292, 1292, 1292, 352, 101, 102, 99, 145, 135, 94, 423, 103, 1032, 183, 89, 96, 95, 96, 179, 83, 100, 96, 86]","[0.0, 0.033604, 0.010324, 0.048323, 6.4e-05, 0.0, 0.0, 0.049765, 0.000484, 0.000512, 0.001001, 0.001261, 0.017283, 0.000512, 0.01513, 0.000217, 0.0, 0.011751, 0.024687, 0.000923, 0.000561, 0.083384, 0.004463, 0.008893, 0.027624, 0.029027]","[1, -1, 1, -1, -1, -1, -1, 1, 1, 1, 1, 1, 1, 1, -1, -1, -1, -1, 1, 1, 1, -1, -1, 1, 1, -1]"
cloud_gaming,CG_Xbox,/indian-slp/Users/ug/ZEPA/Kritik/net_data/5G_Traffic_Datasets/CG_Xbox/xbox_forzahorizon5_1Player_ex37.csv,pretrain,0,0.031401,True,1,2,0,9,2,20,0.213992,"[86, 86, 74, 591, 74, 1294, 2494, 1294, 74, 148, 1060, 74, 74, 74, 74, 74]","[0.0, 0.031401, 0.026943, 0.010807, 0.03585, 0.062178, 0.00017, 0.0, 0.025287, 0.010179, 0.028253, 0.0, 0.048727, 0.672283, 0.029161, 0.005366]","[1, -1, 1, 1, -1, -1, -1, -1, 1, 1, -1, -1, 1, 1, -1, 1]"
cloud_gaming,CG_Xbox,/indian-slp/Users/ug/ZEPA/Kritik/net_data/5G_Traffic_Datasets/CG_Xbox/xbox_forzahorizon5_1Player_ex37.csv,pretrain,0,0.196783,True,1,0,0,15,4,21,0.06996,"[66, 66, 54, 766, 153, 832, 1478, 4959, 54, 128, 146, 848, 1478, 1478, 1478, 1478, 1478, 1478, 1478, 1478, 1478, 1478, 157, 116, 54, 85, 60, 60, 60, 60, 60, 60, 60, 60, 1478, 1478, 1478, 1478, 1478, 1478, 1478, 1478, 1478, 1478, 1478, 1478, 1478, 1478, 1478, 1478, 1478, 1478, 1478, 1478, 60, 60, 60, 60, 60, 60, 60, 1478, 1478, 1478]","[0.0, 0.196783, 0.012386, 0.005291, 0.217334, 0.02651, 0.218385, 6.5e-05, 0.016278, 0.032621, 0.022098, 0.000502, 0.000498, 0.00235, 0.001061, 0.000505, 0.000488, 0.000506, 0.000558, 0.000445, 0.000657, 0.000419, 0.168813, 0.005979, 0.007965, 0.024026, 0.006065, 0.0, 0.0, 0.0, 1e-06, 0.0, 0.0, 0.0, 0.011622, 0.00665, 0.004463, 0.000526, 0.000505, 0.000526, 0.000448, 0.00055, 0.000457, 0.000579, 0.000427, 0.00054, 0.00059, 0.000481, 0.000518, 0.000492, 0.000495, 0.015351, 0.003133, 0.000614, 0.180028, 0.004975, 0.0, 0.0, 0.0, 1e-06, 0.0, 0.000252, 0.002194, 0.001355]","[1, -1, 1, 1, -1, 1, -1, -1, 1, 1, 1, 1, 1, 1, 1, 1, 1, 1, 1, 1, 1, 1, -1, -1, 1, -1, -1, -1, -1, -1, -1, -1, -1, -1, 1, 1, 1, 1, 1, 1, 1, 1, 1, 1, 1, 1, 1, 1, 1, 1, 1, 1, 1, 1, -1, -1, -1, -1, -1, -1, -1, 1, 1, 1]"
cloud_gaming,CG_Xbox,/indian-slp/Users/ug/ZEPA/Kritik/net_data/5G_Traffic_Datasets/CG_Xbox/xbox_forzahorizon5_1Player_ex37.csv,pretrain,0,0.161226,True,1,0,0,15,4,21,0.06996,"[66, 66, 54, 571, 60, 2854, 446, 54, 134, 460, 245, 133, 133, 60, 360, 54, 54, 460, 245, 60, 360, 54, 460, 246, 60, 360, 54, 460, 245, 60, 360, 54, 460, 242, 60, 360, 54, 460, 242, 60, 360, 54, 460, 244, 60, 360, 54, 460, 242, 60, 360, 54, 460, 244, 60, 360, 54, 460, 242, 60, 360, 54, 460, 242]","[0.0, 0.161226, 0.014076, 0.539735, 0.165677, 6.1e-05, 0.0, 0.010432, 0.048682, 0.015026, 0.000499, 0.145325, 0.0, 0.02397, 0.01199, 0.001395, 0.214727, 0.699456, 0.000501, 0.161511, 0.022761, 0.216914, 0.896972, 0.004605, 0.161076, 0.024181, 0.224777, 0.874499, 0.000553, 0.160433, 0.011577, 0.15939, 0.780927, 0.001885, 0.159742, 0.020379, 0.116669, 0.768438, 0.000863, 0.16156, 0.113986, 0.254635, 0.551404, 0.005958, 0.16001, 0.017949, 0.067039, 0.902439, 0.000799, 0.16568, 0.073567, 0.057405, 0.777464, 0.009743, 0.159895, 0.02391, 0.222956, 0.763982, 0.004211, 0.158907, 0.047877, 0.136, 0.768034, 0.009268]","[1, -1, 1, 1, -1, -1, -1, 1, 1, 1, 1, -1, -1, -1, -1, 1, 1, 1, 1, -1, -1, 1, 1, 1, -1, -1, 1, 1, 1, -1, -1, 1, 1, 1, -1, -1, 1, 1, 1, -1, -1, 1, 1, 1, -1, -1, 1, 1, 1, -1, -1, 1, 1, 1, -1, -1, 1, 1, 1, -1, -1, 1, 1, 1]"
cloud_gaming,CG_Xbox,/indian-slp/Users/ug/ZEPA/Kritik/net_data/5G_Traffic_Datasets/CG_Xbox/xbox_forzahorizon5_1Player_ex37.csv,pretrain,2,0.054882,True,0,0,0,9,2,20,0.213992,"[1292, 144, 1292, 1292, 238, 86, 850, 1292, 135, 93, 182, 94, 94]","[0.0, 0.000473, 0.054409, 0.045994, 3.1e-05, 0.0, 0.0, 0.005474, 0.000944, 0.000557, 0.030959, 0.009813, 0.04484]","[1, 1, -1, -1, -1, -1, -1, 1, 1, 1, -1, 1, 1]"
cloud_gaming,CG_Xbox,/indian-slp/Users/ug/ZEPA/Kritik/net_data/5G_Traffic_Datasets/CG_Xbox/xbox_forzahorizon5_1Player_ex37.csv,pretrain,0,0.020174,True,1,2,0,15,4,21,0.06996,"[66, 66, 54, 253, 4010, 54, 54, 212, 105, 460, 1478, 1478, 1478, 497, 60, 4326, 6553, 54, 54, 85, 54, 60]","[0.0, 0.020174, 0.013385, 0.066303, 0.028632, 0.027311, 0.182611, 0.482807, 0.02232, 0.052248, 0.001307, 0.000517, 0.000428, 0.000607, 0.024991, 0.188519, 0.000226, 0.017524, 0.000604, 0.081658, 0.004081, 0.023086]","[1, -1, 1, 1, -1, 1, 1, 1, -1, 1, 1, 1, 1, 1, -1, -1, -1, 1, 1, 1, 1, -1]"
cloud_gaming,CG_Xbox,/indian-slp/Users/ug/ZEPA/Kritik/net_data/5G_Traffic_Datasets/CG_Xbox/xbox_forzahorizon5_1Player_ex37.csv,pretrain,0,0.153341,True,1,2,0,15,4,21,0.06996,"[66, 66, 54, 898, 60, 2394, 2902, 54, 180, 1478, 526, 344, 60, 498, 54, 54, 60, 54]","[0.0, 0.153341, 0.026973, 0.007567, 0.161309, 9.9e-05, 0.0, 0.017292, 0.011318, 0.003662, 0.000523, 0.149516, 0.005526, 0.083957, 0.037067, 3.146042, 0.154948, 0.009244]","[1, -1, 1, 1, -1, -1, -1, 1, 1, 1, 1, -1, -1, -1, 1, 1, -1, 1]"
cloud_gaming,CG_Xbox,/indian-slp/Users/ug/ZEPA/Kritik/net_data/5G_Traffic_Datasets/CG_Xbox/xbox_forzahorizon5_1Player_ex37.csv,pretrain,0,0.199316,True,1,2,0,15,4,21,0.06996,"[66, 66, 54, 270, 3812, 54, 212, 105, 123, 54, 141, 708, 92, 92, 412, 54, 54, 60, 54]","[0.0, 0.199316, 0.046195, 0.125107, 0.19682, 0.021066, 0.020661, 0.201673, 0.0, 0.026308, 2.465918, 0.016542, 0.013302, 0.165863, 0.034119, 0.005679, 0.557977, 0.193038, 0.004359]","[1, -1, 1, 1, -1, 1, 1, -1, -1, 1, 1, 1, 1, -1, -1, 1, 1, -1, 1]"
cloud_gaming,CG_Xbox,/indian-slp/Users/ug/ZEPA/Kritik/net_data/5G_Traffic_Datasets/CG_Xbox/xbox_forzahorizon5_1Player_ex37.csv,pretrain,0,0.212521,True,1,0,0,15,4,21,0.06996,"[66, 66, 54, 766, 153, 832, 2902, 3538, 54, 128, 146, 849, 1478, 1478, 1478, 1478, 1478, 1478, 1478, 1478, 1478, 1478, 60, 60, 60, 60, 60, 1478, 157, 116, 1478, 1478, 1478, 1478, 1478, 1478, 1478, 1478, 1478, 1478, 1478, 1478, 1478, 1478, 1478, 1478, 1478, 1478, 1478, 1478, 54, 85, 60, 60, 60, 60, 60, 60, 1478, 1478, 60, 60, 1478, 1478]","[0.0, 0.212521, 0.007037, 0.003323, 0.221344, 0.027319, 0.233254, 0.000137, 0.02553, 0.02891, 0.009089, 0.000529, 0.014578, 0.002458, 0.000503, 0.000506, 0.000519, 0.000485, 0.000491, 0.000497, 0.0005, 0.000499, 0.18618, 0.020542, 0.005474, 0.0, 0.005979, 0.027441, 0.000593, 0.006512, 0.005935, 0.003658, 0.000504, 0.000515, 0.00049, 0.000506, 0.000467, 0.000533, 0.000494, 0.000498, 0.000497, 0.000502, 0.000499, 0.0005, 0.000499, 0.000499, 0.025317, 0.000511, 0.000466, 0.000528, 0.000496, 0.16158, 0.012022, 0.006141, 0.0, 0.0, 0.005795, 0.0, 0.001296, 0.002612, 0.002084, 0.02227, 0.00857, 0.004469]","[1, -1, 1, 1, -1, 1, -1, -1, 1, 1, 1, 1, 1, 1, 1, 1, 1, 1, 1, 1, 1, 1, -1, -1, -1, -1, -1, 1, -1, -1, 1, 1, 1, 1, 1, 1, 1, 1, 1, 1, 1, 1, 1, 1, 1, 1, 1, 1, 1, 1, 1, -1, -1, -1, -1, -1, -1, -1, 1, 1, -1, -1, 1, 1]"
cloud_gaming,CG_Xbox,/indian-slp/Users/ug/ZEPA/Kritik/net_data/5G_Traffic_Datasets/CG_Xbox/xbox_forzahorizon5_1Player_ex37.csv,pretrain,0,0.134377,True,1,2,1,15,4,21,0.06996,"[66, 66, 54, 270, 3812, 54, 212, 105, 123, 54, 141, 92, 295, 92, 60, 54, 409, 54, 96, 60, 54]","[0.0, 0.134377, 0.02883, 0.043548, 0.143803, 0.029464, 0.030809, 0.139947, 0.0, 0.036425, 0.00437, 0.002143, 0.002836, 0.127888, 0.005946, 0.144976, 0.137327, 0.204465, 0.135524, 0.000121, 0.018629]","[1, -1, 1, 1, -1, 1, 1, -1, -1, 1, 1, 1, 1, -1, -1, 1, -1, 1, -1, -1, 1]"
cloud_gaming,CG_Xbox,/indian-slp/Users/ug/ZEPA/Kritik/net_data/5G_Traffic_Datasets/CG_Xbox/xbox_forzahorizon5_1Player_ex37.csv,pretrain,0,0.211883,True,1,0,0,15,4,21,0.06996,"[66, 66, 54, 766, 60, 153, 832, 1478, 4962, 54, 128, 146, 848, 1478, 1478, 1478, 1478, 1478, 1478, 1478, 1478, 1478, 1478, 60, 60, 60, 60, 1478, 1478, 1478, 1478, 1478, 1478, 1478, 1478, 1478, 1478, 1478, 157, 1478, 1478, 1478, 1478, 1478, 1478, 1478, 1478, 1478, 1478, 116, 54, 85, 60, 60, 60, 60, 60, 60, 60, 1478, 1478, 1478, 1478, 1478]","[0.0, 0.211883, 0.048322, 0.013868, 0.265112, 0.068005, 0.048583, 0.259456, 8.6e-05, 0.029039, 0.013315, 0.002013, 0.000598, 0.000575, 0.002599, 0.000474, 0.000461, 0.000575, 0.000504, 0.000488, 0.000465, 0.000561, 0.000432, 0.201764, 0.005989, 0.006102, 0.0, 0.004471, 0.013147, 0.00045, 0.004391, 0.000526, 0.000492, 0.0005, 0.000461, 0.00054, 0.000501, 0.000496, 0.000481, 1.6e-05, 0.000509, 0.000491, 0.000502, 0.000499, 0.000498, 0.001047, 0.00082, 0.000535, 0.00052, 0.011061, 0.018611, 0.158341, 0.014473, 0.00549, 0.0, 0.005989, 0.0, 0.005994, 1e-06, 0.005605, 0.000491, 0.01719, 0.002043, 0.000504]","[1, -1, 1, 1, -1, -1, 1, -1, -1, 1, 1, 1, 1, 1, 1, 1, 1, 1, 1, 1, 1, 1, 1, -1, -1, -1, -1, 1, 1, 1, 1, 1, 1, 1, 1, 1, 1, 1, -1, 1, 1, 1, 1, 1, 1, 1, 1, 1, 1, -1, 1, -1, -1, -1, -1, -1, -1, -1, -1, 1, 1, 1, 1, 1]"
cloud_gaming,CG_Xbox,/indian-slp/Users/ug/ZEPA/Kritik/net_data/5G_Traffic_Datasets/CG_Xbox/xbox_forzahorizon5_1Player_ex37.csv,pretrain,0,0.204338,True,1,2,1,15,4,21,0.06996,"[66, 66, 54, 268, 1478, 3123, 54, 212, 123, 105, 54, 141, 722, 92, 1478, 1478, 1478, 1478, 1478, 450, 92, 60, 60, 60, 54, 341, 54, 60, 96, 54]","[0.0, 0.204338, 0.025417, 0.009114, 0.204972, 4e-05, 0.0165, 0.057441, 0.212282, 0.0, 0.011257, 0.055069, 0.006454, 0.000511, 0.002263, 0.00058, 0.000438, 0.000499, 0.0005, 0.000499, 0.189999, 0.01193, 0.00611, 0.0, 0.128078, 0.197763, 0.158817, 0.199517, 0.0, 0.019772]","[1, -1, 1, 1, -1, -1, 1, 1, -1, -1, 1, 1, 1, 1, 1, 1, 1, 1, 1, 1, -1, -1, -1, -1, 1, -1, 1, -1, -1, 1]"
cloud_gaming,CG_Xbox,/indian-slp/Users/ug/ZEPA/Kritik/net_data/5G_Traffic_Datasets/CG_Xbox/xbox_forzahorizon5_1Player_ex37.csv,pretrain,2,0.057875,True,0,0,0,9,2,20,0.213992,"[1292, 144, 1292, 1292, 86, 239, 849, 1292, 135, 93, 182, 94, 94]","[0.0, 0.002493, 0.055382, 0.032756, 0.000106, 0.0, 0.0, 0.054405, 0.0005, 0.014819, 0.019349, 0.018239, 0.064242]","[1, 1, -1, -1, -1, -1, -1, 1, 1, 1, -1, 1, 1]"
cloud_gaming,CG_Xbox,/indian-slp/Users/ug/ZEPA/Kritik/net_data/5G_Traffic_Datasets/CG_Xbox/xbox_forzahorizon5_1Player_ex37.csv,pretrain,0,0.154268,True,1,2,0,15,4,21,0.06996,"[66, 66, 54, 898, 60, 2902, 2394, 54, 54, 180, 1478, 526, 344, 60, 498, 54, 54, 60, 54]","[0.0, 0.154268, 0.018215, 0.00422, 0.161301, 6.2e-05, 0.0, 0.035853, 0.000482, 0.015317, 0.003749, 0.000537, 0.152518, 0.005431, 0.079985, 0.01895, 3.530932, 0.156485, 0.017518]","[1, -1, 1, 1, -1, -1, -1, 1, 1, 1, 1, 1, -1, -1, -1, 1, 1, -1, 1]"
cloud_gaming,CG_Xbox,/indian-slp/Users/ug/ZEPA/Kritik/net_data/5G_Traffic_Datasets/CG_Xbox/xbox_forzahorizon5_1Player_ex37.csv,pretrain,0,0.205733,True,1,2,0,15,4,21,0.06996,"[66, 66, 54, 670, 153, 54, 736, 1478, 4962, 54, 128, 146, 918, 1478, 392, 60, 157, 116, 54, 85, 85, 60, 60, 54, 365, 60, 54, 54, 60, 54]","[0.0, 0.205733, 0.02862, 0.213027, 0.220106, 0.228909, 0.040631, 0.234434, 8.6e-05, 0.01023, 0.005131, 0.001461, 0.011254, 0.005733, 0.002333, 0.187263, 0.004469, 0.0, 0.006085, 0.000513, 0.005622, 0.00619, 0.005622, 0.076031, 0.12399, 0.052008, 0.026543, 0.541556, 0.234081, 0.027195]","[1, -1, 1, 1, -1, 1, 1, -1, -1, 1, 1, 1, 1, 1, 1, -1, -1, -1, 1, 1, -1, -1, -1, 1, -1, -1, 1, 1, -1, 1]"
cloud_gaming,CG_Xbox,/indian-slp/Users/ug/ZEPA/Kritik/net_data/5G_Traffic_Datasets/CG_Xbox/xbox_forzahorizon5_1Player_ex37.csv,pretrain,0,0.19956,True,1,0,0,15,4,21,0.06996,"[66, 66, 54, 702, 153, 768, 1478, 2902, 2112, 54, 128, 146, 849, 435, 1478, 1478, 1478, 1478, 1478, 1478, 1478, 1478, 1478, 1478, 116, 60, 157, 60, 60, 85, 1478, 1478, 1478, 1478, 1478, 1478, 1478, 1478, 1478, 1478, 1478, 1478, 1478, 1478, 1478, 1478, 1478, 1478, 1478, 1478, 1478, 60, 60, 60, 365, 60, 1478, 60, 60, 60, 60, 60, 1478, 1478]","[0.0, 0.19956, 0.04435, 0.02613, 0.20577, 0.020718, 0.213746, 3.5e-05, 5e-05, 0.035495, 0.050143, 0.001034, 0.000657, 0.000357, 0.000429, 0.000558, 0.000503, 0.000501, 0.000499, 0.000498, 0.000505, 0.000556, 0.000397, 0.000542, 0.201158, 0.0, 0.0, 0.00599, 0.0, 0.0, 0.022971, 0.004932, 0.0002, 0.000519, 0.00052, 0.000526, 0.000483, 0.000497, 0.000513, 0.000495, 0.000508, 0.000487, 0.005699, 0.001239, 0.002074, 0.00048, 0.000662, 0.000477, 0.000438, 0.000478, 0.000515, 0.191278, 0.0, 0.0, 4.3e-05, 0.0, 0.005783, 0.000283, 0.0, 0.0, 0.0, 0.0, 0.003863, 0.000546]","[1, -1, 1, 1, -1, 1, -1, -1, -1, 1, 1, 1, 1, 1, 1, 1, 1, 1, 1, 1, 1, 1, 1, 1, -1, -1, -1, -1, -1, -1, 1, 1, 1, 1, 1, 1, 1, 1, 1, 1, 1, 1, 1, 1, 1, 1, 1, 1, 1, 1, 1, -1, -1, -1, -1, -1, 1, -1, -1, -1, -1, -1, 1, 1]"
cloud_gaming,CG_Xbox,/indian-slp/Users/ug/ZEPA/Kritik/net_data/5G_Traffic_Datasets/CG_Xbox/xbox_forzahorizon5_1Player_ex37.csv,pretrain,2,0.069322,True,0,0,0,9,2,20,0.213992,"[1292, 143, 1292, 851, 1292, 237, 86, 1292, 1292, 1292, 94, 182, 141, 1292, 89, 94]","[0.0, 0.000515, 0.068807, 0.026937, 0.0, 0.0, 0.0, 0.142992, 0.040084, 0.0091, 0.025356, 0.005455, 0.014136, 0.004499, 0.018409, 0.022387]","[1, 1, -1, -1, -1, -1, -1, 1, -1, 1, 1, -1, 1, -1, -1, 1]"
cloud_gaming,CG_Xbox,/indian-slp/Users/ug/ZEPA/Kritik/net_data/5G_Traffic_Datasets/CG_Xbox/xbox_forzahorizon5_1Player_ex37.csv,pretrain,2,0.064824,True,0,0,0,9,2,20,0.213992,"[1292, 141, 1292, 1292, 861, 86, 227, 141, 93, 94, 182, 94]","[0.0, 0.002562, 0.062262, 0.028006, 5e-05, 0.0, 0.0, 0.012009, 0.00854, 0.01625, 0.001161, 0.029798]","[1, 1, -1, -1, -1, -1, -1, 1, 1, 1, -1, 1]"
cloud_gaming,CG_Xbox,/indian-slp/Users/ug/ZEPA/Kritik/net_data/5G_Traffic_Datasets/CG_Xbox/xbox_forzahorizon5_1Player_ex37.csv,pretrain,0,0.082229,True,0,2,0,9,2,20,0.213992,"[100, 74, 100, 74, 74, 74, 74, 74]","[0.0, 0.082229, 0.133995, 0.046925, 24.55822, 0.018289, 0.014395, 0.077191]","[1, -1, -1, 1, -1, 1, 1, -1]"
cloud_gaming,CG_Xbox,/indian-slp/Users/ug/ZEPA/Kritik/net_data/5G_Traffic_Datasets/CG_Xbox/xbox_forzahorizon5_1Player_ex37.csv,pretrain,2,0.056873,True,0,0,0,9,2,20,0.213992,"[1292, 141, 1292, 1292, 857, 231, 86, 1292, 135, 94, 94, 182, 94]","[0.0, 0.000472, 0.056401, 0.036138, 0.0, 0.0, 0.0, 0.02189, 0.004725, 0.0005, 0.02614, 0.010682, 0.033193]","[1, 1, -1, -1, -1, -1, -1, 1, 1, 1, 1, -1, 1]"
cloud_gaming,CG_Xbox,/indian-slp/Users/ug/ZEPA/Kritik/net_data/5G_Traffic_Datasets/CG_Xbox/xbox_forzahorizon5_1Player_ex37.csv,pretrain,2,0.062529,True,0,0,0,9,2,20,0.213992,"[1292, 144, 1292, 1292, 866, 222, 86, 141, 93, 182, 94, 94]","[0.0, 0.000905, 0.061624, 0.035815, 1e-06, 0.0, 0.000108, 0.006807, 0.000483, 0.024439, 0.005876, 0.037832]","[1, 1, -1, -1, -1, -1, -1, 1, 1, -1, 1, 1]"
cloud_gaming,CG_Xbox,/indian-slp/Users/ug/ZEPA/Kritik/net_data/5G_Traffic_Datasets/CG_Xbox/xbox_forzahorizon5_1Player_ex37.csv,pretrain,2,0.034722,True,0,0,0,9,2,20,0.213992,"[1292, 1292, 1292, 1292, 1292, 1292, 824, 101, 101, 145, 129, 1288, 1288, 1292, 1292, 1292, 1292, 1292, 1292, 1292, 1149, 183, 691, 1288, 1292, 1292, 1292, 1292, 1292, 1292, 1292, 1292, 1292, 1292, 835, 85, 89, 85, 85, 85, 85, 94, 1288, 1132, 85, 89, 85, 85, 85, 85, 86, 89, 94, 86, 94, 904, 97, 255, 94, 690, 293, 97, 94, 86]","[0.0, 0.034722, 0.029921, 0.025706, 5.4e-05, 0.00599, 0.0, 0.027656, 0.000889, 0.002564, 0.002889, 0.004108, 0.00038, 0.000544, 0.000439, 0.000562, 0.000503, 0.000495, 0.000508, 0.000499, 0.00049, 0.013545, 0.0, 0.006356, 0.000516, 0.0005, 0.00048, 0.000648, 0.000349, 0.000518, 0.00051, 0.000991, 0.000497, 0.000503, 0.0005, 0.001609, 0.0, 0.0, 0.005922, 0.0, 0.0, 0.002263, 0.023448, 0.000515, 0.005757, 0.0, 0.0, 0.0, 1e-06, 0.0, 0.018063, 0.015953, 0.002936, 0.021021, 0.01645, 0.123134, 0.007772, 0.002733, 0.030337, 0.015554, 0.006076, 0.010436, 0.030022, 0.025452]","[1, -1, 1, -1, -1, -1, -1, 1, 1, 1, 1, 1, 1, 1, 1, 1, 1, 1, 1, 1, 1, -1, -1, 1, 1, 1, 1, 1, 1, 1, 1, 1, 1, 1, 1, -1, -1, -1, -1, -1, -1, 1, 1, 1, -1, -1, -1, -1, -1, -1, -1, -1, 1, -1, 1, -1, 1, -1, 1, -1, -1, 1, 1, -1]"
cloud_gaming,CG_Xbox,/indian-slp/Users/ug/ZEPA/Kritik/net_data/5G_Traffic_Datasets/CG_Xbox/xbox_forzahorizon5_1Player_ex37.csv,pretrain,2,0.030514,True,0,0,0,9,2,20,0.213992,"[1292, 1292, 1292, 1292, 1292, 973, 1292, 101, 101, 145, 136, 226, 1005, 183]","[0.0, 0.030514, 0.019468, 0.044584, 5e-05, 0.0, 0.0, 0.014639, 0.000548, 0.008003, 0.006618, 0.002333, 0.020007, 0.0]","[1, -1, 1, -1, -1, -1, -1, 1, 1, 1, 1, 1, -1, -1]"
cloud_gaming,CG_Xbox,/indian-slp/Users/ug/ZEPA/Kritik/net_data/5G_Traffic_Datasets/CG_Xbox/xbox_forzahorizon5_1Player_ex37.csv,pretrain,2,0.032781,True,0,0,0,9,2,20,0.213992,"[1292, 1292, 1292, 1292, 1292, 1292, 819, 101, 102, 145, 134, 510, 183, 1033, 89, 93, 94, 354, 83, 97, 94, 86]","[0.0, 0.032781, 0.014338, 0.04764, 6.9e-05, 0.0, 0.0, 0.009998, 0.005337, 0.008424, 0.00059, 0.000388, 0.03522, 0.0, 0.0, 0.014975, 0.027142, 0.14802, 0.0, 0.007558, 0.026924, 0.027323]","[1, -1, 1, -1, -1, -1, -1, 1, 1, 1, 1, 1, -1, -1, -1, 1, 1, -1, -1, 1, 1, -1]"
cloud_gaming,CG_Xbox,/indian-slp/Users/ug/ZEPA/Kritik/net_data/5G_Traffic_Datasets/CG_Xbox/xbox_forzahorizon5_1Player_ex37.csv,pretrain,2,0.038934,True,0,0,0,9,2,20,0.213992,"[1292, 1292, 1292, 1292, 1292, 827, 1292, 101, 102, 229, 1288, 1129, 183, 1033, 89, 85, 94, 94, 91, 86, 1288, 1292, 914, 313, 97, 93, 94, 86]","[0.0, 0.038934, 0.013069, 0.037341, 0.0, 0.0, 0.0, 0.022929, 0.008062, 0.009061, 0.003785, 0.000517, 0.025429, 0.0, 0.011403, 0.0, 0.011731, 0.035899, 0.179675, 0.054701, 0.110048, 0.0, 0.0, 0.005913, 0.01065, 0.000604, 0.030953, 0.025855]","[1, -1, 1, -1, -1, -1, -1, 1, 1, 1, 1, 1, -1, -1, -1, -1, 1, 1, 1, -1, -1, -1, -1, -1, 1, 1, 1, -1]"
cloud_gaming,CG_Xbox,/indian-slp/Users/ug/ZEPA/Kritik/net_data/5G_Traffic_Datasets/CG_Xbox/xbox_forzahorizon5_1Player_ex37.csv,pretrain,1,0.0,False,0,0,0,1,1,1,0.143843,"[718, 718, 718, 718, 718, 718, 718]","[0.0, 0.204128, 0.401214, 0.781618, 1.547233, 2.010858, 2.006989]","[1, 1, 1, 1, 1, 1, 1]"
cloud_gaming,CG_Xbox,/indian-slp/Users/ug/ZEPA/Kritik/net_data/5G_Traffic_Datasets/CG_Xbox/xbox_forzahorizon5_1Player_ex37.csv,pretrain,1,0.0,False,0,0,0,15,4,21,0.06996,"[698, 698, 698, 698, 698, 698, 698]","[0.0, 0.18071, 0.388472, 0.747447, 1.484203, 2.007495, 2.012249]","[1, 1, 1, 1, 1, 1, 1]"
cloud_gaming,CG_Xbox,/indian-slp/Users/ug/ZEPA/Kritik/net_data/5G_Traffic_Datasets/CG_Xbox/xbox_forzahorizon5_1Player_ex37.csv,pretrain,0,0.160491,True,0,0,0,15,4,21,0.06996,"[55, 66, 190, 100, 60, 60, 100, 214, 92, 54, 96, 60]","[0.0, 0.160491, 14.411416, 0.002436, 0.154214, 0.0, 0.004505, 0.012044, 0.0, 0.003744, 0.000976, 0.199579]","[1, -1, 1, 1, -1, -1, -1, -1, -1, 1, 1, -1]"
cloud_gaming,CG_Xbox,/indian-slp/Users/ug/ZEPA/Kritik/net_data/5G_Traffic_Datasets/CG_Xbox/xbox_forzahorizon5_1Player_ex37.csv,pretrain,2,0.062439,True,0,0,0,9,2,20,0.213992,"[1292, 141, 1292, 1292, 846, 242, 86, 141, 93, 182, 94, 94]","[0.0, 0.003125, 0.059314, 0.028011, 0.0, 8e-05, 0.0, 0.004822, 0.003011, 0.024678, 0.003515, 0.039903]","[1, 1, -1, -1, -1, -1, -1, 1, 1, -1, 1, 1]"
cloud_gaming,CG_Xbox,/indian-slp/Users/ug/ZEPA/Kritik/net_data/5G_Traffic_Datasets/CG_Xbox/xbox_forzahorizon5_1Player_ex37.csv,pretrain,0,0.0,False,0,0,0,15,4,21,0.06996,"[346, 93, 1478, 1478, 1478, 1478, 1478, 1478, 1478, 1478, 1478, 1478, 1478, 796, 1478, 1478, 1478, 1478, 1478, 1478, 1478, 1478, 1478, 1478, 1478, 796, 1478, 1478, 1478, 1478, 1478, 1478, 1478, 1478, 1478, 1478, 1478, 796, 1478, 1478, 1478, 1478, 1478, 1478, 1478, 1478, 1478, 1478, 1478, 796, 1478, 1478, 1478, 1478, 1478, 1478, 1478, 1478, 1478, 1478, 1478, 796, 1478, 1478]","[0.0, 0.000499, 0.00052, 0.00304, 0.00052, 0.000501, 0.000468, 0.000551, 0.000528, 0.000453, 0.000499, 0.000495, 0.00176, 0.000541, 0.000475, 0.0005, 0.000499, 0.000508, 0.000517, 0.000515, 0.000467, 0.000501, 0.000483, 0.000532, 0.000432, 0.000557, 0.000499, 0.000485, 0.000514, 0.000531, 0.000468, 0.0005, 0.00052, 0.000468, 0.000589, 0.000435, 0.000508, 0.000433, 0.000547, 0.000499, 0.000569, 0.000473, 0.000444, 0.000516, 0.000497, 0.0005, 0.000476, 0.000526, 0.000497, 0.000503, 0.000523, 0.000478, 0.000498, 0.000501, 0.000517, 0.000482, 0.0005, 0.000502, 0.000518, 0.000481, 0.000499, 0.000499, 0.000502, 0.000516]","[1, 1, 1, 1, 1, 1, 1, 1, 1, 1, 1, 1, 1, 1, 1, 1, 1, 1, 1, 1, 1, 1, 1, 1, 1, 1, 1, 1, 1, 1, 1, 1, 1, 1, 1, 1, 1, 1, 1, 1, 1, 1, 1, 1, 1, 1, 1, 1, 1, 1, 1, 1, 1, 1, 1, 1, 1, 1, 1, 1, 1, 1, 1, 1]"
cloud_gaming,CG_Xbox,/indian-slp/Users/ug/ZEPA/Kritik/net_data/5G_Traffic_Datasets/CG_Xbox/xbox_forzahorizon5_2Players_ex40.csv,pretrain,0,0.169738,True,0,0,0,14,3,15,0.046416,"[267, 93, 1478, 392, 60, 60, 93, 54, 168, 89, 60, 346, 1478, 1478, 1478, 1478, 1478, 1478, 1478, 1478, 1478, 1478, 1478, 796, 1478, 1478, 1478, 1478, 1478, 1478, 1478, 1478, 1478, 1478, 1478, 796, 1478, 1478, 1478, 1478, 1478, 1478, 1478, 1478, 1478, 1478, 1478, 796, 1478, 1478, 1478, 1478, 1478, 1478, 1478, 1478, 1478, 1478, 1478, 796, 1478, 1478, 1478, 1478]","[0.0, 0.001722, 0.003398, 0.000479, 0.164139, 0.011981, 0.021206, 0.049619, 0.173331, 0.008571, 0.228132, 6.752624, 0.000509, 0.002639, 0.000494, 0.000497, 0.000505, 0.000488, 0.000501, 0.000509, 0.00053, 0.000489, 0.000468, 0.000595, 0.002472, 0.006528, 0.0005, 0.000473, 0.0006, 0.000426, 0.000478, 0.000503, 0.000528, 0.000581, 0.000421, 0.000487, 0.000501, 0.000463, 0.00055, 0.000498, 0.000492, 0.001191, 0.000594, 0.000512, 0.000508, 0.000459, 0.000559, 0.00049, 0.000503, 0.000477, 0.000513, 0.0005, 0.000513, 0.000503, 0.000491, 0.000498, 0.00049, 0.000742, 0.00029, 0.000441, 0.000697, 0.000358, 0.000514, 0.000473]","[1, 1, 1, 1, -1, -1, -1, 1, -1, 1, -1, 1, 1, 1, 1, 1, 1, 1, 1, 1, 1, 1, 1, 1, 1, 1, 1, 1, 1, 1, 1, 1, 1, 1, 1, 1, 1, 1, 1, 1, 1, 1, 1, 1, 1, 1, 1, 1, 1, 1, 1, 1, 1, 1, 1, 1, 1, 1, 1, 1, 1, 1, 1, 1]"
cloud_gaming,CG_Xbox,/indian-slp/Users/ug/ZEPA/Kritik/net_data/5G_Traffic_Datasets/CG_Xbox/xbox_forzahorizon5_2Players_ex40.csv,pretrain,0,0.179641,True,0,0,0,21,7,63,0.057679,"[82, 60, 265, 54, 82, 60]","[0.0, 0.179641, 29.806269, 0.011517, 0.002774, 0.177488]","[1, -1, -1, 1, 1, -1]"
cloud_gaming,CG_Xbox,/indian-slp/Users/ug/ZEPA/Kritik/net_data/5G_Traffic_Datasets/CG_Xbox/xbox_forzahorizon5_2Players_ex40.csv,pretrain,0,0.162918,True,0,0,0,14,3,15,0.046416,"[55, 66, 1478, 527, 60, 499, 54]","[0.0, 0.162918, 14.582876, 0.002975, 0.165952, 0.070076, 0.055002]","[1, -1, 1, 1, -1, -1, 1]"
cloud_gaming,CG_Xbox,/indian-slp/Users/ug/ZEPA/Kritik/net_data/5G_Traffic_Datasets/CG_Xbox/xbox_forzahorizon5_2Players_ex40.csv,pretrain,0,0.0,False,0,0,0,14,3,15,0.046416,"[346, 93, 1478, 1478, 1478, 1478, 1478, 1478, 1478, 1478, 1478, 1478, 1478, 796, 1478, 1478, 1478, 1478, 1478, 1478, 1478, 1478, 1478, 1478, 1478, 796, 1478, 1478, 1478, 1478, 1478, 1478, 1478, 1478, 1478, 1478, 1478, 796, 1478, 1478, 1478, 1478, 1478, 1478, 1478, 1478, 1478, 1478, 1478, 796, 1478, 1478, 1478, 1478, 1478, 1478, 1478, 1478, 1478, 1478, 1478, 796, 1478, 1478]","[0.0, 0.002928, 0.003418, 0.000547, 0.000484, 0.000504, 0.000998, 0.001702, 0.000467, 0.000576, 0.000493, 0.000491, 0.000503, 0.000495, 0.000508, 0.000493, 0.000503, 0.000539, 0.000419, 0.000588, 0.000452, 0.0005, 0.000504, 0.000473, 0.00049, 0.000548, 0.00054, 0.000505, 0.000472, 0.000524, 0.000458, 0.000577, 0.000426, 0.000491, 0.000496, 0.000531, 0.000463, 0.000475, 0.000523, 0.000492, 0.000474, 0.000517, 0.000472, 0.000556, 0.000496, 0.000506, 0.000493, 0.000501, 0.000498, 0.000515, 0.000542, 0.000457, 0.000495, 0.000529, 0.000477, 0.00049, 0.000512, 0.000487, 0.000499, 0.000499, 0.0005, 0.000525, 0.000481, 0.000496]","[1, 1, 1, 1, 1, 1, 1, 1, 1, 1, 1, 1, 1, 1, 1, 1, 1, 1, 1, 1, 1, 1, 1, 1, 1, 1, 1, 1, 1, 1, 1, 1, 1, 1, 1, 1, 1, 1, 1, 1, 1, 1, 1, 1, 1, 1, 1, 1, 1, 1, 1, 1, 1, 1, 1, 1, 1, 1, 1, 1, 1, 1, 1, 1]"
cloud_gaming,CG_Xbox,/indian-slp/Users/ug/ZEPA/Kritik/net_data/5G_Traffic_Datasets/CG_Xbox/xbox_forzahorizon5_2Players_ex40.csv,pretrain,0,0.156864,True,0,0,0,21,7,63,0.057679,"[55, 66, 1478, 539, 60, 499, 54]","[0.0, 0.156864, 14.617772, 0.000708, 0.15933, 0.122182, 0.047342]","[1, -1, 1, 1, -1, -1, 1]"
cloud_gaming,CG_Xbox,/indian-slp/Users/ug/ZEPA/Kritik/net_data/5G_Traffic_Datasets/CG_Xbox/xbox_forzahorizon5_2Players_ex40.csv,pretrain,0,0.022036,True,1,0,0,11,2,13,0.219647,"[86, 86, 74, 313, 410, 4394, 1514, 86, 86, 86, 74, 232, 161, 125, 143, 74, 1204, 112, 112, 74, 74, 112, 1514, 810, 1514, 86, 86, 86, 74]","[0.0, 0.022036, 0.004896, 0.000605, 0.026395, 6e-05, 8.8e-05, 0.00794, 0.000527, 0.0006, 0.00161, 0.032937, 0.000495, 0.021761, 0.0, 0.005895, 0.003173, 0.000536, 0.020667, 0.011632, 0.000945, 0.215221, 0.0, 0.0, 0.005926, 0.004746, 0.000509, 0.000511, 0.003432]","[1, -1, 1, 1, -1, -1, -1, 1, 1, 1, 1, 1, 1, -1, -1, 1, 1, 1, -1, -1, 1, -1, -1, -1, -1, 1, 1, 1, 1]"
cloud_gaming,CG_Xbox,/indian-slp/Users/ug/ZEPA/Kritik/net_data/5G_Traffic_Datasets/CG_Xbox/xbox_forzahorizon5_2Players_ex40.csv,pretrain,0,0.034122,True,1,0,0,11,2,13,0.219647,"[86, 86, 74, 663, 74, 338, 74, 154, 154, 1514, 991, 1056, 105, 74, 74, 135, 361, 105, 74, 74, 74, 74, 74, 105, 74, 414, 105, 74, 74, 405, 1271, 105, 74, 74, 74, 414, 105, 74]","[0.0, 0.034122, 0.018018, 0.007391, 0.024619, 5.9e-05, 0.012896, 0.010003, 0.002713, 0.001051, 0.000497, 0.000496, 0.000496, 0.01953, 0.0, 1e-06, 0.0, 0.0, 0.005963, 0.0, 0.0, 0.02727, 0.000996, 0.000499, 0.025429, 0.111814, 0.0, 0.010594, 0.004762, 1.984227, 0.000512, 0.000443, 0.02352, 0.0, 0.0, 0.126296, 0.0, 0.019837]","[1, -1, 1, 1, -1, -1, 1, 1, 1, 1, 1, 1, 1, -1, -1, -1, -1, -1, -1, -1, -1, 1, 1, 1, -1, -1, -1, 1, 1, 1, 1, 1, -1, -1, -1, -1, -1, 1]"
cloud_gaming,CG_Xbox,/indian-slp/Users/ug/ZEPA/Kritik/net_data/5G_Traffic_Datasets/CG_Xbox/xbox_forzahorizon5_2Players_ex40.csv,pretrain,0,0.156917,True,1,0,0,14,3,15,0.046416,"[66, 66, 54, 238, 60, 1514, 1514, 1218, 54, 54, 212, 105, 437, 1159, 301, 334, 54, 60, 155, 232, 54, 273, 321, 155, 232, 54]","[0.0, 0.156917, 0.022811, 0.000494, 0.136467, 0.005981, 7.1e-05, 0.0, 0.010056, 0.000484, 0.013476, 0.141928, 0.011438, 0.001813, 0.027401, 0.129353, 0.006029, 5.1e-05, 5.8e-05, 0.005861, 0.01011, 0.048103, 0.028372, 0.103409, 0.039942, 0.008644]","[1, -1, 1, 1, -1, -1, -1, -1, 1, 1, 1, -1, 1, 1, 1, -1, 1, -1, -1, -1, 1, 1, 1, -1, -1, 1]"
cloud_gaming,CG_Xbox,/indian-slp/Users/ug/ZEPA/Kritik/net_data/5G_Traffic_Datasets/CG_Xbox/xbox_forzahorizon5_2Players_ex40.csv,pretrain,0,0.135719,True,0,0,0,21,7,63,0.057679,"[339, 93, 1478, 199, 60, 60, 93, 54, 168, 89, 60, 345, 1478, 1478, 1478, 1478, 1478, 1478, 1478, 1478, 1478, 1478, 1478, 796, 1478, 1478, 1478, 1478, 1478, 1478, 1478, 1478, 1478, 1478, 1478, 796, 1478, 1478, 1478, 1478, 1478, 1478, 1478, 1478, 1478, 1478, 1478, 796, 1478, 1478, 1478, 1478, 1478, 1478, 1478, 1478, 1478, 1478, 1478, 796, 1478, 1478, 1478, 1478]","[0.0, 0.000532, 0.000492, 0.000501, 0.134194, 0.005968, 0.040026, 0.043173, 0.138768, 0.004896, 0.193103, 8.833103, 0.003915, 0.000498, 0.000515, 0.000494, 0.000458, 0.000657, 0.000392, 0.000482, 0.000536, 0.000478, 0.000555, 0.000473, 0.000443, 0.000517, 0.000521, 0.000476, 0.000533, 0.00049, 0.000495, 0.000497, 0.000499, 0.00051, 0.000607, 0.000362, 0.000521, 0.000499, 0.000486, 0.000519, 0.000498, 0.000498, 0.000502, 0.000495, 0.000499, 0.000497, 0.000508, 0.000493, 0.000503, 0.000747, 0.000261, 0.000497, 0.000478, 0.000519, 0.000561, 0.000561, 0.00038, 0.000485, 0.000524, 0.000493, 0.000487, 0.000511, 0.000499, 0.000466]","[1, 1, 1, 1, -1, -1, -1, 1, -1, 1, -1, 1, 1, 1, 1, 1, 1, 1, 1, 1, 1, 1, 1, 1, 1, 1, 1, 1, 1, 1, 1, 1, 1, 1, 1, 1, 1, 1, 1, 1, 1, 1, 1, 1, 1, 1, 1, 1, 1, 1, 1, 1, 1, 1, 1, 1, 1, 1, 1, 1, 1, 1, 1, 1]"
cloud_gaming,CG_Xbox,/indian-slp/Users/ug/ZEPA/Kritik/net_data/5G_Traffic_Datasets/CG_Xbox/xbox_forzahorizon5_2Players_ex40.csv,pretrain,0,0.154452,True,0,0,0,14,3,15,0.046416,"[55, 66, 1478, 527, 1478, 60, 66, 499, 1478, 54, 499, 66]","[0.0, 0.154452, 14.962876, 0.000499, 0.01016, 0.168418, 0.005938, 0.059975, 0.355499, 0.032008, 0.018757, 0.128151]","[1, -1, 1, 1, 1, -1, -1, -1, 1, 1, -1, -1]"
cloud_gaming,CG_Xbox,/indian-slp/Users/ug/ZEPA/Kritik/net_data/5G_Traffic_Datasets/CG_Xbox/xbox_forzahorizon5_2Players_ex40.csv,pretrain,0,0.149908,True,0,0,0,21,7,63,0.057679,"[55, 66, 1478, 539, 60, 499, 54]","[0.0, 0.149908, 14.564892, 0.000531, 0.15287, 0.086088, 0.062726]","[1, -1, 1, 1, -1, -1, 1]"
cloud_gaming,CG_Xbox,/indian-slp/Users/ug/ZEPA/Kritik/net_data/5G_Traffic_Datasets/CG_Xbox/xbox_forzahorizon5_2Players_ex40.csv,pretrain,0,0.026135,True,1,0,0,21,7,63,0.057679,"[66, 66, 54, 346, 3921, 54, 212, 105, 462, 1478, 1478, 1478, 589, 60, 659, 54, 462, 1478, 1478, 1478, 502, 60, 659, 54, 462, 1478, 1478, 1478, 586, 60, 659, 54, 462, 1478, 1478, 1478, 523, 60, 659, 54, 462, 1478, 1478, 1478, 572, 60, 60, 659, 54, 462, 1478, 1478, 1478, 540, 60, 659, 54, 462, 1478, 1478, 1478, 587, 60, 60]","[0.0, 0.026135, 0.011239, 0.002098, 0.027554, 0.01978, 0.012267, 0.029775, 0.041837, 0.00568, 0.002797, 0.00052, 0.000515, 0.032629, 0.185946, 0.055401, 0.213591, 0.000992, 0.000501, 0.000533, 0.0005, 0.030396, 0.120669, 0.047557, 0.343341, 0.003078, 0.00055, 0.000487, 0.0005, 0.033858, 0.086436, 0.055723, 0.2158, 0.003578, 0.000588, 0.000492, 0.000509, 0.046896, 0.172034, 0.058614, 0.049151, 0.004759, 0.00051, 0.000518, 0.000497, 0.031909, 5.4e-05, 0.205992, 0.049571, 0.185541, 0.001288, 0.000478, 0.000558, 0.000502, 0.026717, 0.099433, 0.048478, 0.074042, 0.002911, 0.00044, 0.000486, 0.000499, 0.027163, 0.013444]","[1, -1, 1, 1, -1, 1, 1, -1, 1, 1, 1, 1, 1, -1, -1, 1, 1, 1, 1, 1, 1, -1, -1, 1, 1, 1, 1, 1, 1, -1, -1, 1, 1, 1, 1, 1, 1, -1, -1, 1, 1, 1, 1, 1, 1, -1, -1, -1, 1, 1, 1, 1, 1, 1, -1, -1, 1, 1, 1, 1, 1, 1, -1, -1]"
cloud_gaming,CG_Xbox,/indian-slp/Users/ug/ZEPA/Kritik/net_data/5G_Traffic_Datasets/CG_Xbox/xbox_forzahorizon5_2Players_ex40.csv,pretrain,0,0.158432,True,0,0,0,14,3,15,0.046416,"[55, 66, 1478, 527, 60, 499, 54]","[0.0, 0.158432, 13.64718, 0.001633, 0.1631, 0.076005, 0.059849]","[1, -1, 1, 1, -1, -1, 1]"
cloud_gaming,CG_Xbox,/indian-slp/Users/ug/ZEPA/Kritik/net_data/5G_Traffic_Datasets/CG_Xbox/xbox_forzahorizon5_2Players_ex40.csv,pretrain,0,0.156331,True,0,0,0,21,7,63,0.057679,"[55, 66, 1478, 539, 60, 499, 499, 54]","[0.0, 0.156331, 14.550531, 0.002196, 0.161598, 0.096417, 0.429695, 0.075282]","[1, -1, 1, 1, -1, -1, -1, 1]"
cloud_gaming,CG_Xbox,/indian-slp/Users/ug/ZEPA/Kritik/net_data/5G_Traffic_Datasets/CG_Xbox/xbox_forzahorizon5_2Players_ex40.csv,pretrain,0,0.135394,True,1,0,0,14,3,15,0.046416,"[66, 66, 54, 238, 1514, 1514, 1218, 54, 54, 212, 105, 437, 1159, 301, 332, 60, 155, 232, 54, 273, 321, 155, 232, 54]","[0.0, 0.135394, 0.001656, 0.00081, 0.139253, 5.1e-05, 0.0, 0.002564, 0.00239, 0.006475, 0.138518, 0.004923, 0.000719, 0.003621, 0.138724, 0.005947, 0.006049, 0.0, 0.003075, 0.014387, 0.001594, 0.134924, 0.006, 0.003074]","[1, -1, 1, 1, -1, -1, -1, 1, 1, 1, -1, 1, 1, 1, -1, -1, -1, -1, 1, 1, 1, -1, -1, 1]"
cloud_gaming,CG_Xbox,/indian-slp/Users/ug/ZEPA/Kritik/net_data/5G_Traffic_Datasets/CG_Xbox/xbox_forzahorizon5_2Players_ex40.csv,pretrain,0,0.195141,True,3,0,0,21,7,63,0.057679,"[66, 66, 66, 66, 66, 54, 274, 2486, 54, 212, 105, 123, 54, 141, 92, 206, 727, 60, 92, 1256, 60, 96, 54, 54]","[0.0, 0.195141, 0.806172, 2.001165, 0.190207, 0.052641, 0.003239, 0.209759, 0.009763, 0.001439, 0.188962, 0.0, 0.012525, 0.001438, 0.000463, 0.000506, 0.000498, 0.194444, 0.0, 0.00036, 0.0, 0.0, 0.021129, 0.042423]","[1, -1, 1, 1, -1, 1, 1, -1, 1, 1, -1, -1, 1, 1, 1, 1, 1, -1, -1, -1, -1, -1, 1, 1]"
cloud_gaming,CG_Xbox,/indian-slp/Users/ug/ZEPA/Kritik/net_data/5G_Traffic_Datasets/CG_Xbox/xbox_forzahorizon5_2Players_ex40.csv,pretrain,0,0.189922,True,1,0,0,21,7,63,0.057679,"[66, 66, 54, 274, 2485, 54, 212, 105, 123, 54, 141, 199, 92, 779, 92, 60, 96, 1702, 54, 54]","[0.0, 0.189922, 0.030835, 0.001161, 0.192166, 0.01064, 0.00797, 0.195046, 0.0, 0.024108, 0.005467, 0.000536, 0.000968, 0.001033, 0.18818, 0.005834, 0.0, 0.000137, 0.019393, 0.002825]","[1, -1, 1, 1, -1, 1, 1, -1, -1, 1, 1, 1, 1, 1, -1, -1, -1, -1, 1, 1]"
cloud_gaming,CG_Xbox,/indian-slp/Users/ug/ZEPA/Kritik/net_data/5G_Traffic_Datasets/CG_Xbox/xbox_forzahorizon5_2Players_ex40.csv,pretrain,0,0.191549,True,1,0,0,21,7,63,0.057679,"[66, 66, 54, 274, 2486, 54, 212, 105, 123, 54, 141, 206, 92, 718, 92, 60, 96, 1618, 54, 54]","[0.0, 0.191549, 0.019562, 0.001795, 0.196825, 0.029828, 0.004235, 0.191704, 0.0, 0.00649, 0.004397, 0.001606, 0.000993, 0.001034, 0.181428, 0.012058, 0.0, 1e-06, 0.015708, 0.004178]","[1, -1, 1, 1, -1, 1, 1, -1, -1, 1, 1, 1, 1, 1, -1, -1, -1, -1, 1, 1]"
cloud_gaming,CG_Xbox,/indian-slp/Users/ug/ZEPA/Kritik/net_data/5G_Traffic_Datasets/CG_Xbox/xbox_forzahorizon5_2Players_ex40.csv,pretrain,0,0.192759,True,1,0,0,21,7,63,0.057679,"[66, 66, 54, 274, 2486, 54, 212, 105, 123, 54, 141, 205, 92, 712, 60, 92, 96, 523, 54, 54]","[0.0, 0.192759, 0.02383, 0.00399, 0.190356, 0.017959, 0.000362, 0.18987, 0.0, 0.024115, 0.000713, 0.000517, 0.00048, 0.0005, 0.189247, 0.0, 0.006005, 6.7e-05, 0.011726, 0.035295]","[1, -1, 1, 1, -1, 1, 1, -1, -1, 1, 1, 1, 1, 1, -1, -1, -1, -1, 1, 1]"
cloud_gaming,CG_Xbox,/indian-slp/Users/ug/ZEPA/Kritik/net_data/5G_Traffic_Datasets/CG_Xbox/xbox_forzahorizon5_2Players_ex40.csv,pretrain,0,0.157966,True,0,0,0,14,3,15,0.046416,"[55, 66, 1478, 527, 60, 499, 54]","[0.0, 0.157966, 14.583572, 0.001131, 0.156985, 0.084267, 0.064944]","[1, -1, 1, 1, -1, -1, 1]"
cloud_gaming,CG_Xbox,/indian-slp/Users/ug/ZEPA/Kritik/net_data/5G_Traffic_Datasets/CG_Xbox/xbox_forzahorizon5_2Players_ex40.csv,pretrain,0,0.153499,True,0,0,0,21,7,63,0.057679,"[55, 66, 1478, 539, 60, 499, 54]","[0.0, 0.153499, 14.099714, 0.000492, 0.170804, 0.068752, 0.062418]","[1, -1, 1, 1, -1, -1, 1]"
cloud_gaming,CG_Xbox,/indian-slp/Users/ug/ZEPA/Kritik/net_data/5G_Traffic_Datasets/CG_Xbox/xbox_forzahorizon5_2Players_ex40.csv,pretrain,0,0.02734,True,1,0,0,11,2,13,0.219647,"[86, 86, 74, 375, 74, 173, 74, 446, 74, 596, 5834, 86, 86, 86, 74, 148, 154, 380, 74, 105, 136, 533, 74, 586, 74, 74, 105, 74, 105, 74, 149, 74, 269, 105, 74, 74]","[0.0, 0.02734, 0.00486, 0.004514, 0.026208, 0.0, 0.002557, 0.001705, 0.034813, 0.005313, 0.000115, 0.007922, 0.003339, 0.000692, 0.001491, 0.000896, 0.000929, 0.002269, 0.032113, 0.0, 0.0, 0.0, 0.0, 1e-06, 0.004285, 0.000699, 0.00089, 0.002048, 0.008205, 0.000512, 0.000517, 0.024698, 0.006251, 0.0, 0.008512, 0.001002]","[1, -1, 1, 1, -1, -1, 1, 1, -1, -1, -1, 1, 1, 1, 1, 1, 1, 1, -1, -1, -1, -1, -1, -1, 1, 1, -1, 1, 1, 1, 1, -1, -1, -1, 1, 1]"
cloud_gaming,CG_Xbox,/indian-slp/Users/ug/ZEPA/Kritik/net_data/5G_Traffic_Datasets/CG_Xbox/xbox_forzahorizon5_2Players_ex40.csv,pretrain,0,0.017043,True,1,0,0,11,2,13,0.219647,"[86, 86, 74, 663, 74, 338, 74, 154, 154, 1514, 1077, 1160, 105, 361, 74, 74, 135, 74, 105, 74, 74, 74, 74, 105, 74, 74, 105, 414, 74]","[0.0, 0.017043, 0.027224, 0.001838, 0.024709, 0.005993, 0.029579, 8.9e-05, 0.000181, 0.000263, 0.00043, 0.000444, 0.000507, 0.028619, 0.0, 0.0, 0.0, 0.000134, 0.0, 0.0, 0.0, 0.009129, 0.001577, 0.000509, 0.000503, 0.019141, 0.098927, 0.0, 0.017198]","[1, -1, 1, 1, -1, -1, 1, 1, 1, 1, 1, 1, 1, -1, -1, -1, -1, -1, -1, -1, -1, 1, 1, 1, 1, -1, -1, -1, 1]"
cloud_gaming,CG_Xbox,/indian-slp/Users/ug/ZEPA/Kritik/net_data/5G_Traffic_Datasets/CG_Xbox/xbox_forzahorizon5_2Players_ex40.csv,pretrain,0,0.135122,True,1,0,0,11,2,13,0.219647,"[86, 86, 74, 370, 173, 74, 74, 441, 74, 596, 4394, 1514, 86, 86, 86, 74, 148, 154, 376, 533, 74, 136, 74, 74, 105, 74, 105, 74, 584, 105, 74, 149, 74, 74, 268, 105, 74, 74]","[0.0, 0.135122, 0.007118, 0.000962, 0.135789, 0.0, 0.004428, 0.001879, 0.127659, 0.011979, 6.1e-05, 0.0001, 0.002701, 0.001506, 0.000487, 0.001351, 0.001579, 0.000683, 0.00053, 0.12898, 0.0, 1e-06, 0.002719, 0.000805, 0.000537, 0.001943, 0.0, 0.004503, 0.001522, 1e-06, 0.007443, 0.001777, 0.106338, 0.022424, 0.006047, 0.0, 0.003439, 0.000927]","[1, -1, 1, 1, -1, -1, 1, 1, -1, -1, -1, -1, 1, 1, 1, 1, 1, 1, 1, -1, -1, -1, 1, 1, 1, -1, -1, 1, -1, -1, 1, 1, -1, -1, -1, -1, 1, 1]"
cloud_gaming,CG_Xbox,/indian-slp/Users/ug/ZEPA/Kritik/net_data/5G_Traffic_Datasets/CG_Xbox/xbox_forzahorizon5_2Players_ex40.csv,pretrain,0,0.029141,True,1,0,0,11,2,13,0.219647,"[86, 86, 74, 367, 74, 173, 74, 438, 74, 596, 5834, 86, 74, 148, 154, 374, 136, 533, 74, 74, 74, 105, 584, 74, 105, 105, 74, 74, 74, 149, 74, 74, 105, 267, 74, 74]","[0.0, 0.029141, 0.004032, 0.000873, 0.024943, 0.005994, 0.002279, 0.001912, 0.031779, 0.006047, 0.000114, 0.002311, 0.002554, 0.003015, 0.00197, 0.000521, 0.019546, 0.0, 0.0, 0.004033, 0.000523, 0.000499, 0.000897, 0.0, 0.0, 0.0, 0.002702, 0.000717, 0.000701, 0.004091, 0.015799, 0.006013, 0.0, 0.0, 0.003139, 0.001266]","[1, -1, 1, 1, -1, -1, 1, 1, -1, -1, -1, 1, 1, 1, 1, 1, -1, -1, -1, 1, 1, 1, -1, -1, -1, -1, 1, 1, 1, 1, -1, -1, -1, -1, 1, 1]"
cloud_gaming,CG_Xbox,/indian-slp/Users/ug/ZEPA/Kritik/net_data/5G_Traffic_Datasets/CG_Xbox/xbox_forzahorizon5_2Players_ex40.csv,pretrain,0,0.0,False,0,0,0,14,3,15,0.046416,"[345, 93, 1478, 1478, 1478, 1478, 1478, 1478, 1478, 1478, 1478, 1478, 1478, 796, 1478, 1478, 1478, 1478, 1478, 1478, 1478, 1478, 1478, 1478, 1478, 796, 1478, 1478, 1478, 1478, 1478, 1478, 1478, 1478, 1478, 1478, 1478, 796, 1478, 1478, 1478, 1478, 1478, 1478, 1478, 1478, 1478, 1478, 1478, 796, 1478, 1478, 1478, 1478, 1478, 1478, 1478, 1478, 1478, 1478, 1478, 796, 1478, 1478]","[0.0, 0.004882, 0.009938, 0.000625, 0.000682, 0.000528, 0.000503, 0.000634, 0.000374, 0.000533, 0.000503, 0.000593, 0.000528, 0.000361, 0.00052, 0.000499, 0.000499, 0.000501, 0.000498, 0.000509, 0.000985, 8.8e-05, 0.000373, 0.000768, 0.000236, 0.000828, 0.000218, 0.000491, 0.000464, 0.000487, 0.000552, 0.000498, 0.000504, 0.000505, 0.000496, 0.000617, 0.000401, 0.000427, 0.00055, 0.000494, 0.000459, 0.000567, 0.000495, 0.000514, 0.000482, 0.000501, 0.0005, 0.000641, 0.000362, 0.000501, 0.001007, 0.000481, 0.000512, 0.000523, 0.000483, 0.000501, 0.000492, 0.00054, 0.000579, 0.000375, 0.000505, 0.000516, 0.000607, 0.000385]","[1, 1, 1, 1, 1, 1, 1, 1, 1, 1, 1, 1, 1, 1, 1, 1, 1, 1, 1, 1, 1, 1, 1, 1, 1, 1, 1, 1, 1, 1, 1, 1, 1, 1, 1, 1, 1, 1, 1, 1, 1, 1, 1, 1, 1, 1, 1, 1, 1, 1, 1, 1, 1, 1, 1, 1, 1, 1, 1, 1, 1, 1, 1, 1]"
cloud_gaming,CG_Xbox,/indian-slp/Users/ug/ZEPA/Kritik/net_data/5G_Traffic_Datasets/CG_Xbox/xbox_forzahorizon5_2Players_ex40.csv,pretrain,1,0.023965,True,0,0,0,14,3,15,0.046416,"[1177, 1177, 1177, 1177, 1177, 1177, 386, 1177, 1177, 1177, 1177, 1177, 99, 390, 1175, 1175, 1175, 1175, 1175, 1175, 1176, 1175, 1175, 1175, 1175, 1175, 1175, 544, 143, 104, 143, 1184, 1184, 1184, 1184, 1184, 1184, 1184, 1184, 528, 1184, 1184, 1185, 1185, 1184, 99, 143, 586, 1171, 1171, 1171, 1171, 1171, 1171, 1171, 1171, 1171, 1171, 1171, 501, 1171, 1171, 104, 112]","[0.0, 0.0, 9.5e-05, 0.0, 0.0, 0.0, 0.0, 0.0, 0.0, 6.3e-05, 7.1e-05, 0.0, 0.017889, 0.01187, 7.3e-05, 0.0, 0.0, 0.0, 0.0, 0.0, 0.000104, 0.0, 0.0, 0.0, 0.0, 0.0, 0.0, 0.005731, 0.002131, 0.009958, 0.008826, 0.005181, 0.0, 0.0, 5.9e-05, 0.0, 0.0, 0.0, 0.0, 0.010688, 2.6e-05, 0.005143, 3.9e-05, 0.0, 0.0, 0.005946, 0.003918, 0.00206, 0.006041, 0.006022, 3.6e-05, 0.0, 0.0, 6.1e-05, 0.0, 1e-06, 0.0, 0.00594, 4.4e-05, 0.0, 0.0, 0.0, 0.00267, 0.007103]","[-1, -1, -1, -1, -1, -1, -1, -1, -1, -1, -1, -1, -1, -1, -1, -1, -1, -1, -1, -1, -1, -1, -1, -1, -1, -1, -1, -1, 1, 1, 1, -1, -1, -1, -1, -1, -1, -1, -1, -1, -1, -1, -1, -1, -1, -1, 1, -1, -1, -1, -1, -1, -1, -1, -1, -1, -1, -1, -1, -1, -1, -1, 1, -1]"
cloud_gaming,CG_Xbox,/indian-slp/Users/ug/ZEPA/Kritik/net_data/5G_Traffic_Datasets/CG_Xbox/xbox_forzahorizon5_2Players_ex40.csv,pretrain,1,0.002986,True,0,0,0,21,7,63,0.057679,"[1060, 99, 138, 143, 394, 106, 392, 1017, 1017, 1017, 1018, 143, 390, 88, 1107, 139, 143, 1107, 1107, 99, 388, 143, 99, 393, 1182, 389, 84, 567, 389, 143, 387, 112, 338, 99, 388, 143, 139, 80, 384, 1036, 1036, 1036, 99, 1037, 386, 390, 1213, 1213, 1213, 1213, 1213, 171, 84, 1213, 1214, 1213, 671, 1214, 1214, 1214, 1214, 1214, 1214, 1214]","[0.0, 0.005825, 0.0, 0.003028, 0.002986, 0.012025, 0.00599, 3.9e-05, 0.0, 0.0, 7.3e-05, 0.00521, 0.006656, 0.006762, 0.00215, 0.001822, 0.001344, 0.001931, 0.0, 1e-06, 0.006015, 0.008025, 0.00797, 0.011924, 4.1e-05, 0.01212, 0.009571, 0.010295, 0.006046, 0.006795, 0.011168, 0.005993, 0.0, 0.00604, 0.006053, 0.008291, 0.000539, 0.000999, 0.003784, 0.010335, 0.0, 0.0, 0.012043, 0.0, 0.005917, 0.013736, 2.9e-05, 0.0, 0.01043, 0.0, 0.0, 0.005286, 0.000497, 0.00012, 0.0, 0.0, 0.005948, 0.0, 0.005966, 2.8e-05, 0.005966, 0.006002, 3.9e-05, 0.0]","[-1, -1, -1, 1, -1, 1, -1, -1, -1, -1, -1, 1, -1, 1, -1, 1, 1, -1, -1, -1, -1, 1, -1, -1, -1, -1, 1, -1, -1, 1, -1, -1, -1, -1, -1, 1, 1, 1, -1, -1, -1, -1, -1, -1, -1, -1, -1, -1, -1, -1, -1, 1, 1, -1, -1, -1, -1, -1, -1, -1, -1, -1, -1, -1]"
cloud_gaming,CG_Xbox,/indian-slp/Users/ug/ZEPA/Kritik/net_data/5G_Traffic_Datasets/CG_Xbox/xbox_forzahorizon5_2Players_ex40.csv,pretrain,0,0.0,False,0,0,0,1,1,1,0.028753,"[98, 98, 98, 98, 98, 98, 98, 98, 98, 98, 98, 98, 98, 98, 98, 98, 98, 98, 98, 98, 98, 98, 98, 98, 98, 98, 98, 98, 98, 98, 98, 98, 98, 98, 98, 98, 98, 98, 98, 98, 98, 98, 98, 98, 98, 98, 98, 98, 98, 98, 98, 98, 98, 98, 98, 98, 98, 98, 98, 98, 98, 98, 98, 98]","[0.0, 0.511948, 0.512222, 0.512336, 0.511522, 0.51281, 0.748294, 0.518916, 0.527735, 0.511852, 0.511213, 0.745756, 0.535009, 0.511286, 0.516086, 0.532601, 0.522246, 0.540703, 0.701676, 0.50186, 0.503505, 0.530398, 0.512426, 0.515975, 0.540199, 0.511935, 0.510986, 0.514271, 0.512187, 0.517224, 0.544122, 0.530195, 0.6296, 0.512422, 0.550827, 0.531007, 0.502082, 0.522094, 0.630014, 0.500313, 0.531788, 0.541981, 0.568407, 0.553654, 0.6122, 0.66217, 0.508733, 0.512548, 0.511526, 0.512292, 0.512087, 0.593571, 0.500675, 0.727557, 0.508278, 0.670331, 0.633994, 0.676342, 0.603852, 0.58939, 0.574026, 0.500162, 0.50218, 0.563718]","[1, 1, 1, 1, 1, 1, 1, 1, 1, 1, 1, 1, 1, 1, 1, 1, 1, 1, 1, 1, 1, 1, 1, 1, 1, 1, 1, 1, 1, 1, 1, 1, 1, 1, 1, 1, 1, 1, 1, 1, 1, 1, 1, 1, 1, 1, 1, 1, 1, 1, 1, 1, 1, 1, 1, 1, 1, 1, 1, 1, 1, 1, 1, 1]"
cloud_gaming,CG_Xbox,/indian-slp/Users/ug/ZEPA/Kritik/net_data/5G_Traffic_Datasets/CG_Xbox/xbox_forzahorizon5_2Players_ex40.csv,pretrain,0,0.0,False,0,0,0,14,3,15,0.046416,"[78, 54, 78, 54, 78, 54, 78, 54, 78, 54, 78, 54, 78, 54, 78, 54, 78, 54, 78, 54, 78, 54, 78, 54, 78, 54, 78, 54, 78, 54, 78, 54, 801, 54, 693, 54, 78, 78, 54, 78, 54, 78, 54, 78, 54, 78, 54, 78, 54, 78, 54, 78, 54, 78, 54, 78, 54, 78, 54, 78, 54, 78, 54, 78]","[0.0, 0.050095, 9.965777, 0.061388, 9.94254, 0.04698, 9.947295, 0.056379, 9.95514, 0.05612, 9.937719, 0.052614, 9.945275, 0.052275, 9.96166, 0.061645, 9.940152, 0.06545, 9.932762, 0.060762, 9.968899, 0.077874, 9.922137, 0.07768, 9.926036, 0.047304, 9.966637, 0.04843, 9.939264, 0.067888, 9.954208, 0.057042, 7.243953, 0.002449, 9.892235, 0.004257, 9.99957, 0.80617, 0.059139, 9.150523, 0.055495, 9.956546, 0.051011, 9.954713, 0.057142, 9.95876, 0.056614, 9.959444, 0.046911, 9.984788, 0.07996, 9.976282, 0.058738, 9.952841, 0.055406, 9.945046, 0.057098, 9.953663, 0.062775, 9.958194, 0.061951, 9.950778, 0.05864, 9.960202]","[-1, 1, -1, 1, -1, 1, -1, 1, -1, 1, -1, 1, -1, 1, -1, 1, -1, 1, -1, 1, -1, 1, -1, 1, -1, 1, -1, 1, -1, 1, -1, 1, -1, 1, -1, 1, -1, -1, 1, -1, 1, -1, 1, -1, 1, -1, 1, -1, 1, -1, 1, -1, 1, -1, 1, -1, 1, -1, 1, -1, 1, -1, 1, -1]"
cloud_gaming,CG_Xbox,/indian-slp/Users/ug/ZEPA/Kritik/net_data/5G_Traffic_Datasets/CG_Xbox/xbox_forzahorizon5_2Players_ex40.csv,pretrain,0,0.957165,True,0,0,0,14,3,15,0.046416,"[360, 54, 460, 242, 60, 360, 460, 242, 60, 360, 54, 460, 242, 60, 360, 54, 460, 242, 60, 360, 54, 460, 246, 60, 360, 54, 460, 243, 60, 360, 54, 460, 242, 60, 360, 54, 460, 242, 60, 360, 460, 243, 60, 360, 460, 242, 60, 360, 460, 242, 60, 360, 54, 460, 242, 60, 360, 54, 460, 242, 60, 360, 54, 460]","[0.0, 0.048822, 0.791874, 0.003301, 0.16199, 0.238172, 0.014572, 0.000541, 0.160796, 0.023946, 0.047424, 0.363433, 0.000535, 0.16859, 0.024008, 0.045269, 0.770297, 0.001331, 0.163511, 0.017551, 0.053034, 0.77131, 0.001079, 0.170566, 0.012028, 0.047746, 0.785329, 0.00686, 0.156135, 0.023899, 0.050632, 0.765058, 0.000474, 0.175839, 3.064092, 0.059762, 0.734126, 0.002782, 0.163192, 0.014795, 0.016292, 0.000533, 0.166377, 0.012018, 0.007053, 0.000534, 0.172389, 0.072033, 0.006641, 0.000532, 0.164798, 0.018024, 0.061325, 0.128318, 0.000507, 0.167945, 0.011917, 0.049488, 0.777762, 0.000536, 0.164214, 0.020664, 0.054024, 0.772692]","[-1, 1, 1, 1, -1, -1, 1, 1, -1, -1, 1, 1, 1, -1, -1, 1, 1, 1, -1, -1, 1, 1, 1, -1, -1, 1, 1, 1, -1, -1, 1, 1, 1, -1, -1, 1, 1, 1, -1, -1, 1, 1, -1, -1, 1, 1, -1, -1, 1, 1, -1, -1, 1, 1, 1, -1, -1, 1, 1, 1, -1, -1, 1, 1]"
cloud_gaming,CG_Xbox,/indian-slp/Users/ug/ZEPA/Kritik/net_data/5G_Traffic_Datasets/CG_Xbox/xbox_forzahorizon5_2Players_ex40.csv,pretrain,0,0.0,False,0,0,0,21,7,63,0.057679,"[78, 54, 78, 54, 511, 54, 687, 54, 54, 78, 54, 613, 785, 54, 54, 78, 54, 590, 224, 604, 54, 54, 54, 54, 130, 54, 649, 54, 54, 131, 54, 78, 54, 78, 54, 78, 54, 78, 54, 78, 54, 78, 54, 862, 54, 54, 850, 54, 54, 78, 54, 649, 54, 54, 78, 54, 78, 54, 78, 54, 78, 54, 78, 54]","[0.0, 0.003881, 9.988048, 0.008968, 4.98685, 0.008212, 0.499959, 0.043394, 0.002633, 9.962134, 0.019867, 3.071786, 7.6e-05, 0.002886, 0.001783, 9.997502, 0.020114, 1.07952, 9.7e-05, 0.0, 0.003493, 0.000509, 0.001644, 0.002654, 9.341425, 0.004763, 5.899185, 0.003104, 0.000763, 4.602064, 0.004498, 10.009417, 0.004565, 9.993251, 0.00802, 10.010291, 0.01502, 9.979021, 0.0337, 9.983959, 0.019638, 9.967813, 0.017403, 5.415051, 0.018206, 0.000473, 1.640812, 0.012506, 0.000515, 9.994949, 0.013054, 9.220823, 0.005434, 0.001185, 10.003164, 0.001733, 9.998256, 0.003788, 9.996183, 0.010074, 9.989956, 0.014308, 9.983285, 0.023873]","[-1, 1, -1, 1, -1, 1, -1, 1, 1, -1, 1, -1, -1, 1, 1, -1, 1, -1, -1, -1, 1, 1, 1, 1, -1, 1, -1, 1, 1, -1, 1, -1, 1, -1, 1, -1, 1, -1, 1, -1, 1, -1, 1, -1, 1, 1, -1, 1, 1, -1, 1, -1, 1, 1, -1, 1, -1, 1, -1, 1, -1, 1, -1, 1]"
cloud_gaming,CG_Xbox,/indian-slp/Users/ug/ZEPA/Kritik/net_data/5G_Traffic_Datasets/CG_Xbox/xbox_forzahorizon5_2Players_ex40.csv,pretrain,0,0.0,False,0,0,0,21,7,63,0.057679,"[78, 54, 78, 54, 510, 54, 686, 54, 78, 54, 613, 785, 54, 54, 78, 54, 603, 759, 54, 130, 54, 648, 54, 130, 54, 78, 54, 78, 54, 78, 54, 78, 54, 78, 54, 78, 54, 861, 54, 849, 54, 78, 54, 648, 54, 78, 54, 78, 54, 78, 54, 78, 54, 78, 54, 78, 54, 78, 54, 78, 54, 78, 78, 78]","[0.0, 0.050035, 9.948517, 0.045342, 4.950091, 0.058048, 0.455809, 0.022527, 9.993347, 0.066309, 3.01158, 0.005987, 0.005627, 0.001317, 10.000982, 0.070806, 1.021753, 0.0, 0.004566, 9.340668, 0.045023, 5.853017, 0.008141, 4.604525, 0.06139, 9.939692, 0.047034, 9.956985, 0.048403, 9.957762, 0.057239, 9.936738, 0.072976, 9.932378, 0.055456, 9.938399, 0.062569, 5.417558, 0.009897, 1.626024, 0.005189, 10.002577, 0.043621, 9.190239, 0.016682, 9.987222, 0.043793, 9.950134, 0.04583, 9.954279, 0.071989, 9.934186, 0.066327, 9.934956, 0.047705, 9.95823, 0.050103, 9.941709, 0.044596, 9.957385, 0.051755, 9.945976, 0.802086, 1.613976]","[-1, 1, -1, 1, -1, 1, -1, 1, -1, 1, -1, -1, 1, 1, -1, 1, -1, -1, 1, -1, 1, -1, 1, -1, 1, -1, 1, -1, 1, -1, 1, -1, 1, -1, 1, -1, 1, -1, 1, -1, 1, -1, 1, -1, 1, -1, 1, -1, 1, -1, 1, -1, 1, -1, 1, -1, 1, -1, 1, -1, 1, -1, -1, -1]"
cloud_gaming,CG_Xbox,/indian-slp/Users/ug/ZEPA/Kritik/net_data/5G_Traffic_Datasets/CG_Xbox/xbox_forzahorizon5_2Players_ex40.csv,pretrain,0,0.00042,True,1,2,0,21,7,63,0.057679,"[66, 66, 54, 56, 60, 105, 60, 276, 54, 60, 54]","[0.0, 0.00042, 0.048546, 0.000989, 0.000264, 0.000246, 0.000173, 0.049936, 0.00901, 0.000309, 0.004752]","[1, -1, 1, 1, -1, 1, -1, -1, 1, -1, 1]"
cloud_gaming,CG_Xbox,/indian-slp/Users/ug/ZEPA/Kritik/net_data/5G_Traffic_Datasets/CG_Xbox/xbox_forzahorizon5_2Players_ex40.csv,pretrain,0,0.000222,True,1,2,0,21,7,63,0.057679,"[66, 66, 54, 56, 60, 105, 60, 234, 54, 60, 54]","[0.0, 0.000222, 0.048753, 0.001507, 0.000223, 0.000279, 0.000195, 0.000157, 0.005131, 0.000251, 0.003239]","[1, -1, 1, 1, -1, 1, -1, -1, 1, -1, 1]"
cloud_gaming,CG_Xbox,/indian-slp/Users/ug/ZEPA/Kritik/net_data/5G_Traffic_Datasets/CG_Xbox/xbox_forzahorizon5_2Players_ex40.csv,pretrain,0,0.000149,True,1,2,0,21,7,63,0.057679,"[66, 66, 54, 56, 60, 105, 60, 273, 54, 60, 54]","[0.0, 0.000149, 0.050783, 0.000492, 0.000238, 0.000289, 0.000183, 0.047404, 0.006244, 0.00031, 0.00683]","[1, -1, 1, 1, -1, 1, -1, -1, 1, -1, 1]"
cloud_gaming,CG_Xbox,/indian-slp/Users/ug/ZEPA/Kritik/net_data/5G_Traffic_Datasets/CG_Xbox/xbox_forzahorizon5_2Players_ex40.csv,pretrain,0,0.0,False,5,0,0,21,7,63,0.057679,"[66, 66, 66, 66, 66]","[0.0, 0.999211, 1.9997, 4.001545, 8.000507]","[1, 1, 1, 1, 1]"
cloud_gaming,CG_Xbox,/indian-slp/Users/ug/ZEPA/Kritik/net_data/5G_Traffic_Datasets/CG_Xbox/xbox_forzahorizon5_2Players_ex40.csv,pretrain,2,0.062615,True,0,0,0,5,1,7,3.695883,"[1292, 142, 1292, 859, 1292, 86, 229, 1292, 135, 93, 94, 182, 94]","[0.0, 0.003493, 0.059122, 0.035958, 0.0, 8.5e-05, 0.0, 0.005586, 0.000643, 0.000302, 0.025043, 0.010427, 0.035816]","[1, 1, -1, -1, -1, -1, -1, 1, 1, 1, 1, -1, 1]"
cloud_gaming,CG_Xbox,/indian-slp/Users/ug/ZEPA/Kritik/net_data/5G_Traffic_Datasets/CG_Xbox/xbox_forzahorizon5_2Players_ex40.csv,pretrain,0,0.0,False,0,0,1,14,3,15,0.046416,"[155, 155, 155, 155, 155, 155, 155, 155, 155, 54]","[0.0, 0.3058, 0.308451, 0.602354, 1.202829, 1.206128, 1.201852, 2.408719, 4.809426, 9.609691]","[1, 1, 1, 1, 1, 1, 1, 1, 1, 1]"
cloud_gaming,CG_Xbox,/indian-slp/Users/ug/ZEPA/Kritik/net_data/5G_Traffic_Datasets/CG_Xbox/xbox_forzahorizon5_2Players_ex40.csv,pretrain,0,0.0,False,5,0,0,21,7,63,0.057679,"[66, 66, 66, 66, 66]","[0.0, 1.175479, 1.843153, 3.98594, 7.999318]","[1, 1, 1, 1, 1]"
cloud_gaming,CG_Xbox,/indian-slp/Users/ug/ZEPA/Kritik/net_data/5G_Traffic_Datasets/CG_Xbox/xbox_forzahorizon5_2Players_ex40.csv,pretrain,0,0.0,False,0,6,1,11,2,13,0.219647,"[74, 74, 74, 74, 74, 74, 74]","[0.0, 0.301819, 0.601537, 1.20411, 2.405528, 4.799107, 9.607887]","[1, 1, 1, 1, 1, 1, 1]"
cloud_gaming,CG_Xbox,/indian-slp/Users/ug/ZEPA/Kritik/net_data/5G_Traffic_Datasets/CG_Xbox/xbox_forzahorizon5_2Players_ex40.csv,pretrain,0,0.0,False,0,6,1,11,2,13,0.219647,"[74, 74, 74, 74, 74, 74, 74]","[0.0, 0.300376, 0.609144, 1.202101, 2.400987, 4.801008, 9.607095]","[1, 1, 1, 1, 1, 1, 1]"
cloud_gaming,CG_Xbox,/indian-slp/Users/ug/ZEPA/Kritik/net_data/5G_Traffic_Datasets/CG_Xbox/xbox_forzahorizon5_2Players_ex40.csv,pretrain,0,0.0,False,0,6,1,11,2,13,0.219647,"[74, 74, 74, 74, 74, 74, 74]","[0.0, 0.30177, 0.6013, 1.200254, 2.401285, 4.803389, 9.605129]","[1, 1, 1, 1, 1, 1, 1]"
cloud_gaming,CG_Xbox,/indian-slp/Users/ug/ZEPA/Kritik/net_data/5G_Traffic_Datasets/CG_Xbox/xbox_forzahorizon5_2Players_ex40.csv,pretrain,0,0.000396,True,1,2,0,21,7,63,0.057679,"[66, 66, 54, 56, 60, 105, 60, 272, 54, 60, 54]","[0.0, 0.000396, 0.05111, 0.0015, 0.000328, 0.000421, 0.000174, 0.053653, 0.016321, 0.000319, 0.003861]","[1, -1, 1, 1, -1, 1, -1, -1, 1, -1, 1]"
cloud_gaming,CG_Xbox,/indian-slp/Users/ug/ZEPA/Kritik/net_data/5G_Traffic_Datasets/CG_Xbox/xbox_forzahorizon5_2Players_ex40.csv,pretrain,0,0.000268,True,1,2,0,21,7,63,0.057679,"[66, 66, 54, 56, 105, 60, 60, 228, 54, 60, 54]","[0.0, 0.000268, 0.051191, 0.003278, 7.9e-05, 0.000232, 0.0, 0.052065, 0.016832, 0.000212, 0.005906]","[1, -1, 1, 1, 1, -1, -1, -1, 1, -1, 1]"
cloud_gaming,CG_Xbox,/indian-slp/Users/ug/ZEPA/Kritik/net_data/5G_Traffic_Datasets/CG_Xbox/xbox_forzahorizon5_2Players_ex40.csv,pretrain,0,0.000202,True,1,2,0,21,7,63,0.057679,"[66, 66, 54, 56, 105, 60, 60, 272, 54, 60, 54]","[0.0, 0.000202, 0.050547, 0.002934, 7.1e-05, 0.000335, 2.7e-05, 0.051862, 0.017252, 0.000217, 0.005952]","[1, -1, 1, 1, 1, -1, -1, -1, 1, -1, 1]"
cloud_gaming,CG_Xbox,/indian-slp/Users/ug/ZEPA/Kritik/net_data/5G_Traffic_Datasets/CG_Xbox/xbox_forzahorizon5_2Players_ex40.csv,pretrain,0,0.0,False,5,0,0,21,7,63,0.057679,"[66, 66, 66, 66, 66]","[0.0, 1.002801, 1.999717, 4.012165, 7.996249]","[1, 1, 1, 1, 1]"
cloud_gaming,CG_Xbox,/indian-slp/Users/ug/ZEPA/Kritik/net_data/5G_Traffic_Datasets/CG_Xbox/xbox_forzahorizon5_2Players_ex40.csv,pretrain,2,0.074415,True,0,0,0,5,1,7,3.695883,"[1292, 143, 1292, 1292, 86, 852, 236, 141, 93, 94, 182, 94]","[0.0, 0.000541, 0.073874, 0.011736, 4.3e-05, 0.0, 0.0, 0.019173, 0.000463, 0.023573, 0.002774, 0.045368]","[1, 1, -1, -1, -1, -1, -1, 1, 1, 1, -1, 1]"
cloud_gaming,CG_Xbox,/indian-slp/Users/ug/ZEPA/Kritik/net_data/5G_Traffic_Datasets/CG_Xbox/xbox_forzahorizon5_2Players_ex40.csv,pretrain,0,0.0,False,5,0,0,21,7,63,0.057679,"[66, 66, 66, 66, 66]","[0.0, 1.004293, 1.997648, 4.001329, 8.001875]","[1, 1, 1, 1, 1]"
cloud_gaming,CG_Xbox,/indian-slp/Users/ug/ZEPA/Kritik/net_data/5G_Traffic_Datasets/CG_Xbox/xbox_forzahorizon5_2Players_ex40.csv,pretrain,2,0.061072,True,0,0,0,5,1,7,3.695883,"[1292, 142, 655, 1292, 1292, 1292, 846, 86, 244, 84, 590, 85, 1292, 1292, 135, 93, 93, 97, 182, 179, 87, 95, 89]","[0.0, 0.010933, 0.031797, 0.018342, 0.063995, 0.023197, 8.1e-05, 1e-06, 0.0, 0.0, 0.011815, 8e-05, 0.005763, 0.004555, 0.000562, 0.000502, 0.0005, 0.025217, 0.002238, 0.003499, 0.024848, 0.00094, 0.005027]","[1, 1, 1, -1, 1, -1, -1, -1, -1, -1, -1, -1, -1, 1, 1, 1, 1, 1, -1, 1, -1, 1, -1]"
cloud_gaming,CG_Xbox,/indian-slp/Users/ug/ZEPA/Kritik/net_data/5G_Traffic_Datasets/CG_Xbox/xbox_forzahorizon5_2Players_ex40.csv,pretrain,0,0.0,False,0,6,1,21,7,63,0.057679,"[54, 54, 54, 54, 54, 54, 54]","[0.0, 0.402112, 0.683738, 1.590972, 2.516311, 5.476378, 10.942705]","[1, 1, 1, 1, 1, 1, 1]"
cloud_gaming,CG_Xbox,/indian-slp/Users/ug/ZEPA/Kritik/net_data/5G_Traffic_Datasets/CG_Xbox/xbox_forzahorizon5_2Players_ex40.csv,pretrain,0,0.000363,True,1,2,0,21,7,63,0.057679,"[66, 66, 54, 56, 60, 108, 60, 261, 54, 60, 54]","[0.0, 0.000363, 0.006442, 0.000545, 0.00021, 0.000318, 0.000139, 0.052842, 0.020005, 0.000233, 0.00305]","[1, -1, 1, 1, -1, 1, -1, -1, 1, -1, 1]"
cloud_gaming,CG_Xbox,/indian-slp/Users/ug/ZEPA/Kritik/net_data/5G_Traffic_Datasets/CG_Xbox/xbox_forzahorizon5_2Players_ex40.csv,pretrain,0,0.000184,True,1,2,0,21,7,63,0.057679,"[66, 66, 54, 56, 60, 108, 60, 246, 54, 60, 54]","[0.0, 0.000184, 0.00816, 0.001012, 0.000264, 0.000265, 0.000167, 0.000154, 0.003984, 0.000237, 0.005521]","[1, -1, 1, 1, -1, 1, -1, -1, 1, -1, 1]"
cloud_gaming,CG_Xbox,/indian-slp/Users/ug/ZEPA/Kritik/net_data/5G_Traffic_Datasets/CG_Xbox/xbox_forzahorizon5_2Players_ex40.csv,pretrain,0,0.000223,True,1,2,0,21,7,63,0.057679,"[66, 66, 54, 56, 60, 108, 60, 261, 54, 60, 54]","[0.0, 0.000223, 0.007163, 0.001549, 0.00019, 0.000303, 0.0002, 0.043396, 0.023299, 0.000431, 0.004901]","[1, -1, 1, 1, -1, 1, -1, -1, 1, -1, 1]"
cloud_gaming,CG_Xbox,/indian-slp/Users/ug/ZEPA/Kritik/net_data/5G_Traffic_Datasets/CG_Xbox/xbox_forzahorizon5_2Players_ex40.csv,pretrain,0,0.316576,True,0,3,0,11,2,13,0.219647,"[74, 74, 74, 74, 74]","[0.0, 0.298828, 0.017748, 0.023228, 0.017329]","[1, 1, -1, -1, 1]"
cloud_gaming,CG_Xbox,/indian-slp/Users/ug/ZEPA/Kritik/net_data/5G_Traffic_Datasets/CG_Xbox/xbox_forzahorizon5_2Players_ex40.csv,pretrain,1,0.0,False,0,0,0,21,7,63,0.057679,"[81, 195, 81, 195, 175, 81, 195, 175]","[0.0, 0.000616, 1.002173, 0.000497, 0.000992, 5.897075, 0.000567, 0.000973]","[1, 1, 1, 1, 1, 1, 1, 1]"
cloud_gaming,CG_Xbox,/indian-slp/Users/ug/ZEPA/Kritik/net_data/5G_Traffic_Datasets/CG_Xbox/xbox_forzahorizon5_2Players_ex40.csv,pretrain,1,0.0,False,0,0,0,1,1,1,0.14488,"[101, 101, 195, 101, 195]","[0.0, 1.002593, 0.000996, 5.897649, 0.001015]","[1, 1, 1, 1, 1]"
cloud_gaming,CG_Xbox,/indian-slp/Users/ug/ZEPA/Kritik/net_data/5G_Traffic_Datasets/CG_Xbox/xbox_forzahorizon5_2Players_ex40.csv,pretrain,0,0.187427,True,1,2,1,21,7,63,0.057679,"[66, 66, 54, 266, 4547, 54, 54, 212, 105, 123, 54, 141, 723, 92, 1369, 60, 92, 54, 339, 133, 1478, 994, 60, 160, 54, 133, 1478, 970, 60, 160, 54, 133, 1478, 1478, 1478, 1478, 1478, 807, 60, 60, 164, 54, 133, 1478, 1108, 60, 160, 54, 96, 60, 54]","[0.0, 0.187427, 0.012598, 0.000441, 0.19517, 0.014709, 0.000497, 0.00237, 0.198516, 0.005585, 0.011, 0.004314, 0.000955, 0.000536, 0.000502, 0.198746, 0.000215, 0.061913, 0.244208, 0.022105, 0.000464, 0.00062, 0.196425, 0.114001, 0.07401, 1.05559, 0.002341, 0.000573, 0.203556, 0.018049, 0.05129, 0.118245, 0.00329, 0.000469, 0.000521, 0.000398, 0.000595, 0.000502, 0.194759, 0.005904, 0.06794, 0.046558, 0.116127, 0.001212, 0.001675, 0.188345, 0.086204, 0.016382, 0.214134, 0.0, 0.020799]","[1, -1, 1, 1, -1, 1, 1, 1, -1, -1, 1, 1, 1, 1, 1, -1, -1, 1, -1, 1, 1, 1, -1, -1, 1, 1, 1, 1, -1, -1, 1, 1, 1, 1, 1, 1, 1, 1, -1, -1, -1, 1, 1, 1, 1, -1, -1, 1, -1, -1, 1]"
cloud_gaming,CG_Xbox,/indian-slp/Users/ug/ZEPA/Kritik/net_data/5G_Traffic_Datasets/CG_Xbox/xbox_forzahorizon5_2Players_ex40.csv,pretrain,0,0.134619,True,1,0,0,21,7,63,0.057679,"[66, 66, 54, 268, 1478, 2388, 54, 212, 105, 123, 54, 141, 1478, 173, 92, 92, 60, 54, 490, 1478, 439, 60, 2902, 54, 1478, 1478, 7174, 2902, 54, 54, 54, 1478, 916, 54, 54, 54, 1478, 4326, 1478, 4326, 5750, 7174, 4326, 54, 54, 4326, 54, 54, 54, 54, 54, 54, 2902, 54, 54, 5750, 5750, 54, 54, 5750, 10022, 1478, 54, 54]","[0.0, 0.134619, 0.020709, 0.001566, 0.143302, 3.4e-05, 0.002549, 0.007646, 0.141728, 1e-06, 0.007294, 0.001103, 0.000513, 0.000499, 0.000493, 0.142193, 0.011978, 0.06574, 0.148471, 0.037053, 0.000492, 0.142816, 0.017368, 0.003457, 0.004636, 0.005938, 7.3e-05, 0.000148, 0.003611, 0.000558, 0.000809, 0.0009, 0.0, 0.003245, 0.009307, 0.034948, 0.074481, 7.7e-05, 0.017878, 4.2e-05, 0.000124, 0.0, 0.000135, 0.008108, 0.001109, 0.002819, 0.011598, 0.001458, 0.002383, 0.003015, 0.000541, 0.012097, 0.006957, 0.02756, 0.039847, 0.030326, 0.000109, 0.010801, 0.000944, 6.5e-05, 0.0001, 8.4e-05, 0.004511, 0.000503]","[1, -1, 1, 1, -1, -1, 1, 1, -1, -1, 1, 1, 1, 1, 1, -1, -1, 1, -1, 1, 1, -1, -1, 1, -1, -1, -1, -1, 1, 1, 1, -1, -1, 1, 1, 1, -1, -1, -1, -1, -1, -1, -1, 1, 1, -1, 1, 1, 1, 1, 1, 1, -1, 1, 1, -1, -1, 1, 1, -1, -1, -1, 1, 1]"
cloud_gaming,CG_Xbox,/indian-slp/Users/ug/ZEPA/Kritik/net_data/5G_Traffic_Datasets/CG_Xbox/xbox_forzahorizon5_2Players_ex40.csv,pretrain,0,0.132518,True,1,2,0,21,7,63,0.057679,"[66, 66, 54, 266, 1478, 1478, 1699, 54, 212, 105, 123, 54, 141, 1116, 92, 959, 92, 60, 54, 60, 338, 541, 995, 60, 160, 54, 541, 1046, 60, 160, 54, 541, 1215, 160, 60, 54, 54, 60, 54]","[0.0, 0.132518, 0.021201, 0.000995, 0.141907, 0.005504, 5.3e-05, 0.01674, 0.004967, 0.148584, 8e-05, 0.013517, 0.001697, 0.000532, 0.000497, 0.000499, 0.135089, 0.005706, 0.049171, 0.010818, 0.128261, 0.014477, 0.000543, 0.138756, 0.049975, 0.047817, 0.198825, 0.001979, 0.143435, 0.0, 0.046101, 0.249966, 0.000531, 0.145457, 0.0, 0.050877, 0.250151, 0.143116, 0.008862]","[1, -1, 1, 1, -1, -1, -1, 1, 1, -1, -1, 1, 1, 1, 1, 1, -1, -1, 1, -1, -1, 1, 1, -1, -1, 1, 1, 1, -1, -1, 1, 1, 1, -1, -1, 1, 1, -1, 1]"
cloud_gaming,CG_Xbox,/indian-slp/Users/ug/ZEPA/Kritik/net_data/5G_Traffic_Datasets/CG_Xbox/xbox_forzahorizon5_2Players_ex40.csv,pretrain,1,0.0,False,0,0,0,1,1,3,1.613517,"[353, 362, 409, 407, 419, 417, 353, 362, 409, 407, 419, 417]","[0.0, 0.050196, 0.050935, 0.049915, 0.050051, 0.050289, 0.250407, 0.050238, 0.050314, 0.050247, 0.050224, 0.050273]","[1, 1, 1, 1, 1, 1, 1, 1, 1, 1, 1, 1]"
cloud_gaming,CG_Xbox,/indian-slp/Users/ug/ZEPA/Kritik/net_data/5G_Traffic_Datasets/CG_Xbox/xbox_forzahorizon5_2Players_ex40.csv,pretrain,1,0.0,False,0,0,0,1,1,3,1.613517,"[287, 296, 327, 339, 287, 296, 327, 339]","[0.0, 0.050356, 0.051028, 0.049373, 0.250453, 0.05024, 0.05033, 0.050319]","[1, 1, 1, 1, 1, 1, 1, 1]"
cloud_gaming,CG_Xbox,/indian-slp/Users/ug/ZEPA/Kritik/net_data/5G_Traffic_Datasets/CG_Xbox/xbox_forzahorizon5_2Players_ex40.csv,pretrain,1,0.170067,True,0,0,0,21,7,63,0.057679,"[103, 151, 103, 103, 103, 151, 103, 151, 103, 151, 103, 151, 103, 151, 103, 151, 103, 151]","[0.0, 0.170067, 0.046938, 0.973546, 26.415924, 0.160961, 27.379815, 0.16991, 24.79077, 0.170775, 24.701255, 0.160398, 28.157048, 0.162863, 26.913225, 0.167067, 24.745072, 0.165072]","[1, -1, 1, 1, 1, -1, 1, -1, 1, -1, 1, -1, 1, -1, 1, -1, 1, -1]"
cloud_gaming,CG_Xbox,/indian-slp/Users/ug/ZEPA/Kritik/net_data/5G_Traffic_Datasets/CG_Xbox/xbox_forzahorizon5_2Players_ex40.csv,pretrain,0,0.000347,True,1,2,0,21,7,63,0.057679,"[66, 66, 54, 56, 60, 105, 60, 276, 54, 60, 54]","[0.0, 0.000347, 0.048001, 0.000998, 0.000281, 0.000225, 0.000212, 0.045583, 0.017263, 0.000261, 0.026752]","[1, -1, 1, 1, -1, 1, -1, -1, 1, -1, 1]"
cloud_gaming,CG_Xbox,/indian-slp/Users/ug/ZEPA/Kritik/net_data/5G_Traffic_Datasets/CG_Xbox/xbox_forzahorizon5_2Players_ex40.csv,pretrain,0,0.000242,True,1,2,0,21,7,63,0.057679,"[66, 66, 54, 56, 60, 105, 60, 228, 54, 60, 54]","[0.0, 0.000242, 0.047935, 0.001513, 0.000229, 0.000263, 0.000153, 0.050655, 0.019888, 0.000322, 0.020532]","[1, -1, 1, 1, -1, 1, -1, -1, 1, -1, 1]"
cloud_gaming,CG_Xbox,/indian-slp/Users/ug/ZEPA/Kritik/net_data/5G_Traffic_Datasets/CG_Xbox/xbox_forzahorizon5_2Players_ex40.csv,pretrain,0,0.00016,True,1,2,0,21,7,63,0.057679,"[66, 66, 54, 56, 60, 105, 60, 276, 54, 60, 54]","[0.0, 0.00016, 0.050144, 0.000498, 0.000248, 0.000253, 0.000141, 0.049232, 0.020363, 0.000247, 0.020573]","[1, -1, 1, 1, -1, 1, -1, -1, 1, -1, 1]"
cloud_gaming,CG_Xbox,/indian-slp/Users/ug/ZEPA/Kritik/net_data/5G_Traffic_Datasets/CG_Xbox/xbox_forzahorizon5_2Players_ex40.csv,pretrain,0,0.0,False,0,0,1,14,3,15,0.046416,"[153, 153, 153, 153, 153, 153, 153, 153, 153, 54]","[0.0, 0.300775, 0.309374, 0.603027, 1.212815, 1.203546, 1.214825, 2.410864, 4.811659, 9.610394]","[1, 1, 1, 1, 1, 1, 1, 1, 1, 1]"
cloud_gaming,CG_Xbox,/indian-slp/Users/ug/ZEPA/Kritik/net_data/5G_Traffic_Datasets/CG_Xbox/xbox_forzahorizon5_2Players_ex40.csv,pretrain,0,0.0,False,5,0,0,21,7,63,0.057679,"[66, 66, 66, 66, 66]","[0.0, 1.000492, 2.001378, 4.009805, 8.003109]","[1, 1, 1, 1, 1]"
cloud_gaming,CG_Xbox,/indian-slp/Users/ug/ZEPA/Kritik/net_data/5G_Traffic_Datasets/CG_Xbox/xbox_forzahorizon5_2Players_ex40.csv,pretrain,0,0.334272,True,1,2,1,14,3,15,0.046416,"[66, 66, 54, 270, 3812, 54, 212, 123, 105, 54, 141, 1403, 92, 92, 60, 54, 455, 54, 96, 60, 54]","[0.0, 0.334272, 0.034934, 0.000978, 0.337369, 0.010568, 0.017618, 0.399757, 0.0, 0.011852, 0.030908, 0.000618, 0.000483, 0.323901, 0.011882, 0.045833, 0.328262, 0.032698, 0.323453, 2.7e-05, 0.030258]","[1, -1, 1, 1, -1, 1, 1, -1, -1, 1, 1, 1, 1, -1, -1, 1, -1, 1, -1, -1, 1]"
cloud_gaming,CG_Xbox,/indian-slp/Users/ug/ZEPA/Kritik/net_data/5G_Traffic_Datasets/CG_Xbox/xbox_forzahorizon5_2Players_ex40.csv,pretrain,0,0.326493,True,1,2,1,14,3,15,0.046416,"[66, 66, 54, 270, 1478, 2388, 54, 212, 123, 105, 212, 66, 174, 141, 964, 92, 92, 60, 54, 424, 54, 96, 60, 54]","[0.0, 0.326493, 0.003937, 0.000794, 0.335274, 6e-05, 0.004436, 0.011118, 0.376882, 0.0, 0.311394, 0.326574, 0.017376, 0.017253, 0.000537, 0.000502, 0.323641, 0.012193, 0.040435, 0.333645, 0.016239, 0.325101, 2.8e-05, 0.003693]","[1, -1, 1, 1, -1, -1, 1, 1, -1, -1, 1, -1, -1, 1, 1, 1, -1, -1, 1, -1, 1, -1, -1, 1]"
cloud_gaming,CG_Xbox,/indian-slp/Users/ug/ZEPA/Kritik/net_data/5G_Traffic_Datasets/CG_Xbox/xbox_forzahorizon5_2Players_ex40.csv,pretrain,0,0.02156,True,1,2,0,14,3,15,0.046416,"[66, 66, 54, 253, 1478, 2586, 54, 212, 105, 460, 1478, 1478, 1478, 622, 60, 60, 1478, 4326, 5750, 437, 54, 54, 54, 54, 85, 54, 60, 60]","[0.0, 0.02156, 0.00372, 0.001556, 0.024168, 4e-05, 0.002993, 0.064901, 0.044296, 0.011305, 0.000466, 0.002561, 0.000523, 0.000498, 0.026489, 0.0, 0.173954, 4.3e-05, 0.000106, 6.8e-05, 0.011044, 0.002619, 0.00053, 0.000495, 0.023626, 0.000527, 0.039114, 2.4e-05]","[1, -1, 1, 1, -1, -1, 1, 1, -1, 1, 1, 1, 1, 1, -1, -1, -1, -1, -1, -1, 1, 1, 1, 1, 1, 1, -1, -1]"
cloud_gaming,CG_Xbox,/indian-slp/Users/ug/ZEPA/Kritik/net_data/5G_Traffic_Datasets/CG_Xbox/xbox_forzahorizon5_2Players_ex40.csv,pretrain,0,0.136488,True,1,0,1,14,3,15,0.046416,"[66, 66, 54, 250, 2902, 3412, 54, 54, 54, 54, 212, 141, 60, 123, 105, 54, 54, 92, 1478, 617, 92, 54, 60, 1478, 92, 587, 54, 54, 54, 54]","[0.0, 0.136488, 0.001413, 0.0177, 0.15851, 0.000126, 0.01484, 0.000538, 0.001075, 0.002296, 0.366064, 0.000725, 0.132189, 0.006125, 0.0, 0.007247, 0.000523, 0.00483, 0.03233, 0.00054, 0.122785, 0.010675, 0.007, 0.096062, 0.0002, 0.0, 0.006538, 0.00416, 0.003745, 1.850902]","[1, -1, 1, 1, -1, -1, 1, 1, 1, 1, 1, 1, -1, -1, -1, 1, 1, 1, 1, 1, -1, 1, -1, -1, -1, -1, 1, 1, 1, 1]"
cloud_gaming,CG_Xbox,/indian-slp/Users/ug/ZEPA/Kritik/net_data/5G_Traffic_Datasets/CG_Xbox/xbox_forzahorizon5_2Players_ex40.csv,pretrain,1,0.000333,True,0,0,0,21,7,63,0.057679,"[68, 68, 73, 205, 87, 87, 160]","[0.0, 0.000333, 14.625516, 0.018859, 2.188079, 0.031434, 0.010189]","[1, -1, 1, -1, 1, 1, -1]"
cloud_gaming,CG_Xbox,/indian-slp/Users/ug/ZEPA/Kritik/net_data/5G_Traffic_Datasets/CG_Xbox/xbox_forzahorizon5_2Players_ex40.csv,pretrain,0,0.02702,True,0,2,1,14,3,15,0.046416,"[55, 66, 54, 60, 78, 54, 54]","[0.0, 0.02702, 24.866422, 0.031376, 0.000131, 0.004604, 0.000536]","[1, -1, 1, -1, -1, 1, 1]"
cloud_gaming,CG_Xbox,/indian-slp/Users/ug/ZEPA/Kritik/net_data/5G_Traffic_Datasets/CG_Xbox/xbox_forzahorizon5_2Players_ex40.csv,pretrain,1,0.0,False,0,0,0,1,1,3,1.613517,"[285, 294, 333, 333, 285, 294, 333, 333]","[0.0, 0.049747, 0.05022, 0.050341, 0.250042, 0.053761, 0.046889, 0.053105]","[1, 1, 1, 1, 1, 1, 1, 1]"
cloud_gaming,CG_Xbox,/indian-slp/Users/ug/ZEPA/Kritik/net_data/5G_Traffic_Datasets/CG_Xbox/xbox_forzahorizon5_2Players_ex40.csv,pretrain,0,0.190483,True,0,0,0,21,7,63,0.057679,"[82, 60, 82, 60, 265, 54, 82, 60, 82, 265, 54, 60, 82, 60, 265, 54]","[0.0, 0.190483, 29.810355, 0.192845, 0.606287, 0.030274, 29.98757, 0.181812, 29.818861, 0.000697, 0.004406, 0.183884, 29.818474, 0.178425, 29.764051, 0.00243]","[1, -1, 1, -1, -1, 1, 1, -1, 1, -1, 1, -1, 1, -1, -1, 1]"
cloud_gaming,CG_Xbox,/indian-slp/Users/ug/ZEPA/Kritik/net_data/5G_Traffic_Datasets/CG_Xbox/xbox_forzahorizon5_2Players_ex40.csv,pretrain,0,0.0,False,0,0,0,21,7,63,0.057679,"[344, 93, 1478, 1478, 1478, 1478, 1478, 1478, 1478, 1478, 1478, 1478, 1478, 796, 1478, 1478, 1478, 1478, 1478, 1478, 1478, 1478, 1478, 1478, 1478, 796, 1478, 1478, 1478, 1478, 1478, 1478, 1478, 1478, 1478, 1478, 1478, 796, 1478, 1478, 1478, 1478, 1478, 1478, 1478, 1478, 1478, 1478, 1478, 796, 1478, 1478, 1478, 1478, 1478, 1478, 1478, 1478, 1478, 1478, 1478, 796, 1478, 1478]","[0.0, 0.00049, 0.000499, 0.003247, 0.000476, 0.000536, 0.000436, 0.00055, 0.000536, 0.000483, 0.00051, 0.000485, 0.0005, 0.000529, 0.000478, 0.000504, 0.000491, 0.000505, 0.000492, 0.000504, 0.000522, 0.000495, 0.000494, 0.000488, 0.000509, 0.000497, 0.000508, 0.000531, 0.00049, 0.000466, 0.000491, 0.000518, 0.00049, 0.000498, 0.00047, 0.000533, 0.000498, 0.000505, 0.000503, 0.000458, 0.000538, 0.000494, 0.000497, 0.000501, 0.000499, 0.000501, 0.000499, 0.000505, 0.000496, 0.000499, 0.001002, 0.000497, 0.000501, 0.0005, 0.000501, 0.000501, 0.000498, 0.00051, 0.000494, 0.000496, 0.000498, 0.0005, 0.000503, 0.000545]","[1, 1, 1, 1, 1, 1, 1, 1, 1, 1, 1, 1, 1, 1, 1, 1, 1, 1, 1, 1, 1, 1, 1, 1, 1, 1, 1, 1, 1, 1, 1, 1, 1, 1, 1, 1, 1, 1, 1, 1, 1, 1, 1, 1, 1, 1, 1, 1, 1, 1, 1, 1, 1, 1, 1, 1, 1, 1, 1, 1, 1, 1, 1, 1]"
cloud_gaming,CG_Xbox,/indian-slp/Users/ug/ZEPA/Kritik/net_data/5G_Traffic_Datasets/CG_Xbox/xbox_forzahorizon5_2Players_ex40.csv,pretrain,0,0.0,False,5,0,0,21,7,63,0.057679,"[66, 66, 66, 66, 66]","[0.0, 1.000803, 2.00006, 4.004139, 8.160923]","[1, 1, 1, 1, 1]"
cloud_gaming,CG_Xbox,/indian-slp/Users/ug/ZEPA/Kritik/net_data/5G_Traffic_Datasets/CG_Xbox/xbox_forzahorizon5_2Players_ex40.csv,pretrain,1,0.024028,True,0,0,0,21,7,63,0.057679,"[73, 249, 87, 87, 172]","[0.0, 0.024028, 2.182921, 0.031425, 0.00375]","[1, -1, 1, 1, -1]"
cloud_gaming,CG_Xbox,/indian-slp/Users/ug/ZEPA/Kritik/net_data/5G_Traffic_Datasets/CG_Xbox/xbox_forzahorizon5_2Players_ex40.csv,pretrain,0,0.031448,True,1,0,0,21,7,63,0.057679,"[66, 66, 54, 792, 60, 153, 54, 863, 60, 1478, 2902, 2064, 54, 54, 54, 54, 54, 128, 134, 351, 60, 116, 513, 54, 54, 85, 85, 54, 1478, 133, 2656, 4181, 4181, 4181, 1957, 85, 54, 54, 54, 54, 54, 54, 54, 54, 54, 54, 54, 54, 60, 716, 60, 231, 85, 54, 54]","[0.0, 0.031448, 0.003283, 0.00143, 0.025135, 0.0, 0.005757, 0.003162, 0.029034, 0.00591, 3.4e-05, 5.5e-05, 0.002321, 0.001297, 0.000539, 0.000461, 0.00054, 0.000588, 0.000547, 0.002862, 0.020713, 3e-05, 0.0, 0.002902, 0.000543, 0.000496, 0.002067, 0.003078, 0.003093, 3.4e-05, 0.0, 8e-05, 0.0, 9.8e-05, 1e-06, 0.0, 0.004796, 0.000471, 0.004307, 0.000494, 0.000602, 0.000504, 0.000792, 0.000337, 0.00053, 0.000511, 0.000991, 0.000485, 0.002786, 3.317575, 0.026434, 1e-06, 0.0, 0.00389, 0.001312]","[1, -1, 1, 1, -1, -1, 1, 1, -1, -1, -1, -1, 1, 1, 1, 1, 1, 1, 1, 1, -1, -1, -1, 1, 1, 1, -1, 1, -1, -1, -1, -1, -1, -1, -1, -1, 1, 1, 1, 1, 1, 1, 1, 1, 1, 1, 1, 1, -1, 1, -1, -1, -1, 1, 1]"
cloud_gaming,CG_Xbox,/indian-slp/Users/ug/ZEPA/Kritik/net_data/5G_Traffic_Datasets/CG_Xbox/xbox_forzahorizon5_2Players_ex40.csv,pretrain,1,0.0,False,0,0,0,1,1,1,0.193833,"[718, 718, 718, 718, 718, 718, 718]","[0.0, 0.106177, 0.215782, 0.414291, 0.803173, 1.604238, 2.015418]","[1, 1, 1, 1, 1, 1, 1]"
cloud_gaming,CG_Xbox,/indian-slp/Users/ug/ZEPA/Kritik/net_data/5G_Traffic_Datasets/CG_Xbox/xbox_forzahorizon5_2Players_ex40.csv,pretrain,1,0.0,False,0,0,0,14,3,15,0.046416,"[698, 698, 698, 698, 698, 698, 698]","[0.0, 0.251345, 0.512259, 0.985235, 1.969885, 2.014728, 2.006285]","[1, 1, 1, 1, 1, 1, 1]"
cloud_gaming,CG_Xbox,/indian-slp/Users/ug/ZEPA/Kritik/net_data/5G_Traffic_Datasets/CG_Xbox/xbox_forzahorizon5_2Players_ex40.csv,pretrain,1,0.02367,True,0,0,0,21,7,63,0.057679,"[79, 192, 72, 337, 72, 343]","[0.0, 0.02367, 1.713094, 0.024862, 0.005341, 0.000651]","[1, -1, 1, -1, 1, -1]"
cloud_gaming,CG_Xbox,/indian-slp/Users/ug/ZEPA/Kritik/net_data/5G_Traffic_Datasets/CG_Xbox/xbox_forzahorizon5_2Players_ex40.csv,pretrain,0,0.002875,True,0,2,0,1,1,1,7.236474,"[113, 74, 74, 74, 74]","[0.0, 0.000255, 0.00262, 0.000527, 0.134787]","[1, 1, -1, -1, 1]"
cloud_gaming,CG_Xbox,/indian-slp/Users/ug/ZEPA/Kritik/net_data/5G_Traffic_Datasets/CG_Xbox/xbox_forzahorizon5_2Players_ex40.csv,pretrain,0,0.029532,True,1,2,1,11,2,13,0.219647,"[86, 86, 74, 368, 74, 2954, 1134, 86, 86, 74, 154, 154, 188, 74, 361, 361, 74, 135, 74, 105, 74, 105, 219, 74, 105, 74, 74, 86, 98, 74, 74, 74]","[0.0, 0.029532, 0.003792, 0.001559, 0.030452, 4.5e-05, 0.0, 0.006138, 0.000556, 0.000976, 0.0008, 0.000981, 0.000736, 0.019797, 6.1e-05, 0.0, 0.003996, 0.001933, 0.0, 0.0, 0.0, 6.3e-05, 0.0, 0.003403, 0.00061, 0.001034, 0.000496, 0.020641, 0.0, 4.2e-05, 0.0, 0.004983]","[1, -1, 1, 1, -1, -1, -1, 1, 1, 1, 1, 1, 1, -1, -1, -1, 1, -1, -1, -1, -1, -1, -1, 1, 1, 1, 1, -1, -1, -1, -1, 1]"
cloud_gaming,CG_Xbox,/indian-slp/Users/ug/ZEPA/Kritik/net_data/5G_Traffic_Datasets/CG_Xbox/xbox_forzahorizon5_2Players_ex40.csv,pretrain,0,0.0,False,5,0,0,21,7,63,0.057679,"[66, 66, 66, 66, 66]","[0.0, 0.992945, 2.003023, 3.998275, 8.003254]","[1, 1, 1, 1, 1]"
cloud_gaming,CG_Xbox,/indian-slp/Users/ug/ZEPA/Kritik/net_data/5G_Traffic_Datasets/CG_Xbox/xbox_forzahorizon5_2Players_ex40.csv,pretrain,0,0.000404,True,1,2,0,21,7,63,0.057679,"[66, 66, 54, 56, 60, 105, 60, 276, 54, 60, 54]","[0.0, 0.000404, 0.052404, 0.000503, 0.000263, 0.000646, 0.000199, 0.065061, 0.022772, 0.000324, 0.019041]","[1, -1, 1, 1, -1, 1, -1, -1, 1, -1, 1]"
cloud_gaming,CG_Xbox,/indian-slp/Users/ug/ZEPA/Kritik/net_data/5G_Traffic_Datasets/CG_Xbox/xbox_forzahorizon5_2Players_ex40.csv,pretrain,0,0.000223,True,1,2,0,21,7,63,0.057679,"[66, 66, 54, 56, 60, 105, 60, 231, 54, 60, 54]","[0.0, 0.000223, 0.052592, 0.001998, 0.000219, 0.000466, 0.000203, 0.055719, 0.020775, 0.000268, 0.026733]","[1, -1, 1, 1, -1, 1, -1, -1, 1, -1, 1]"
cloud_gaming,CG_Xbox,/indian-slp/Users/ug/ZEPA/Kritik/net_data/5G_Traffic_Datasets/CG_Xbox/xbox_forzahorizon5_2Players_ex40.csv,pretrain,0,0.000191,True,1,2,0,21,7,63,0.057679,"[66, 66, 54, 56, 60, 105, 60, 272, 54, 60, 54]","[0.0, 0.000191, 0.052654, 0.000489, 0.000292, 0.000284, 0.000152, 0.056784, 0.018407, 0.00038, 0.028522]","[1, -1, 1, 1, -1, 1, -1, -1, 1, -1, 1]"
cloud_gaming,CG_Xbox,/indian-slp/Users/ug/ZEPA/Kritik/net_data/5G_Traffic_Datasets/CG_Xbox/xbox_forzahorizon5_2Players_ex40.csv,pretrain,0,0.0,False,0,6,1,21,7,63,0.057679,"[54, 54, 54, 54, 54, 54, 54]","[0.0, 0.299084, 0.599373, 1.201558, 2.401357, 4.800044, 9.599274]","[1, 1, 1, 1, 1, 1, 1]"
cloud_gaming,CG_Xbox,/indian-slp/Users/ug/ZEPA/Kritik/net_data/5G_Traffic_Datasets/CG_Xbox/xbox_forzahorizon5_2Players_ex40.csv,pretrain,0,0.0,False,5,0,0,21,7,63,0.057679,"[66, 66, 66, 66, 66]","[0.0, 0.998577, 2.0022, 4.000209, 8.000799]","[1, 1, 1, 1, 1]"
cloud_gaming,CG_Xbox,/indian-slp/Users/ug/ZEPA/Kritik/net_data/5G_Traffic_Datasets/CG_Xbox/xbox_forzahorizon5_2Players_ex40.csv,pretrain,2,0.068208,True,0,0,0,5,1,7,3.695883,"[1292, 143, 1292, 87, 690, 1292, 141, 93, 1288, 1288, 1292, 741, 182, 87, 91, 87, 95, 88, 902, 95, 91, 97, 94, 85]","[0.0, 0.000496, 0.067712, 0.042454, 0.0, 0.0, 0.016578, 0.004089, 0.002318, 0.000583, 0.00059, 0.000434, 0.019202, 0.017757, 0.005999, 1e-06, 0.00619, 0.023775, 0.196379, 0.005723, 0.005535, 0.004189, 0.028435, 0.010127]","[1, 1, -1, -1, -1, -1, 1, 1, 1, 1, 1, 1, -1, -1, -1, -1, 1, -1, -1, -1, 1, 1, 1, -1]"
cloud_gaming,CG_Xbox,/indian-slp/Users/ug/ZEPA/Kritik/net_data/5G_Traffic_Datasets/CG_Xbox/xbox_forzahorizon5_2Players_ex40.csv,pretrain,2,0.062854,True,0,0,0,5,1,7,3.695883,"[1292, 144, 655, 1292, 234, 1292, 856, 86, 84, 140, 93, 93, 182, 590, 84, 94, 97, 87, 94]","[0.0, 0.000586, 0.000441, 0.061827, 0.034498, 0.0, 0.0, 1e-06, 0.0, 0.004954, 0.001823, 0.004912, 0.026261, 0.017938, 1e-06, 0.01362, 0.000533, 0.023928, 0.001331]","[1, 1, 1, -1, -1, -1, -1, -1, -1, 1, 1, 1, -1, -1, -1, 1, 1, -1, 1]"
cloud_gaming,CG_Xbox,/indian-slp/Users/ug/ZEPA/Kritik/net_data/5G_Traffic_Datasets/CG_Xbox/xbox_forzahorizon5_2Players_ex40.csv,pretrain,0,0.0,False,0,6,1,21,7,63,0.057679,"[54, 54, 54, 54, 54, 54, 54]","[0.0, 0.504681, 0.903145, 1.806895, 3.609227, 7.215049, 14.439163]","[1, 1, 1, 1, 1, 1, 1]"
cloud_gaming,CG_Xbox,/indian-slp/Users/ug/ZEPA/Kritik/net_data/5G_Traffic_Datasets/CG_Xbox/xbox_forzahorizon5_2Players_ex40.csv,pretrain,0,0.0,False,0,6,1,21,7,63,0.057679,"[54, 54, 54, 54, 54, 54, 54]","[0.0, 0.392434, 0.676126, 1.34873, 2.695602, 5.393281, 10.785129]","[1, 1, 1, 1, 1, 1, 1]"
cloud_gaming,CG_Xbox,/indian-slp/Users/ug/ZEPA/Kritik/net_data/5G_Traffic_Datasets/CG_Xbox/xbox_forzahorizon5_2Players_ex40.csv,pretrain,0,0.0,False,0,6,1,21,7,63,0.057679,"[54, 54, 54, 54, 54, 54, 54]","[0.0, 0.438545, 0.74227, 1.492976, 2.985015, 5.965647, 11.936449]","[1, 1, 1, 1, 1, 1, 1]"
cloud_gaming,CG_Xbox,/indian-slp/Users/ug/ZEPA/Kritik/net_data/5G_Traffic_Datasets/CG_Xbox/xbox_forzahorizon5_2Players_ex40.csv,pretrain,0,0.0,False,0,6,1,21,7,63,0.057679,"[54, 54, 54, 54, 54, 54, 54]","[0.0, 0.388154, 0.664143, 1.332054, 2.655186, 5.311233, 10.62426]","[1, 1, 1, 1, 1, 1, 1]"
cloud_gaming,CG_Xbox,/indian-slp/Users/ug/ZEPA/Kritik/net_data/5G_Traffic_Datasets/CG_Xbox/xbox_forzahorizon5_2Players_ex40.csv,pretrain,0,0.000318,True,1,2,0,21,7,63,0.057679,"[66, 66, 54, 56, 60, 108, 60, 261, 54, 60, 54]","[0.0, 0.000318, 0.023643, 0.001991, 0.000318, 0.000826, 0.000196, 0.050616, 0.018497, 0.000289, 0.014604]","[1, -1, 1, 1, -1, 1, -1, -1, 1, -1, 1]"
cloud_gaming,CG_Xbox,/indian-slp/Users/ug/ZEPA/Kritik/net_data/5G_Traffic_Datasets/CG_Xbox/xbox_forzahorizon5_2Players_ex40.csv,pretrain,0,0.000201,True,1,2,0,21,7,63,0.057679,"[66, 66, 54, 56, 60, 108, 60, 219, 54, 60, 54]","[0.0, 0.000201, 0.023851, 0.003075, 0.000182, 0.000317, 0.000187, 0.049668, 0.018923, 0.000261, 0.015861]","[1, -1, 1, 1, -1, 1, -1, -1, 1, -1, 1]"
cloud_gaming,CG_Xbox,/indian-slp/Users/ug/ZEPA/Kritik/net_data/5G_Traffic_Datasets/CG_Xbox/xbox_forzahorizon5_2Players_ex40.csv,pretrain,0,0.000251,True,1,2,0,21,7,63,0.057679,"[66, 66, 54, 56, 60, 108, 60, 261, 54, 60, 54]","[0.0, 0.000251, 0.028383, 0.000542, 0.000228, 0.000243, 0.000146, 0.047117, 0.017502, 0.00031, 0.015073]","[1, -1, 1, 1, -1, 1, -1, -1, 1, -1, 1]"
cloud_gaming,CG_Xbox,/indian-slp/Users/ug/ZEPA/Kritik/net_data/5G_Traffic_Datasets/CG_Xbox/xbox_forzahorizon5_2Players_ex40.csv,pretrain,0,0.1525,True,1,0,1,14,3,15,0.046416,"[66, 66, 54, 251, 6297, 54, 54, 54, 54, 54, 212, 105, 54, 587, 1478, 89, 60, 550, 54, 511, 697, 60, 583, 54, 54]","[0.0, 0.1525, 0.030531, 0.005284, 0.140267, 0.010875, 0.000911, 0.003634, 0.00101, 0.001786, 0.023033, 0.156728, 0.033532, 0.000904, 0.000779, 0.000522, 0.144061, 0.307991, 0.017061, 2.013077, 0.00047, 0.141268, 0.896185, 0.009583, 1.954987]","[1, -1, 1, 1, -1, 1, 1, 1, 1, 1, 1, -1, 1, 1, 1, 1, -1, -1, 1, 1, 1, -1, -1, 1, 1]"
cloud_gaming,CG_Xbox,/indian-slp/Users/ug/ZEPA/Kritik/net_data/5G_Traffic_Datasets/CG_Xbox/xbox_forzahorizon5_2Players_ex40.csv,pretrain,0,0.0,False,5,0,0,21,7,63,0.057679,"[66, 66, 66, 66, 66]","[0.0, 1.002266, 2.000917, 3.999686, 8.001004]","[1, 1, 1, 1, 1]"
cloud_gaming,CG_Xbox,/indian-slp/Users/ug/ZEPA/Kritik/net_data/5G_Traffic_Datasets/CG_Xbox/xbox_forzahorizon5_2Players_ex40.csv,pretrain,0,0.000371,True,1,2,0,21,7,63,0.057679,"[66, 66, 54, 56, 60, 105, 60, 272, 54, 60, 54]","[0.0, 0.000371, 0.049658, 0.000419, 0.000333, 0.000197, 0.000295, 0.047811, 0.022145, 0.000379, 0.02796]","[1, -1, 1, 1, -1, 1, -1, -1, 1, -1, 1]"
cloud_gaming,CG_Xbox,/indian-slp/Users/ug/ZEPA/Kritik/net_data/5G_Traffic_Datasets/CG_Xbox/xbox_forzahorizon5_2Players_ex40.csv,pretrain,0,0.000307,True,1,2,0,21,7,63,0.057679,"[66, 66, 54, 56, 60, 105, 60, 228, 54, 60, 54]","[0.0, 0.000307, 0.050708, 0.000977, 0.000306, 0.000201, 0.000116, 0.046103, 0.022527, 0.000269, 0.028114]","[1, -1, 1, 1, -1, 1, -1, -1, 1, -1, 1]"
cloud_gaming,CG_Xbox,/indian-slp/Users/ug/ZEPA/Kritik/net_data/5G_Traffic_Datasets/CG_Xbox/xbox_forzahorizon5_2Players_ex40.csv,pretrain,0,0.000163,True,1,2,0,21,7,63,0.057679,"[66, 66, 54, 56, 60, 105, 60, 272, 54, 60, 54]","[0.0, 0.000163, 0.050817, 0.001503, 0.000192, 0.000309, 0.000172, 0.044974, 0.021638, 0.000364, 0.028258]","[1, -1, 1, 1, -1, 1, -1, -1, 1, -1, 1]"
cloud_gaming,CG_Xbox,/indian-slp/Users/ug/ZEPA/Kritik/net_data/5G_Traffic_Datasets/CG_Xbox/xbox_forzahorizon5_2Players_ex40.csv,pretrain,2,0.060761,True,0,0,0,5,1,7,3.695883,"[1292, 142, 1292, 1292, 855, 86, 233, 141, 93, 94, 182, 94]","[0.0, 0.000499, 0.060262, 0.035879, 9.1e-05, 0.0, 0.0, 0.010922, 0.000414, 0.025707, 0.004783, 0.039822]","[1, 1, -1, -1, -1, -1, -1, 1, 1, 1, -1, 1]"
cloud_gaming,CG_Xbox,/indian-slp/Users/ug/ZEPA/Kritik/net_data/5G_Traffic_Datasets/CG_Xbox/xbox_forzahorizon5_2Players_ex40.csv,pretrain,1,0.0,False,0,0,0,21,7,63,0.057679,"[120, 84, 84, 120, 84, 84, 84, 84, 120, 84, 84, 83, 83, 83, 83, 83, 83, 83, 83]","[0.0, 5.946615, 1.003062, 3.120947, 2.002002, 1.00274, 5.001335, 1.00022, 1.000715, 4.004552, 1.000744, 5.010845, 0.999639, 5.003098, 1.016353, 4.989537, 1.001638, 5.003364, 1.00285]","[1, 1, 1, 1, 1, 1, 1, 1, 1, 1, 1, 1, 1, 1, 1, 1, 1, 1, 1]"
cloud_gaming,CG_Xbox,/indian-slp/Users/ug/ZEPA/Kritik/net_data/5G_Traffic_Datasets/CG_Xbox/xbox_forzahorizon5_2Players_ex40.csv,pretrain,0,0.0,False,5,0,0,21,7,63,0.057679,"[66, 66, 66, 66, 66]","[0.0, 1.000405, 2.00216, 4.002918, 8.00031]","[1, 1, 1, 1, 1]"
cloud_gaming,CG_Xbox,/indian-slp/Users/ug/ZEPA/Kritik/net_data/5G_Traffic_Datasets/CG_Xbox/xbox_forzahorizon5_2Players_ex40.csv,pretrain,0,0.166548,True,0,0,0,14,3,15,0.046416,"[55, 66, 1478, 527, 60, 499, 54]","[0.0, 0.166548, 14.573415, 0.000518, 0.163653, 0.079727, 0.058899]","[1, -1, 1, 1, -1, -1, 1]"
cloud_gaming,CG_Xbox,/indian-slp/Users/ug/ZEPA/Kritik/net_data/5G_Traffic_Datasets/CG_Xbox/xbox_forzahorizon5_2Players_ex40.csv,pretrain,0,0.167187,True,0,0,0,21,7,63,0.057679,"[55, 66, 1478, 539, 60, 499, 54]","[0.0, 0.167187, 14.562473, 0.002994, 0.167601, 0.084019, 0.044992]","[1, -1, 1, 1, -1, -1, 1]"
cloud_gaming,CG_Xbox,/indian-slp/Users/ug/ZEPA/Kritik/net_data/5G_Traffic_Datasets/CG_Xbox/xbox_forzahorizon5_2Players_ex40.csv,pretrain,2,0.088512,True,0,0,0,5,1,7,3.695883,"[1292, 142, 850, 1292, 248, 141, 93, 1288, 1292, 1033, 169, 86, 182, 87, 87, 87, 91, 93, 1288, 434, 300, 96, 97, 93, 86]","[0.0, 0.001191, 0.087321, 0.0, 0.0, 0.011333, 0.000468, 0.000732, 0.000294, 0.000508, 0.00054, 0.010171, 0.072004, 0.00591, 0.0, 0.0, 0.005929, 0.001764, 0.154463, 6.7e-05, 0.005721, 0.0, 0.002614, 0.00746, 0.107998]","[1, 1, -1, -1, -1, 1, 1, 1, 1, 1, 1, -1, -1, -1, -1, -1, -1, 1, -1, -1, -1, -1, 1, 1, -1]"
cloud_gaming,CG_Xbox,/indian-slp/Users/ug/ZEPA/Kritik/net_data/5G_Traffic_Datasets/CG_Xbox/xbox_forzahorizon5_2Players_ex40.csv,pretrain,0,0.041605,True,1,0,0,11,2,13,0.219647,"[86, 86, 74, 369, 74, 1294, 1294, 2330, 74, 74, 154, 154, 490, 1195, 74, 722, 105, 105, 74, 74, 74, 727, 625, 1294, 113, 105, 74, 74, 113, 74]","[0.0, 0.041605, 0.004512, 0.004021, 0.033356, 0.05394, 5.2e-05, 0.0, 0.003656, 0.000937, 0.006068, 0.009111, 0.000609, 0.000436, 0.014702, 0.004496, 0.004588, 0.007505, 0.006081, 0.017859, 0.02463, 0.089486, 9.8e-05, 0.0, 1e-06, 0.0, 0.00944, 0.000501, 0.000593, 0.031189]","[1, -1, 1, 1, -1, -1, -1, -1, 1, 1, 1, 1, 1, 1, -1, -1, 1, -1, -1, -1, 1, -1, -1, -1, -1, -1, 1, 1, 1, -1]"
cloud_gaming,CG_Xbox,/indian-slp/Users/ug/ZEPA/Kritik/net_data/5G_Traffic_Datasets/CG_Xbox/xbox_forzahorizon5_2Players_ex40.csv,pretrain,0,0.024872,True,1,0,0,11,2,13,0.219647,"[86, 86, 74, 425, 74, 1294, 1294, 2514, 2514, 2514, 2514, 2514, 74, 74, 74, 2514, 2514, 74, 74, 74, 74, 74, 2514, 1294, 1294, 2514, 2514, 2514, 2514, 74, 74, 74, 2514, 1294, 1294, 1294, 2514, 74, 74, 1294, 1294, 2514, 2514, 74, 74, 74, 74, 1294, 2514, 1294, 2514, 74, 74, 74, 2514, 2514, 74, 74, 1294, 1294, 2514, 2514, 1294, 1294]","[0.0, 0.024872, 0.023414, 0.000778, 0.031433, 0.012014, 3.9e-05, 1e-06, 7.8e-05, 0.0, 0.0, 0.000128, 0.002388, 0.00206, 0.000473, 0.000994, 0.0, 0.00034, 0.001442, 0.0013, 0.005449, 0.001237, 0.008321, 0.00019, 0.005547, 5.7e-05, 0.006035, 7.9e-05, 1e-06, 0.001082, 0.00252, 0.002078, 0.000203, 0.0, 8.3e-05, 1e-06, 0.0, 0.003892, 0.001655, 0.000379, 5.4e-05, 0.0, 0.000103, 0.002012, 0.000528, 0.000955, 0.002149, 0.000205, 5.6e-05, 0.0, 0.000213, 0.001885, 0.000504, 0.000999, 0.002479, 0.000143, 0.001917, 0.000863, 0.002966, 4.7e-05, 0.0, 0.000215, 0.005714, 7.3e-05]","[1, -1, 1, 1, -1, -1, -1, -1, -1, -1, -1, -1, 1, 1, 1, -1, -1, 1, 1, 1, 1, 1, -1, -1, -1, -1, -1, -1, -1, 1, 1, 1, -1, -1, -1, -1, -1, 1, 1, -1, -1, -1, -1, 1, 1, 1, 1, -1, -1, -1, -1, 1, 1, 1, -1, -1, 1, 1, -1, -1, -1, -1, -1, -1]"
cloud_gaming,CG_Xbox,/indian-slp/Users/ug/ZEPA/Kritik/net_data/5G_Traffic_Datasets/CG_Xbox/xbox_forzahorizon5_2Players_ex40.csv,pretrain,0,0.209544,True,1,2,0,21,7,63,0.057679,"[74, 74, 66, 281, 1478, 66, 3138, 66, 224, 117, 1180, 1478, 66, 1478, 1478, 1478, 66, 1044, 66, 278, 66, 66, 66]","[0.0, 0.209544, 0.001921, 0.000977, 0.205101, 0.049345, 0.202689, 0.014226, 0.004811, 0.203044, 0.025653, 0.000539, 0.213658, 0.004375, 0.002396, 0.000524, 0.214696, 0.007771, 0.036309, 0.174082, 0.013266, 0.20894, 0.012639]","[1, -1, 1, 1, -1, 1, -1, 1, 1, -1, 1, 1, -1, 1, 1, 1, -1, 1, -1, -1, 1, -1, 1]"
cloud_gaming,CG_Xbox,/indian-slp/Users/ug/ZEPA/Kritik/net_data/5G_Traffic_Datasets/CG_Xbox/xbox_forzahorizon5_2Players_ex40.csv,pretrain,0,0.194637,True,1,2,0,21,7,63,0.057679,"[74, 74, 66, 281, 1478, 66, 3138, 66, 224, 117, 1180, 1478, 66, 1478, 1478, 1478, 66, 1044, 278, 66, 66, 66]","[0.0, 0.194637, 0.002778, 0.000542, 0.204642, 0.052417, 0.205874, 0.01362, 0.002378, 0.203993, 0.011702, 0.003185, 0.202887, 0.036683, 0.000539, 0.000496, 0.202255, 0.002307, 0.201682, 0.005806, 0.196613, 0.014416]","[1, -1, 1, 1, -1, 1, -1, 1, 1, -1, 1, 1, -1, 1, 1, 1, -1, 1, -1, 1, -1, 1]"
cloud_gaming,CG_Xbox,/indian-slp/Users/ug/ZEPA/Kritik/net_data/5G_Traffic_Datasets/CG_Xbox/xbox_forzahorizon5_2Players_ex40.csv,pretrain,0,0.204625,True,1,2,0,21,7,63,0.057679,"[74, 74, 66, 281, 1478, 66, 1478, 1726, 66, 224, 117, 1180, 1478, 66, 1478, 1478, 1478, 66, 1044, 66, 278, 66, 66, 66]","[0.0, 0.204625, 0.006429, 0.000536, 0.212952, 0.044676, 0.205344, 6.3e-05, 0.017967, 0.003704, 0.200408, 0.021788, 0.005831, 0.212358, 0.008489, 0.000461, 0.000495, 0.206925, 0.009359, 0.030301, 0.175865, 0.009329, 0.207101, 0.015876]","[1, -1, 1, 1, -1, 1, -1, -1, 1, 1, -1, 1, 1, -1, 1, 1, 1, -1, 1, -1, -1, 1, -1, 1]"
cloud_gaming,CG_Xbox,/indian-slp/Users/ug/ZEPA/Kritik/net_data/5G_Traffic_Datasets/CG_Xbox/xbox_forzahorizon5_2Players_ex40.csv,pretrain,0,0.200576,True,1,2,0,21,7,63,0.057679,"[74, 74, 66, 281, 1478, 66, 3138, 66, 224, 117, 1180, 1478, 66, 1478, 1478, 1478, 66, 1044, 278, 66, 66, 66]","[0.0, 0.200576, 0.012166, 0.001167, 0.204575, 0.046914, 0.20341, 0.011223, 0.005847, 0.206626, 0.006648, 0.002988, 0.202287, 0.009434, 0.00248, 0.000552, 0.205895, 0.015765, 0.211987, 0.026097, 0.204081, 0.023556]","[1, -1, 1, 1, -1, 1, -1, 1, 1, -1, 1, 1, -1, 1, 1, 1, -1, 1, -1, 1, -1, 1]"
cloud_gaming,CG_Xbox,/indian-slp/Users/ug/ZEPA/Kritik/net_data/5G_Traffic_Datasets/CG_Xbox/xbox_forzahorizon5_2Players_ex40.csv,pretrain,0,0.024761,True,1,0,1,11,2,13,0.219647,"[86, 86, 74, 271, 74, 1290, 198, 2954, 86, 86, 86, 74, 200, 74, 348, 366, 74, 1338, 366, 74, 1338, 74, 407, 337, 74, 729, 670, 729, 86, 74, 74]","[0.0, 0.024761, 0.00924, 0.002484, 0.017998, 5e-05, 0.0, 0.005975, 0.011255, 0.000538, 0.000516, 0.003428, 0.002125, 0.024174, 0.0, 0.023511, 0.03843, 5.2e-05, 0.027511, 0.042679, 7.3e-05, 0.061061, 0.996509, 0.000521, 0.021886, 6.7e-05, 0.242137, 0.0178, 0.01784, 0.047465, 0.054108]","[1, -1, 1, 1, -1, -1, -1, -1, 1, 1, 1, 1, 1, -1, -1, 1, -1, -1, 1, -1, -1, 1, 1, 1, -1, -1, 1, -1, -1, 1, 1]"
cloud_gaming,CG_Xbox,/indian-slp/Users/ug/ZEPA/Kritik/net_data/5G_Traffic_Datasets/CG_Xbox/xbox_forzahorizon5_2Players_ex40.csv,pretrain,0,0.197192,True,1,2,0,21,7,63,0.057679,"[74, 74, 66, 281, 1478, 66, 3138, 66, 224, 117, 1180, 1478, 66, 1478, 1478, 1478, 66, 1044, 278, 66, 66, 66]","[0.0, 0.197192, 0.023685, 0.001953, 0.202156, 0.058216, 0.19416, 0.028465, 0.004108, 0.203163, 0.021677, 0.000451, 0.202157, 0.025552, 0.001733, 0.000542, 0.199988, 0.011203, 0.204748, 0.012874, 0.197371, 0.004209]","[1, -1, 1, 1, -1, 1, -1, 1, 1, -1, 1, 1, -1, 1, 1, 1, -1, 1, -1, 1, -1, 1]"
cloud_gaming,CG_Xbox,/indian-slp/Users/ug/ZEPA/Kritik/net_data/5G_Traffic_Datasets/CG_Xbox/xbox_forzahorizon5_2Players_ex40.csv,pretrain,0,0.0,False,0,0,0,14,3,15,0.046416,"[346, 93, 1478, 1478, 1478, 1478, 1478, 1478, 1478, 1478, 1478, 1478, 1478, 796, 1478, 1478, 1478, 1478, 1478, 1478, 1478, 1478, 1478, 1478, 1478, 796, 1478, 1478, 1478, 1478, 1478, 1478, 1478, 1478, 1478, 1478, 1478, 796, 1478, 1478, 1478, 1478, 1478, 1478, 1478, 1478, 1478, 1478, 1478, 796, 1478, 1478, 1478, 1478, 1478, 1478, 1478, 1478, 1478, 1478, 1478, 796, 1478, 1478]","[0.0, 0.000524, 0.004647, 0.000553, 0.000523, 0.00041, 0.000546, 0.000477, 0.000501, 0.000499, 0.000499, 0.000539, 0.000468, 0.000493, 0.003284, 0.004043, 0.000522, 0.000566, 0.000437, 0.000502, 0.000491, 0.000511, 0.000915, 0.000151, 0.00066, 0.000296, 0.000479, 0.000548, 0.000479, 0.000476, 0.00058, 0.000467, 0.000452, 0.000784, 0.000258, 0.000649, 0.00267, 0.000524, 0.000399, 0.00061, 0.00046, 0.000722, 0.000303, 0.000472, 0.000495, 0.000494, 0.000514, 0.0005, 0.000501, 0.000497, 0.000498, 0.000503, 0.001876, 4.4e-05, 6.1e-05, 4.6e-05, 0.000461, 0.000506, 0.000505, 0.000835, 0.000202, 0.000462, 0.000503, 0.000499]","[1, 1, 1, 1, 1, 1, 1, 1, 1, 1, 1, 1, 1, 1, 1, 1, 1, 1, 1, 1, 1, 1, 1, 1, 1, 1, 1, 1, 1, 1, 1, 1, 1, 1, 1, 1, 1, 1, 1, 1, 1, 1, 1, 1, 1, 1, 1, 1, 1, 1, 1, 1, 1, 1, 1, 1, 1, 1, 1, 1, 1, 1, 1, 1]"
cloud_gaming,CG_Xbox,/indian-slp/Users/ug/ZEPA/Kritik/net_data/5G_Traffic_Datasets/CG_Xbox/xbox_forzahorizon5_2Players_ex40.csv,pretrain,0,0.20094,True,1,2,0,21,7,63,0.057679,"[74, 74, 66, 281, 1478, 66, 1478, 1726, 66, 224, 117, 1180, 1478, 66, 1478, 1478, 1478, 66, 1044, 66, 278, 66, 66, 66]","[0.0, 0.20094, 0.003752, 0.000537, 0.197854, 0.069787, 0.198234, 0.005779, 0.009221, 0.002958, 0.201733, 0.014992, 0.000522, 0.201067, 0.019463, 0.001131, 0.001031, 0.215881, 0.002167, 0.029951, 0.17782, 0.008994, 0.197299, 0.007456]","[1, -1, 1, 1, -1, 1, -1, -1, 1, 1, -1, 1, 1, -1, 1, 1, 1, -1, 1, -1, -1, 1, -1, 1]"
cloud_gaming,CG_Xbox,/indian-slp/Users/ug/ZEPA/Kritik/net_data/5G_Traffic_Datasets/CG_Xbox/xbox_forzahorizon5_2Players_ex40.csv,pretrain,0,0.000375,True,1,2,0,21,7,63,0.057679,"[66, 66, 54, 56, 60, 105, 60, 272, 54, 60, 54]","[0.0, 0.000375, 0.047233, 0.002077, 0.000323, 6.4e-05, 0.000148, 0.040304, 0.026917, 0.000314, 0.008634]","[1, -1, 1, 1, -1, 1, -1, -1, 1, -1, 1]"
cloud_gaming,CG_Xbox,/indian-slp/Users/ug/ZEPA/Kritik/net_data/5G_Traffic_Datasets/CG_Xbox/xbox_forzahorizon5_2Players_ex40.csv,pretrain,0,0.000196,True,1,2,0,21,7,63,0.057679,"[66, 66, 54, 56, 60, 105, 60, 235, 54, 60, 54]","[0.0, 0.000196, 0.047343, 0.003506, 0.000184, 0.000316, 0.00025, 0.052077, 0.017223, 0.000282, 0.007143]","[1, -1, 1, 1, -1, 1, -1, -1, 1, -1, 1]"
cloud_gaming,CG_Xbox,/indian-slp/Users/ug/ZEPA/Kritik/net_data/5G_Traffic_Datasets/CG_Xbox/xbox_forzahorizon5_2Players_ex40.csv,pretrain,0,0.000169,True,1,2,0,21,7,63,0.057679,"[66, 66, 54, 56, 60, 105, 60, 272, 54, 60, 54]","[0.0, 0.000169, 0.047394, 0.00201, 0.000235, 0.00029, 0.000173, 0.053127, 0.016721, 0.000419, 0.005318]","[1, -1, 1, 1, -1, 1, -1, -1, 1, -1, 1]"
cloud_gaming,CG_Xbox,/indian-slp/Users/ug/ZEPA/Kritik/net_data/5G_Traffic_Datasets/CG_Xbox/xbox_forzahorizon5_2Players_ex40.csv,pretrain,0,0.200329,True,1,0,0,21,7,63,0.057679,"[74, 74, 66, 281, 1478, 66, 1478, 1726, 66, 224, 117, 1180, 1478, 66, 1478, 1478, 1478, 66, 1044]","[0.0, 0.200329, 0.009521, 0.001153, 0.203812, 0.060112, 0.20933, 8.6e-05, 0.008464, 0.00321, 0.20421, 0.009512, 0.000923, 0.223737, 0.007401, 0.002214, 0.000528, 0.212052, 0.015921]","[1, -1, 1, 1, -1, 1, -1, -1, 1, 1, -1, 1, 1, -1, 1, 1, 1, -1, 1]"
cloud_gaming,CG_Xbox,/indian-slp/Users/ug/ZEPA/Kritik/net_data/5G_Traffic_Datasets/CG_Xbox/xbox_mortalkombat11_1Player_ex38.csv,pretrain,0,0.163685,True,1,0,0,13,2,21,0.048721,"[66, 66, 54, 770, 60, 2902, 1438, 54, 147, 153, 1473, 280, 110, 134, 393, 92, 54, 92, 54, 60]","[0.0, 0.163685, 0.015782, 0.00174, 0.166165, 6.7e-05, 0.0, 0.011211, 0.006008, 0.00055, 0.000536, 0.163995, 0.000101, 0.0, 0.023566, 0.0, 0.010245, 0.000481, 0.000994, 0.204495]","[1, -1, 1, 1, -1, -1, -1, 1, 1, 1, 1, -1, -1, -1, -1, -1, 1, 1, 1, -1]"
cloud_gaming,CG_Xbox,/indian-slp/Users/ug/ZEPA/Kritik/net_data/5G_Traffic_Datasets/CG_Xbox/xbox_mortalkombat11_1Player_ex38.csv,pretrain,1,0.0,False,0,0,0,2,3,3,0.020927,"[179, 177, 179, 177, 179, 179, 179, 179, 179, 179, 179, 179, 179]","[0.0, 0.981054, 2.035041, 1.0341, 1.948578, 3.777934, 2.800299, 3.238266, 16.239585, 3.130053, 2.829148, 3.038327, 3.090316]","[1, 1, 1, 1, 1, 1, 1, 1, 1, 1, 1, 1, 1]"
cloud_gaming,CG_Xbox,/indian-slp/Users/ug/ZEPA/Kritik/net_data/5G_Traffic_Datasets/CG_Xbox/xbox_mortalkombat11_1Player_ex38.csv,pretrain,1,0.0,False,0,0,0,2,3,3,0.020927,"[179, 179, 179, 179, 179, 179]","[0.0, 3.018893, 2.986851, 3.027291, 2.968831, 3.019947]","[1, 1, 1, 1, 1, 1]"
cloud_gaming,CG_Xbox,/indian-slp/Users/ug/ZEPA/Kritik/net_data/5G_Traffic_Datasets/CG_Xbox/xbox_mortalkombat11_1Player_ex38.csv,pretrain,0,0.138116,True,0,0,0,13,2,21,0.048721,"[155, 225, 54, 304, 454, 54]","[0.0, 0.138116, 0.052811, 7.982759, 0.136311, 0.062829]","[1, -1, 1, 1, -1, 1]"
cloud_gaming,CG_Xbox,/indian-slp/Users/ug/ZEPA/Kritik/net_data/5G_Traffic_Datasets/CG_Xbox/xbox_mortalkombat11_1Player_ex38.csv,pretrain,0,0.022593,True,1,0,0,7,1,9,0.786097,"[86, 86, 74, 973, 74, 344, 154, 1514, 1514, 1514, 1514, 1514, 1514, 93, 74, 361, 74, 74, 74, 74, 1317, 74]","[0.0, 0.022593, 0.087394, 0.022545, 0.025887, 3.8e-05, 0.023324, 0.002121, 0.000512, 0.000515, 0.000499, 0.000498, 0.000506, 0.000493, 0.019401, 4.3e-05, 0.006008, 0.0, 5.6e-05, 0.054271, 0.259693, 0.079738]","[1, -1, 1, 1, -1, -1, 1, 1, 1, 1, 1, 1, 1, 1, -1, -1, -1, -1, -1, 1, -1, 1]"
cloud_gaming,CG_Xbox,/indian-slp/Users/ug/ZEPA/Kritik/net_data/5G_Traffic_Datasets/CG_Xbox/xbox_mortalkombat11_1Player_ex38.csv,pretrain,0,0.021457,True,1,0,0,7,1,9,0.786097,"[86, 86, 74, 941, 74, 344, 154, 1514, 1514, 1514, 1514, 1514, 1458, 361, 74, 74, 74, 74, 507, 1514, 1514, 1514, 2954, 1514, 2954, 2954, 1514, 2954, 1514, 1514, 86, 1514, 74, 74, 74, 1514, 1514, 2954, 74, 1514, 1514, 1514, 1514, 2954, 2954, 1514, 2954, 1514, 1514, 1514, 2954, 2954, 74, 925, 1514, 74, 74, 74, 86, 94, 86, 1514, 1514, 1514]","[0.0, 0.021457, 0.098829, 0.010556, 0.026386, 3.8e-05, 0.023858, 0.005107, 0.006084, 0.003229, 0.00053, 0.000494, 0.000503, 0.014115, 0.0, 5.6e-05, 0.017971, 0.159405, 0.868601, 2.8e-05, 0.0, 3.8e-05, 0.0, 7.3e-05, 0.0, 0.0, 8.1e-05, 0.0, 0.00573, 3.2e-05, 0.006924, 0.005143, 0.004233, 0.000506, 0.000495, 0.014702, 3.4e-05, 0.006091, 0.002633, 0.003186, 3.1e-05, 0.006068, 3.5e-05, 0.0, 8.4e-05, 0.0, 0.0, 7.3e-05, 0.005864, 7.6e-05, 0.0, 0.0, 0.001983, 0.003908, 1e-06, 0.002268, 0.000518, 0.000496, 0.006385, 0.000527, 0.000493, 0.03124, 3.4e-05, 0.0]","[1, -1, 1, 1, -1, -1, 1, 1, 1, 1, 1, 1, 1, -1, -1, -1, -1, 1, -1, -1, -1, -1, -1, -1, -1, -1, -1, -1, -1, -1, 1, -1, 1, 1, 1, -1, -1, -1, 1, -1, -1, -1, -1, -1, -1, -1, -1, -1, -1, -1, -1, -1, 1, -1, -1, 1, 1, 1, 1, 1, 1, -1, -1, -1]"
cloud_gaming,CG_Xbox,/indian-slp/Users/ug/ZEPA/Kritik/net_data/5G_Traffic_Datasets/CG_Xbox/xbox_mortalkombat11_1Player_ex38.csv,pretrain,0,0.153866,True,1,0,0,13,2,21,0.048721,"[66, 66, 54, 898, 60, 206, 105, 1478, 527, 60, 60, 499, 54]","[0.0, 0.153866, 0.008909, 0.000527, 0.164204, 0.0, 0.02326, 0.000415, 0.015518, 0.147062, 0.054254, 0.065751, 0.074372]","[1, -1, 1, 1, -1, -1, 1, 1, 1, -1, -1, -1, 1]"
cloud_gaming,CG_Xbox,/indian-slp/Users/ug/ZEPA/Kritik/net_data/5G_Traffic_Datasets/CG_Xbox/xbox_mortalkombat11_1Player_ex38.csv,pretrain,1,0.0,False,0,0,0,2,3,3,0.020927,"[76, 76, 76, 76, 170, 170, 87]","[0.0, 0.00085, 1.374085, 0.346107, 0.001964, 0.000693, 23.271917]","[1, 1, 1, 1, 1, 1, 1]"
cloud_gaming,CG_Xbox,/indian-slp/Users/ug/ZEPA/Kritik/net_data/5G_Traffic_Datasets/CG_Xbox/xbox_mortalkombat11_1Player_ex38.csv,pretrain,1,0.0,False,0,0,0,2,2,2,0.07583,"[96, 96, 96, 190, 96, 190, 107]","[0.0, 0.000653, 1.37446, 0.06012, 0.285972, 0.000783, 23.312221]","[1, 1, 1, 1, 1, 1, 1]"
cloud_gaming,CG_Xbox,/indian-slp/Users/ug/ZEPA/Kritik/net_data/5G_Traffic_Datasets/CG_Xbox/xbox_mortalkombat11_1Player_ex38.csv,pretrain,1,0.007241,True,0,0,0,13,2,21,0.048721,"[99, 143, 1213, 1213, 1213, 393, 143, 1206, 1206, 1206, 1207, 1207, 143, 388, 88, 143, 99, 628, 391, 1091, 1092, 1092, 143, 99, 388, 1182, 1183, 1183, 143, 388, 1172, 1172, 1172, 1173, 1173, 143, 99, 88, 586, 143, 138, 388, 106, 1075, 1076, 1076, 143, 394, 99, 1109, 1109, 1109, 143, 112, 395, 1189, 1190, 1190, 1190, 1190, 96, 143, 99, 532]","[0.0, 0.003679, 0.007241, 6.4e-05, 1e-06, 0.0, 0.003006, 0.009087, 3.5e-05, 0.0, 0.00578, 3.2e-05, 0.002001, 0.005175, 0.002918, 0.006728, 0.001163, 4.4e-05, 0.00595, 0.006003, 3e-05, 0.0, 0.003099, 0.002944, 0.005909, 0.006051, 3.4e-05, 0.0, 0.002009, 0.011563, 3.3e-05, 0.0, 0.0, 4.5e-05, 0.0, 0.005454, 0.004786, 0.000677, 0.005321, 0.005372, 0.000668, 0.0, 0.007146, 0.004983, 3.5e-05, 0.0, 0.003873, 0.007988, 0.0, 0.005959, 2.9e-05, 0.0, 0.002734, 0.003267, 0.0, 0.006005, 3.4e-05, 0.0, 0.0, 4.4e-05, 0.007324, 0.001, 0.009573, 0.0]","[-1, 1, -1, -1, -1, -1, 1, -1, -1, -1, -1, -1, 1, -1, 1, 1, -1, -1, -1, -1, -1, -1, 1, -1, -1, -1, -1, -1, 1, -1, -1, -1, -1, -1, -1, 1, -1, 1, -1, 1, -1, -1, 1, -1, -1, -1, 1, -1, -1, -1, -1, -1, 1, -1, -1, -1, -1, -1, -1, -1, 1, 1, -1, -1]"
cloud_gaming,CG_Xbox,/indian-slp/Users/ug/ZEPA/Kritik/net_data/5G_Traffic_Datasets/CG_Xbox/xbox_mortalkombat11_1Player_ex38.csv,pretrain,0,0.156673,True,0,0,0,13,2,21,0.048721,"[242, 60, 360, 54, 460, 242, 60, 360, 54, 460, 242, 60, 360, 54, 460, 243, 60, 360, 54, 460, 242, 60, 360, 54, 460, 242, 60, 360, 54, 460, 245, 60, 360, 54, 460, 242, 60, 360, 54, 460, 244, 60, 360, 54, 460, 242, 60, 360, 54, 460, 244, 60, 360, 54, 460, 242, 60, 360, 54, 460, 242, 60, 360, 54]","[0.0, 0.156673, 0.024027, 0.047718, 0.777178, 0.000538, 0.165866, 0.011112, 0.051108, 1.072243, 0.005032, 0.165211, 0.005994, 0.047728, 0.771702, 0.003305, 0.163268, 0.028003, 0.067771, 0.76101, 0.003011, 0.164285, 0.017894, 0.044068, 0.769126, 0.001358, 0.167564, 0.011897, 0.048808, 0.786833, 0.000542, 0.162077, 0.017766, 0.079017, 0.756212, 0.003331, 0.157401, 0.0122, 0.050527, 0.787787, 0.000531, 0.168968, 0.011989, 0.049565, 0.775061, 0.010628, 0.156384, 0.032341, 0.059339, 0.764555, 0.005294, 0.158956, 0.017857, 0.058744, 0.766274, 0.001813, 0.163151, 0.024028, 0.053265, 0.77232, 0.000531, 0.169393, 0.010506, 0.049009]","[1, -1, -1, 1, 1, 1, -1, -1, 1, 1, 1, -1, -1, 1, 1, 1, -1, -1, 1, 1, 1, -1, -1, 1, 1, 1, -1, -1, 1, 1, 1, -1, -1, 1, 1, 1, -1, -1, 1, 1, 1, -1, -1, 1, 1, 1, -1, -1, 1, 1, 1, -1, -1, 1, 1, 1, -1, -1, 1, 1, 1, -1, -1, 1]"
cloud_gaming,CG_Xbox,/indian-slp/Users/ug/ZEPA/Kritik/net_data/5G_Traffic_Datasets/CG_Xbox/xbox_mortalkombat11_1Player_ex38.csv,pretrain,0,0.0,False,0,0,0,1,1,1,0.030297,"[98, 98, 98, 98, 98, 98, 98, 98, 98, 98, 98, 98, 98, 98, 98, 98, 98, 98, 98, 98, 98, 98, 98, 98, 98, 98, 98, 98, 98, 98, 98, 98, 98, 98, 98, 98, 98, 98, 98, 98, 98, 98, 98, 98, 98, 98, 98, 98, 98, 98, 98, 98, 98, 98, 98, 98, 98, 98, 98, 98, 98, 98, 98, 98]","[0.0, 0.511795, 0.512055, 0.511969, 0.512148, 0.512431, 0.511457, 0.512292, 0.513234, 0.570232, 0.500984, 0.507955, 0.518874, 0.69827, 0.692476, 0.523732, 0.528102, 0.52784, 0.517678, 0.506407, 0.515752, 0.540183, 0.59839, 0.502757, 0.530401, 0.512137, 0.513703, 0.510058, 0.51213, 0.513537, 0.608039, 0.498877, 0.600317, 0.504169, 0.510175, 0.510538, 0.512223, 0.688833, 0.516063, 0.524141, 0.511059, 0.512274, 0.510809, 0.511795, 0.513238, 0.288492, 0.222058, 0.51774, 0.539489, 0.51114, 0.511846, 0.696226, 0.521996, 0.539525, 0.544474, 0.514409, 0.513411, 0.512023, 0.512509, 0.51112, 0.511101, 0.544857, 0.510926, 0.511815]","[1, 1, 1, 1, 1, 1, 1, 1, 1, 1, 1, 1, 1, 1, 1, 1, 1, 1, 1, 1, 1, 1, 1, 1, 1, 1, 1, 1, 1, 1, 1, 1, 1, 1, 1, 1, 1, 1, 1, 1, 1, 1, 1, 1, 1, 1, 1, 1, 1, 1, 1, 1, 1, 1, 1, 1, 1, 1, 1, 1, 1, 1, 1, 1]"
cloud_gaming,CG_Xbox,/indian-slp/Users/ug/ZEPA/Kritik/net_data/5G_Traffic_Datasets/CG_Xbox/xbox_mortalkombat11_1Player_ex38.csv,pretrain,2,0.031571,True,0,0,0,7,1,9,0.786097,"[91, 1285, 1292, 1292, 1292, 1292, 1292, 1292, 1292, 1292, 1292, 1292, 514, 88, 93, 88, 96, 88, 91, 1206, 101, 85, 96, 88, 88, 91, 88, 91, 88, 91, 88, 91, 88, 91, 88, 91, 88, 91, 88, 91, 88, 1285, 1292, 1292, 1292, 1292, 1292, 1292, 1292, 1292, 1292, 1292, 1292, 1292, 1292, 1292, 1292, 1292, 1292, 1292, 1292, 1292, 1292, 1292]","[0.0, 0.020252, 0.000522, 0.003, 0.000505, 0.000527, 0.000497, 0.001346, 0.001182, 0.000501, 0.000529, 0.0005, 0.000503, 0.001707, 0.02293, 0.005964, 0.004008, 0.008019, 0.20324, 0.018757, 0.002803, 0.003186, 0.010615, 0.001375, 0.019995, 0.206334, 0.037717, 0.208887, 0.03306, 0.212912, 0.041077, 0.207253, 0.032722, 0.209127, 0.032908, 0.208408, 0.03959, 0.408694, 0.035291, 0.815239, 0.038736, 0.923771, 0.000502, 0.000498, 0.003834, 0.002585, 0.000487, 0.000557, 0.000525, 0.000466, 0.000495, 0.000494, 0.000561, 0.000441, 0.000495, 0.000504, 0.0005, 0.000501, 0.000497, 0.001036, 0.000477, 0.000493, 0.0005, 0.000499]","[1, 1, 1, 1, 1, 1, 1, 1, 1, 1, 1, 1, 1, -1, -1, -1, 1, -1, 1, -1, 1, -1, 1, -1, -1, 1, -1, 1, -1, 1, -1, 1, -1, 1, -1, 1, -1, 1, -1, 1, -1, 1, 1, 1, 1, 1, 1, 1, 1, 1, 1, 1, 1, 1, 1, 1, 1, 1, 1, 1, 1, 1, 1, 1]"
cloud_gaming,CG_Xbox,/indian-slp/Users/ug/ZEPA/Kritik/net_data/5G_Traffic_Datasets/CG_Xbox/xbox_mortalkombat11_1Player_ex38.csv,pretrain,2,0.055271,True,0,0,0,7,1,9,0.786097,"[1292, 143, 1292, 1292, 690, 87, 140, 93, 1288, 1288, 1292, 1292, 1292, 1292, 1292, 1292, 1292, 1246, 182, 91, 87, 94, 87, 87, 87, 87, 88, 907, 98, 272, 94, 86, 1288, 1292, 1292, 1292, 1292, 1292, 1292, 1292, 1292, 1292, 1292, 1292, 1292, 1292, 1292, 1292, 1292, 1292, 1292, 1292, 1292, 1292, 1292, 1292, 1043, 89, 85, 85, 85, 85, 85, 85]","[0.0, 0.000535, 0.054736, 0.030004, 3.4e-05, 0.0, 0.002232, 0.000525, 0.001956, 0.002298, 0.001746, 0.000508, 0.000501, 0.000497, 0.0005, 0.000497, 0.000512, 0.000989, 0.015149, 0.012035, 0.0, 0.011951, 4.8e-05, 0.0, 0.0, 0.0, 0.02397, 0.204018, 0.005884, 0.000159, 0.029765, 0.024224, 3.547596, 0.000522, 0.003225, 0.000483, 0.000552, 0.0005, 0.000496, 0.000501, 0.002467, 0.000833, 0.0005, 0.000855, 0.000781, 0.000397, 0.000541, 0.000519, 0.00041, 0.000539, 0.000488, 0.000495, 0.0005, 0.000499, 0.000511, 0.000541, 0.00043, 0.014885, 0.00622, 0.0, 0.0, 0.0, 0.005719, 0.006065]","[1, 1, -1, -1, -1, -1, 1, 1, 1, 1, 1, 1, 1, 1, 1, 1, 1, 1, -1, -1, -1, 1, -1, -1, -1, -1, -1, -1, 1, -1, 1, -1, 1, 1, 1, 1, 1, 1, 1, 1, 1, 1, 1, 1, 1, 1, 1, 1, 1, 1, 1, 1, 1, 1, 1, 1, 1, -1, -1, -1, -1, -1, -1, -1]"
cloud_gaming,CG_Xbox,/indian-slp/Users/ug/ZEPA/Kritik/net_data/5G_Traffic_Datasets/CG_Xbox/xbox_mortalkombat11_1Player_ex38.csv,pretrain,0,0.197866,True,0,0,0,13,2,21,0.048721,"[264, 93, 1478, 364, 60, 60, 93, 54, 168, 89, 60, 347, 93, 1478, 1478, 1478, 1478, 1478, 1478, 1478, 1478, 1478, 1478, 1478, 796, 1478, 1478, 1478, 1478, 1478, 1478, 1478, 1478, 1478, 1478, 1478, 796, 1478, 1478, 1478, 1478, 1478, 1478, 1478, 1478, 1478, 1478, 1478, 796, 1478, 1478, 1478, 1478, 1478, 1478, 1478, 1478, 1478, 1478, 1478, 796, 1478, 1478, 1478]","[0.0, 0.001815, 0.003491, 0.000537, 0.192023, 0.005984, 0.0, 0.048279, 0.199759, 0.026117, 0.247857, 10.704975, 0.000421, 0.000582, 0.002144, 0.000481, 0.000458, 0.000574, 0.000415, 0.000575, 0.000458, 0.000519, 0.000489, 0.000467, 0.00058, 0.000435, 0.000557, 0.000886, 0.000534, 0.000504, 0.000468, 0.000552, 0.000449, 0.000516, 0.000482, 0.000561, 0.000477, 0.00047, 0.000577, 0.000421, 0.000578, 0.00042, 0.000576, 0.000446, 0.00052, 0.000492, 0.000493, 0.002445, 0.00056, 0.000553, 0.00047, 0.000553, 0.000434, 0.000559, 0.000499, 0.000465, 0.000467, 0.000575, 0.00043, 0.000569, 0.000433, 0.000567, 0.000427, 0.000541]","[1, 1, 1, 1, -1, -1, -1, 1, -1, 1, -1, 1, 1, 1, 1, 1, 1, 1, 1, 1, 1, 1, 1, 1, 1, 1, 1, 1, 1, 1, 1, 1, 1, 1, 1, 1, 1, 1, 1, 1, 1, 1, 1, 1, 1, 1, 1, 1, 1, 1, 1, 1, 1, 1, 1, 1, 1, 1, 1, 1, 1, 1, 1, 1]"
cloud_gaming,CG_Xbox,/indian-slp/Users/ug/ZEPA/Kritik/net_data/5G_Traffic_Datasets/CG_Xbox/xbox_mortalkombat11_1Player_ex38.csv,pretrain,0,0.0,False,0,0,0,13,2,21,0.048721,"[78, 54, 78, 54, 78, 54, 78, 54, 78, 54, 78, 54, 78, 54, 78, 54, 78, 54, 78, 54, 78, 54, 78, 54, 78, 54, 78, 54, 78, 54, 78, 54, 78, 54, 78, 54, 78, 54, 78, 54, 78, 54, 78, 54, 78, 54, 78, 54, 78, 54, 78, 54, 78, 54, 78, 54, 78, 54, 78, 54, 78, 54, 78, 54]","[0.0, 0.05467, 9.939293, 0.048357, 9.956703, 0.046548, 9.948332, 0.057593, 9.997944, 0.054011, 9.954277, 0.048852, 9.951129, 0.05656, 9.963336, 0.066146, 9.929785, 0.049296, 9.966724, 0.052269, 9.947596, 0.067597, 9.932683, 0.073323, 9.926133, 0.052285, 9.951943, 0.064779, 9.949165, 0.054762, 9.950734, 0.047573, 9.946925, 0.062346, 9.935588, 0.06044, 9.939303, 0.059677, 9.941712, 0.055691, 9.944174, 0.047824, 9.958112, 0.049823, 9.959994, 0.052236, 9.953726, 0.060815, 9.937082, 0.054417, 9.943274, 0.057205, 9.946687, 0.059011, 9.940827, 0.044701, 9.967193, 0.049192, 9.952575, 0.050436, 9.949463, 0.079127, 9.919155, 0.070571]","[-1, 1, -1, 1, -1, 1, -1, 1, -1, 1, -1, 1, -1, 1, -1, 1, -1, 1, -1, 1, -1, 1, -1, 1, -1, 1, -1, 1, -1, 1, -1, 1, -1, 1, -1, 1, -1, 1, -1, 1, -1, 1, -1, 1, -1, 1, -1, 1, -1, 1, -1, 1, -1, 1, -1, 1, -1, 1, -1, 1, -1, 1, -1, 1]"
cloud_gaming,CG_Xbox,/indian-slp/Users/ug/ZEPA/Kritik/net_data/5G_Traffic_Datasets/CG_Xbox/xbox_mortalkombat11_1Player_ex38.csv,pretrain,2,0.080299,True,0,0,0,7,1,9,0.786097,"[1292, 144, 1292, 258, 840, 1292, 135, 1288, 1292, 1060, 171, 93, 86, 193, 94, 1288, 433, 130, 96, 97, 93, 86]","[0.0, 0.000528, 0.079771, 0.0, 0.0, 0.005138, 0.000513, 0.000829, 0.000868, 0.000513, 0.000502, 0.001613, 0.020812, 0.053221, 0.043078, 0.124865, 0.0, 0.00603, 0.0, 0.006765, 0.000518, 0.104641]","[1, 1, -1, -1, -1, 1, 1, 1, 1, 1, 1, 1, -1, -1, 1, -1, -1, -1, -1, 1, 1, -1]"
cloud_gaming,CG_Xbox,/indian-slp/Users/ug/ZEPA/Kritik/net_data/5G_Traffic_Datasets/CG_Xbox/xbox_mortalkombat11_1Player_ex38.csv,pretrain,0,0.169317,True,0,2,0,13,2,21,0.048721,"[170, 100, 60, 60, 100, 158, 54, 195, 184, 92, 54, 96, 60, 54, 60, 54]","[0.0, 0.000531, 0.168786, 0.0, 0.000173, 0.0, 0.011436, 0.004968, 0.178215, 0.0, 0.003335, 0.000734, 0.215967, 24.945589, 0.158901, 0.014149]","[1, 1, -1, -1, -1, -1, 1, 1, -1, -1, 1, 1, -1, 1, -1, 1]"
cloud_gaming,CG_Xbox,/indian-slp/Users/ug/ZEPA/Kritik/net_data/5G_Traffic_Datasets/CG_Xbox/xbox_mortalkombat11_1Player_ex38.csv,pretrain,2,0.061059,True,0,0,0,7,1,9,0.786097,"[1292, 138, 1292, 1292, 86, 845, 243, 1292, 135, 93, 94, 182, 94]","[0.0, 0.002669, 0.05839, 0.036043, 0.0, 0.0, 0.0, 0.011352, 0.002864, 0.000536, 0.02881, 0.002698, 0.040175]","[1, 1, -1, -1, -1, -1, -1, 1, 1, 1, 1, -1, 1]"
cloud_gaming,CG_Xbox,/indian-slp/Users/ug/ZEPA/Kritik/net_data/5G_Traffic_Datasets/CG_Xbox/xbox_mortalkombat11_1Player_ex38.csv,pretrain,0,0.197581,True,1,0,0,13,2,21,0.048721,"[66, 66, 54, 670, 153, 736, 1478, 2902, 2115, 54, 54, 128, 146, 849, 1478, 1478, 1478, 1478, 1478, 1478, 1478, 1478, 1478, 1478, 157, 60, 116, 54, 85, 60, 60, 60, 1478, 1478, 1478, 1478, 1478, 1478, 1478, 1478, 1478, 1478, 1478, 1478, 1478, 1478, 1478, 1478, 1478, 1478, 1478, 1478, 1478, 60, 60, 60, 1478, 60, 60, 1478, 1478, 1478, 1478, 1478]","[0.0, 0.197581, 0.020945, 0.004448, 0.202625, 0.023462, 0.210057, 3.4e-05, 5e-05, 0.005685, 0.000915, 0.000641, 0.000544, 0.000495, 0.000498, 0.005833, 0.000487, 0.000503, 0.00056, 0.0005, 0.000502, 0.000501, 0.000507, 0.000501, 0.187325, 1e-06, 0.0, 0.002579, 0.003584, 0.005764, 4.1e-05, 0.006436, 0.002881, 0.002268, 0.000582, 0.000549, 0.000478, 0.002093, 0.000566, 0.000437, 0.000488, 0.000501, 0.000496, 0.0039, 0.004879, 0.000208, 0.000336, 0.000499, 0.000495, 0.000501, 0.000503, 0.000497, 0.0005, 0.183873, 0.005982, 0.0, 0.00449, 0.001657, 0.000299, 0.003185, 0.000926, 0.000478, 0.000428, 0.0005]","[1, -1, 1, 1, -1, 1, -1, -1, -1, 1, 1, 1, 1, 1, 1, 1, 1, 1, 1, 1, 1, 1, 1, 1, -1, -1, -1, 1, -1, -1, -1, -1, 1, 1, 1, 1, 1, 1, 1, 1, 1, 1, 1, 1, 1, 1, 1, 1, 1, 1, 1, 1, 1, -1, -1, -1, 1, -1, -1, 1, 1, 1, 1, 1]"
cloud_gaming,CG_Xbox,/indian-slp/Users/ug/ZEPA/Kritik/net_data/5G_Traffic_Datasets/CG_Xbox/xbox_mortalkombat11_1Player_ex38.csv,pretrain,0,0.16242,True,1,2,0,13,2,21,0.048721,"[66, 66, 54, 738, 60, 1478, 1438, 1478, 54, 147, 153, 1473, 280, 110, 134, 54, 54, 393, 92, 92, 54, 60, 54, 60, 54]","[0.0, 0.16242, 0.002316, 0.000485, 0.161297, 0.005669, 4.6e-05, 0.0, 0.010342, 0.003745, 0.00581, 0.002626, 0.149784, 0.006263, 1e-06, 0.018975, 0.000544, 0.002493, 1e-06, 0.010578, 0.022161, 0.180596, 4.891141, 0.161384, 0.014866]","[1, -1, 1, 1, -1, -1, -1, -1, 1, 1, 1, 1, -1, -1, -1, 1, 1, -1, -1, 1, 1, -1, 1, -1, 1]"
cloud_gaming,CG_Xbox,/indian-slp/Users/ug/ZEPA/Kritik/net_data/5G_Traffic_Datasets/CG_Xbox/xbox_mortalkombat11_1Player_ex38.csv,pretrain,0,0.166934,True,1,0,0,13,2,21,0.048721,"[66, 66, 54, 670, 153, 736, 6386, 54, 128, 146, 848, 1478, 1478, 1478, 1478, 1478, 1478, 1478, 1478, 1478, 1478, 116, 157, 54, 60, 85, 60, 60, 60, 1478, 1478, 1478, 1478, 1478, 1478, 1478, 1478, 1478, 1478, 1478, 1478, 1478, 1478, 1478, 1478, 1478, 1478, 1478, 1478, 1478, 60, 60, 60, 1478, 60, 60, 60, 60, 1478, 1478, 1478, 1478, 1478, 1478]","[0.0, 0.166934, 0.00959, 0.000921, 0.171144, 0.017434, 0.179032, 0.014928, 0.00832, 0.007445, 0.000486, 0.001701, 0.000527, 0.000508, 0.000496, 0.000504, 0.000497, 0.000498, 0.000499, 0.0005, 0.0005, 0.150124, 0.0, 0.009839, 0.008224, 0.000201, 0.0, 0.0, 1e-06, 0.013845, 0.00066, 0.004386, 0.000559, 0.000569, 0.000526, 0.000411, 0.000505, 0.000422, 0.000528, 0.000501, 0.000476, 0.000769, 0.000272, 0.000515, 0.000483, 0.000486, 0.00051, 0.000492, 0.000503, 0.000498, 0.155861, 0.006231, 0.0, 0.003134, 0.002637, 0.0, 0.0, 0.0, 0.000989, 0.0005, 0.000531, 0.016137, 0.004069, 0.000495]","[1, -1, 1, 1, -1, 1, -1, 1, 1, 1, 1, 1, 1, 1, 1, 1, 1, 1, 1, 1, 1, -1, -1, 1, -1, -1, -1, -1, -1, 1, 1, 1, 1, 1, 1, 1, 1, 1, 1, 1, 1, 1, 1, 1, 1, 1, 1, 1, 1, 1, -1, -1, -1, 1, -1, -1, -1, -1, 1, 1, 1, 1, 1, 1]"
cloud_gaming,CG_Xbox,/indian-slp/Users/ug/ZEPA/Kritik/net_data/5G_Traffic_Datasets/CG_Xbox/xbox_mortalkombat11_1Player_ex38.csv,pretrain,2,0.059787,True,0,0,0,7,1,9,0.786097,"[1292, 144, 1292, 1292, 86, 858, 230, 1292, 135, 93, 94, 182, 94]","[0.0, 0.000529, 0.059258, 0.035797, 4.5e-05, 0.0, 0.0, 0.007538, 0.006099, 0.000523, 0.026187, 0.003732, 0.033612]","[1, 1, -1, -1, -1, -1, -1, 1, 1, 1, 1, -1, 1]"
cloud_gaming,CG_Xbox,/indian-slp/Users/ug/ZEPA/Kritik/net_data/5G_Traffic_Datasets/CG_Xbox/xbox_mortalkombat11_1Player_ex38.csv,pretrain,0,0.163516,True,1,0,0,13,2,21,0.048721,"[66, 66, 54, 670, 153, 736, 1478, 4962, 54, 54, 128, 146, 849, 1478, 1478, 1478, 1478, 1478, 1478, 1478, 1478, 1478, 1478, 60, 157, 60, 116, 85, 1478, 1478, 1478, 1478, 1478, 1478, 1478, 1478, 1478, 1478, 1478, 1478, 1478, 1478, 1478, 1478, 1478, 1478, 1478, 1478, 1478, 60, 1478, 60, 1478, 60, 60, 1478, 1478, 1478, 1478, 60, 60, 60, 1478, 1478]","[0.0, 0.163516, 0.004172, 0.005523, 0.168008, 0.030757, 0.178789, 7.5e-05, 0.009902, 0.000627, 0.000536, 0.000498, 0.000904, 0.000148, 0.00355, 0.000535, 0.000497, 0.00052, 0.000546, 0.000498, 0.000473, 0.00049, 0.000486, 0.155661, 0.005985, 0.006212, 0.000209, 0.005575, 0.03382, 0.001772, 0.000529, 0.003799, 0.00051, 0.000503, 0.000529, 0.000479, 0.000583, 0.000415, 0.013329, 0.001871, 0.000526, 0.000472, 0.000528, 0.000613, 0.000418, 0.000481, 0.000513, 0.000479, 0.000613, 0.139259, 0.00575, 0.000297, 0.004279, 0.001666, 0.0, 0.001576, 0.000794, 0.000719, 0.000539, 0.014391, 0.000342, 0.0, 0.072897, 0.000488]","[1, -1, 1, 1, -1, 1, -1, -1, 1, 1, 1, 1, 1, 1, 1, 1, 1, 1, 1, 1, 1, 1, 1, -1, -1, -1, -1, -1, 1, 1, 1, 1, 1, 1, 1, 1, 1, 1, 1, 1, 1, 1, 1, 1, 1, 1, 1, 1, 1, -1, 1, -1, 1, -1, -1, 1, 1, 1, 1, -1, -1, -1, 1, 1]"
cloud_gaming,CG_Xbox,/indian-slp/Users/ug/ZEPA/Kritik/net_data/5G_Traffic_Datasets/CG_Xbox/xbox_mortalkombat11_1Player_ex38.csv,pretrain,1,0.0,False,0,0,0,2,2,2,0.07583,"[1247, 1247, 1247, 1247, 1247, 1247, 1247, 1247]","[0.0, 0.105892, 0.003103, 0.140516, 0.364436, 0.210753, 0.364961, 0.150828]","[1, 1, 1, 1, 1, 1, 1, 1]"
cloud_gaming,CG_Xbox,/indian-slp/Users/ug/ZEPA/Kritik/net_data/5G_Traffic_Datasets/CG_Xbox/xbox_mortalkombat11_1Player_ex38.csv,pretrain,1,0.0,False,0,0,0,2,3,3,0.020927,"[1120, 1120, 1120, 1120, 1120, 1120, 1120, 1120]","[0.0, 0.10287, 0.003151, 0.143269, 0.06166, 0.705192, 0.120253, 0.591453]","[1, 1, 1, 1, 1, 1, 1, 1]"
cloud_gaming,CG_Xbox,/indian-slp/Users/ug/ZEPA/Kritik/net_data/5G_Traffic_Datasets/CG_Xbox/xbox_mortalkombat11_1Player_ex38.csv,pretrain,0,0.170698,True,1,0,0,13,2,21,0.048721,"[66, 66, 54, 670, 153, 736, 4326, 2114, 54, 54, 128, 146, 849, 1478, 1478, 1478, 1478, 1478, 1478, 1478, 1478, 1478, 1478, 116, 157, 60, 60, 85, 1478, 889, 60, 60, 60, 1478, 1478, 1478, 1478, 1478, 1478, 1478, 1478, 1478, 1478, 1478, 1478, 1478, 1478, 1478, 1478, 1478, 1478, 1478, 1478, 60, 60, 60, 60, 60, 1478, 60, 60, 60, 60, 1478]","[0.0, 0.170698, 0.010785, 0.000529, 0.182382, 0.00635, 0.186121, 0.000102, 0.013882, 0.012193, 0.000492, 0.000493, 0.000502, 0.002723, 0.000507, 0.000536, 0.000446, 0.000543, 0.000495, 0.000499, 0.000518, 0.000495, 0.000499, 0.159103, 0.0, 0.0, 0.005496, 0.0, 0.011326, 0.000526, 0.000134, 0.0, 3.5e-05, 0.002214, 0.001305, 0.001681, 0.000513, 0.001152, 4.4e-05, 0.000357, 0.000484, 0.002927, 0.00052, 0.000504, 0.000487, 0.000518, 0.000505, 0.00054, 0.000451, 0.000504, 0.000497, 0.000498, 0.0005, 0.156289, 0.005491, 0.0, 0.0, 0.0061, 0.008026, 0.000484, 0.005462, 0.0, 0.0, 0.002319]","[1, -1, 1, 1, -1, 1, -1, -1, 1, 1, 1, 1, 1, 1, 1, 1, 1, 1, 1, 1, 1, 1, 1, -1, -1, -1, -1, -1, 1, 1, -1, -1, -1, 1, 1, 1, 1, 1, 1, 1, 1, 1, 1, 1, 1, 1, 1, 1, 1, 1, 1, 1, 1, -1, -1, -1, -1, -1, 1, -1, -1, -1, -1, 1]"
cloud_gaming,CG_Xbox,/indian-slp/Users/ug/ZEPA/Kritik/net_data/5G_Traffic_Datasets/CG_Xbox/xbox_mortalkombat11_1Player_ex38.csv,pretrain,0,0.170972,True,1,0,0,13,2,21,0.048721,"[66, 66, 54, 734, 153, 800, 6386, 54, 128, 146, 849, 1478, 1478, 1478, 1478, 1478, 1478, 1478, 1478, 1478, 1478, 60, 157, 116, 85, 60, 66, 1478, 1017, 1478, 1478, 1478, 1478, 1478, 1478, 1478, 1478, 1478, 1478, 1478, 1478, 1478, 1478, 1478, 1478, 1478, 1478, 60, 60, 60, 60, 60, 60, 1478, 1478, 1478, 1478, 1478, 147, 1478, 1478, 1478, 1478, 1478]","[0.0, 0.170972, 0.012809, 0.000865, 0.172085, 0.031805, 0.178452, 0.012692, 0.006183, 0.000535, 0.000494, 0.00354, 0.000523, 0.000523, 0.000439, 0.000537, 0.000496, 0.0005, 0.000496, 0.000499, 0.000514, 0.162351, 0.0, 0.0, 0.005429, 0.006234, 0.053437, 0.002149, 0.000478, 0.000415, 0.000524, 0.000561, 0.000478, 0.000618, 0.000381, 0.000552, 0.000456, 0.000446, 0.000547, 0.000493, 0.000507, 0.0005, 0.000493, 0.0005, 0.000503, 0.000496, 0.0005, 0.160759, 0.005988, 0.0, 0.006297, 0.0, 0.0, 0.027898, 0.002171, 0.000444, 0.000491, 0.000564, 0.000112, 0.00037, 0.000535, 0.000475, 0.000498, 0.0005]","[1, -1, 1, 1, -1, 1, -1, 1, 1, 1, 1, 1, 1, 1, 1, 1, 1, 1, 1, 1, 1, -1, -1, -1, -1, -1, 1, 1, 1, 1, 1, 1, 1, 1, 1, 1, 1, 1, 1, 1, 1, 1, 1, 1, 1, 1, 1, -1, -1, -1, -1, -1, -1, 1, 1, 1, 1, 1, -1, 1, 1, 1, 1, 1]"
cloud_gaming,CG_Xbox,/indian-slp/Users/ug/ZEPA/Kritik/net_data/5G_Traffic_Datasets/CG_Xbox/xbox_mortalkombat11_1Player_ex38.csv,pretrain,0,0.169442,True,1,2,0,13,2,21,0.048721,"[66, 66, 54, 770, 60, 1438, 2902, 54, 147, 153, 1473, 280, 110, 134, 54, 54, 92, 393, 92, 54, 54, 60, 54, 60, 54]","[0.0, 0.169442, 0.00937, 0.00122, 0.165339, 4.5e-05, 0.0, 0.009718, 0.001513, 0.002968, 0.002068, 0.161768, 0.000314, 0.0, 0.005128, 0.006321, 0.000954, 0.001378, 0.0, 0.031706, 0.038708, 0.120824, 9.918588, 0.155229, 0.001618]","[1, -1, 1, 1, -1, -1, -1, 1, 1, 1, 1, -1, -1, -1, 1, 1, 1, -1, -1, 1, 1, -1, 1, -1, 1]"
cloud_gaming,CG_Xbox,/indian-slp/Users/ug/ZEPA/Kritik/net_data/5G_Traffic_Datasets/CG_Xbox/xbox_mortalkombat11_1Player_ex38.csv,pretrain,0,0.027275,True,1,2,0,13,2,21,0.048721,"[66, 66, 54, 253, 2902, 1162, 54, 54, 212, 105, 460, 1478, 1478, 1478, 483, 60, 60, 4326, 7174, 1033, 54, 54, 54, 54, 54, 85, 54, 60, 60]","[0.0, 0.027275, 0.008815, 0.010201, 0.026721, 7.2e-05, 0.009523, 0.053731, 0.032386, 0.026199, 0.045784, 0.003372, 0.000534, 0.001142, 5.4e-05, 0.025437, 0.009543, 0.164241, 8.2e-05, 0.000202, 0.003205, 0.002137, 0.000651, 0.002091, 0.013838, 0.064533, 0.000525, 0.026969, 0.0]","[1, -1, 1, 1, -1, -1, 1, 1, 1, -1, 1, 1, 1, 1, 1, -1, -1, -1, -1, -1, 1, 1, 1, 1, 1, 1, 1, -1, -1]"
cloud_gaming,CG_Xbox,/indian-slp/Users/ug/ZEPA/Kritik/net_data/5G_Traffic_Datasets/CG_Xbox/xbox_mortalkombat11_1Player_ex38.csv,pretrain,0,0.198156,True,1,0,0,13,2,21,0.048721,"[66, 66, 54, 670, 60, 153, 736, 1478, 4326, 687, 54, 54, 128, 146, 849, 1478, 1478, 1478, 1478, 1478, 1478, 1478, 1478, 1478, 1478, 116, 60, 157, 54, 85, 60, 60, 60, 60, 60, 1478, 1478, 1478, 1478, 1478, 1478, 1478, 1478, 1478, 1478, 1478, 1478, 1478, 1478, 1478, 1478, 1478, 1478, 1478, 1478, 1478, 60, 60, 60, 60, 60, 1478, 1478, 1478]","[0.0, 0.198156, 0.026163, 0.000464, 0.209244, 0.0, 0.008191, 0.215584, 3.8e-05, 8e-05, 0.008234, 0.002931, 0.003654, 0.002997, 0.001166, 0.00051, 0.003272, 0.000496, 0.000515, 0.001041, 4.5e-05, 0.000406, 0.000511, 0.00049, 0.000504, 0.189489, 0.0, 0.0, 0.01571, 0.002233, 0.0, 8.3e-05, 1e-06, 0.0, 0.0, 0.032941, 0.000525, 0.004267, 0.00048, 0.000505, 0.000514, 0.000494, 0.000488, 0.000548, 0.000496, 0.000501, 0.000501, 0.0005, 0.000498, 0.000498, 0.0005, 0.000515, 0.000489, 0.000493, 0.000496, 0.000542, 0.192913, 0.006309, 0.0, 0.0, 0.0, 0.011185, 0.007041, 0.001345]","[1, -1, 1, 1, -1, -1, 1, -1, -1, -1, 1, 1, 1, 1, 1, 1, 1, 1, 1, 1, 1, 1, 1, 1, 1, -1, -1, -1, 1, -1, -1, -1, -1, -1, -1, 1, 1, 1, 1, 1, 1, 1, 1, 1, 1, 1, 1, 1, 1, 1, 1, 1, 1, 1, 1, 1, -1, -1, -1, -1, -1, 1, 1, 1]"
cloud_gaming,CG_Xbox,/indian-slp/Users/ug/ZEPA/Kritik/net_data/5G_Traffic_Datasets/CG_Xbox/xbox_mortalkombat11_1Player_ex38.csv,pretrain,1,0.0,False,0,0,0,2,3,3,0.020927,"[179, 179, 179, 179, 179, 179, 179, 179, 179, 179, 179, 179, 179, 179, 179, 179, 179, 179, 179, 179, 179, 179, 179, 179, 179, 179, 179, 179, 179, 179, 179, 179, 179, 179, 179, 179, 179, 179]","[0.0, 3.158252, 3.096954, 2.743858, 6.061228, 4.890041, 4.01919, 2.662846, 2.337596, 3.081325, 2.936358, 3.00877, 3.014685, 2.994021, 3.115327, 2.962003, 2.969171, 25.89005, 3.702752, 2.965504, 2.656414, 2.949347, 2.792025, 6.757747, 6.095299, 2.407865, 2.916844, 4.371798, 2.947016, 3.328474, 2.806014, 2.997311, 3.408133, 9.025456, 3.106501, 3.169113, 2.667887, 3.029886]","[1, 1, 1, 1, 1, 1, 1, 1, 1, 1, 1, 1, 1, 1, 1, 1, 1, 1, 1, 1, 1, 1, 1, 1, 1, 1, 1, 1, 1, 1, 1, 1, 1, 1, 1, 1, 1, 1]"
cloud_gaming,CG_Xbox,/indian-slp/Users/ug/ZEPA/Kritik/net_data/5G_Traffic_Datasets/CG_Xbox/xbox_mortalkombat11_1Player_ex38.csv,pretrain,0,0.156552,True,1,2,0,13,2,21,0.048721,"[66, 66, 54, 738, 60, 1478, 1478, 2394, 54, 54, 180, 1478, 527, 344, 60, 54, 499, 54, 54, 60, 54]","[0.0, 0.156552, 0.008627, 0.002008, 0.162994, 0.00612, 4.6e-05, 0.0, 0.005304, 0.000577, 0.004313, 0.003084, 0.0009, 0.151686, 0.009618, 0.058814, 0.02589, 0.080592, 9.940795, 0.156611, 0.031351]","[1, -1, 1, 1, -1, -1, -1, -1, 1, 1, 1, 1, 1, -1, -1, 1, -1, 1, 1, -1, 1]"
cloud_gaming,CG_Xbox,/indian-slp/Users/ug/ZEPA/Kritik/net_data/5G_Traffic_Datasets/CG_Xbox/xbox_mortalkombat11_1Player_ex38.csv,pretrain,2,0.06377,True,0,0,0,7,1,9,0.786097,"[1292, 143, 1292, 1292, 690, 87, 140, 93, 1288, 1288, 1292, 757, 182, 87, 87, 91, 94, 88, 904, 185, 97, 94, 86]","[0.0, 0.004357, 0.059413, 0.028363, 0.0, 4.6e-05, 0.0092, 0.000506, 0.001735, 0.000844, 0.00064, 0.000505, 0.022525, 0.012002, 0.0, 0.0, 0.005731, 0.018686, 0.193962, 0.005688, 0.007785, 0.028677, 0.023458]","[1, 1, -1, -1, -1, -1, 1, 1, 1, 1, 1, 1, -1, -1, -1, -1, 1, -1, -1, -1, 1, 1, -1]"
cloud_gaming,CG_Xbox,/indian-slp/Users/ug/ZEPA/Kritik/net_data/5G_Traffic_Datasets/CG_Xbox/xbox_mortalkombat11_1Player_ex38.csv,pretrain,0,0.205085,True,1,0,0,13,2,21,0.048721,"[66, 66, 54, 766, 153, 832, 1478, 4959, 54, 54, 128, 146, 849, 1478, 1478, 1478, 1478, 1478, 1478, 1478, 1478, 1478, 1478, 60, 116, 157, 60, 60, 85, 54, 1478, 1081, 1478, 1478, 1478, 1478, 1478, 1478, 1478, 1478, 1478, 1478, 1478, 1478, 1478, 1478, 1478, 1478, 1478, 1478, 1478, 1478, 60, 60, 60, 1478, 1478, 1478, 1478, 1478, 60, 60, 1478, 1478]","[0.0, 0.205085, 0.024021, 0.000562, 0.205142, 0.007265, 0.214675, 4.4e-05, 0.00842, 0.001324, 0.000242, 0.000412, 0.000492, 0.000514, 0.001709, 0.000287, 0.000557, 0.000499, 0.000496, 0.000501, 0.000497, 0.000502, 0.000499, 0.189488, 0.005835, 0.0, 0.005637, 0.0, 0.0, 0.007913, 0.000973, 0.000461, 0.000517, 0.000932, 0.003881, 0.00048, 0.000463, 0.000478, 0.000608, 0.000438, 0.000509, 0.00042, 0.00055, 0.000609, 0.000413, 0.000496, 0.000494, 0.0005, 0.000522, 0.000479, 0.000491, 0.000501, 0.192863, 0.005996, 0.0, 0.000537, 0.000575, 0.003962, 0.000507, 0.000513, 6e-06, 0.0, 0.000555, 0.00045]","[1, -1, 1, 1, -1, 1, -1, -1, 1, 1, 1, 1, 1, 1, 1, 1, 1, 1, 1, 1, 1, 1, 1, -1, -1, -1, -1, -1, -1, 1, 1, 1, 1, 1, 1, 1, 1, 1, 1, 1, 1, 1, 1, 1, 1, 1, 1, 1, 1, 1, 1, 1, -1, -1, -1, 1, 1, 1, 1, 1, -1, -1, 1, 1]"
cloud_gaming,CG_Xbox,/indian-slp/Users/ug/ZEPA/Kritik/net_data/5G_Traffic_Datasets/CG_Xbox/xbox_mortalkombat11_1Player_ex38.csv,pretrain,0,0.174424,True,1,0,0,13,2,21,0.048721,"[66, 66, 54, 766, 153, 832, 1478, 1478, 3538, 54, 54, 54, 128, 146, 849, 1478, 1478, 1478, 1478, 1478, 1478, 1478, 1478, 1478, 1478, 116, 157, 54, 85, 60, 1478, 1081, 1478, 1478, 1478, 1478, 1478, 1478, 1478, 1478, 1478, 1478, 1478, 1478, 1478, 1478, 1478, 1478, 1478, 1478, 60, 60, 60, 60, 60, 1478, 1478, 1478, 60, 60, 1478, 1478, 1478, 1478]","[0.0, 0.174424, 0.010893, 0.000919, 0.16788, 0.009126, 0.180574, 0.004293, 7.9e-05, 0.004272, 0.001057, 0.04489, 0.09396, 0.000518, 0.009087, 0.001758, 0.000534, 0.000524, 0.000524, 0.000568, 0.000526, 0.000521, 0.000521, 0.000528, 0.000525, 0.149591, 0.0, 0.00592, 0.006111, 0.006004, 0.010561, 0.000536, 0.001534, 0.000698, 0.000531, 0.002475, 0.002716, 0.000506, 0.000559, 0.00045, 0.000498, 0.0005, 0.000449, 0.000546, 0.000496, 0.000501, 0.000503, 0.000637, 0.000365, 0.000497, 0.156438, 1e-06, 0.0, 0.006014, 0.0, 0.004015, 0.000512, 0.000964, 0.006498, 0.0, 0.003523, 0.004472, 0.003194, 0.000531]","[1, -1, 1, 1, -1, 1, -1, -1, -1, 1, 1, 1, 1, 1, 1, 1, 1, 1, 1, 1, 1, 1, 1, 1, 1, -1, -1, 1, -1, -1, 1, 1, 1, 1, 1, 1, 1, 1, 1, 1, 1, 1, 1, 1, 1, 1, 1, 1, 1, 1, -1, -1, -1, -1, -1, 1, 1, 1, -1, -1, 1, 1, 1, 1]"
cloud_gaming,CG_Xbox,/indian-slp/Users/ug/ZEPA/Kritik/net_data/5G_Traffic_Datasets/CG_Xbox/xbox_mortalkombat11_1Player_ex38.csv,pretrain,0,0.168009,True,1,0,0,13,2,21,0.048721,"[66, 66, 54, 702, 153, 768, 1478, 2902, 2114, 54, 54, 128, 146, 918, 1478, 364, 60, 85, 157, 116, 54, 85, 364, 54, 266, 93, 1478, 364, 60, 60, 93, 54, 168, 54, 366, 1478, 1478, 1478, 1478, 1478, 1478, 1478, 1478, 1478, 1478, 1478, 796, 1478, 1478, 60, 60, 60, 1478, 1478, 1478, 1478, 1478, 1478, 1478, 1478, 1478, 1478, 1478, 1478]","[0.0, 0.168009, 0.014597, 0.004243, 0.175038, 0.009432, 0.182451, 3.8e-05, 5.3e-05, 0.008923, 0.000525, 0.002413, 0.000536, 0.000509, 0.000471, 0.002474, 0.164023, 0.006013, 0.0, 0.0, 0.011354, 0.000866, 0.167755, 0.130275, 22.747996, 0.000488, 0.0005, 0.000498, 0.177972, 7.5e-05, 0.0, 0.078045, 0.175906, 0.071051, 0.004546, 0.003748, 0.000492, 0.000516, 0.000501, 0.000494, 0.000446, 0.000559, 0.000493, 0.000501, 0.000499, 0.000552, 0.00053, 0.000467, 0.000504, 0.168419, 0.0, 0.005561, 0.008463, 0.000625, 0.005246, 0.000416, 0.000497, 0.000561, 0.00047, 0.000549, 0.00045, 0.000473, 0.000521, 0.000469]","[1, -1, 1, 1, -1, 1, -1, -1, -1, 1, 1, 1, 1, 1, 1, 1, -1, -1, -1, -1, 1, 1, -1, 1, 1, 1, 1, 1, -1, -1, -1, 1, -1, 1, 1, 1, 1, 1, 1, 1, 1, 1, 1, 1, 1, 1, 1, 1, 1, -1, -1, -1, 1, 1, 1, 1, 1, 1, 1, 1, 1, 1, 1, 1]"
cloud_gaming,CG_Xbox,/indian-slp/Users/ug/ZEPA/Kritik/net_data/5G_Traffic_Datasets/CG_Xbox/xbox_mortalkombat11_1Player_ex38.csv,pretrain,2,0.059713,True,0,0,0,7,1,9,0.786097,"[1292, 138, 1292, 238, 86, 850, 1292, 141, 93, 94, 182, 94]","[0.0, 0.000601, 0.059112, 0.038073, 0.0, 0.0, 0.0, 0.003567, 0.000563, 0.024844, 0.007042, 0.046136]","[1, 1, -1, -1, -1, -1, -1, 1, 1, 1, -1, 1]"
