traffic_type,app,source_file,split,protocol_id,rtt,rtt_valid,syn_count,fin_count,rst_count,n_dst_ips,n_dst_ports,n_src_ports,conn_per_sec,packet_sizes,iats,directions
video_conferencing,Google_Meet,/indian-slp/Users/ug/ZEPA/Kritik/net_data/5G_Traffic_Datasets/Video_Conferencing/Google_Meet/Google_Meet_1.csv,pretrain,0,0.06404,True,1,0,0,1,3,13,0.145723,"[60, 48, 40, 40, 40, 40, 40]","[0.0, 0.06404, 0.000146, 0.001417, 0.056799, 4.538397, 0.071386]","[1, -1, 1, -1, 1, -1, 1]"
video_conferencing,Google_Meet,/indian-slp/Users/ug/ZEPA/Kritik/net_data/5G_Traffic_Datasets/Video_Conferencing/Google_Meet/Google_Meet_1.csv,pretrain,0,0.068867,True,1,0,0,1,3,13,0.145723,"[60, 48, 40, 40, 40, 40, 40]","[0.0, 0.068867, 0.000137, 0.001628, 0.060144, 6.558911, 0.062956]","[1, -1, 1, -1, 1, -1, 1]"
video_conferencing,Google_Meet,/indian-slp/Users/ug/ZEPA/Kritik/net_data/5G_Traffic_Datasets/Video_Conferencing/Google_Meet/Google_Meet_1.csv,pretrain,0,0.06702,True,1,0,0,1,3,13,0.145723,"[60, 48, 40, 40, 40, 40, 40, 40, 40, 40, 40, 40, 40, 40, 40, 40, 40, 40, 40, 40, 40, 40, 40, 40, 40, 40, 40, 40, 40, 40, 40, 40, 42, 40, 40, 40, 40, 40, 40, 40, 42, 40, 40, 40, 40, 40, 40, 40, 40, 40, 40, 40, 40, 40, 40, 40, 40, 40, 40, 40, 40, 40, 40, 40]","[0.0, 0.06702, 0.00018, 5.123422, 0.062663, 0.438415, 0.059189, 2.951504, 0.06051, 2.958094, 0.052035, 2.960709, 0.063895, 2.951757, 0.059498, 1.446028, 0.061466, 1.447674, 0.053081, 1.455615, 0.065166, 1.440052, 0.063249, 1.441879, 0.06525, 1.440108, 0.06208, 1.448863, 0.067074, 1.438835, 0.057921, 1.444857, 0.051738, 0.000213, 0.000165, 1.454733, 0.059086, 1.446862, 0.054711, 1.45293, 0.054271, 0.000185, 0.000132, 1.449682, 0.057346, 1.446869, 0.06181, 1.444289, 0.066328, 1.436605, 0.050017, 1.462374, 0.066816, 1.435347, 0.06478, 1.43909, 0.051772, 1.455237, 0.057117, 1.448641, 0.064916, 1.439887, 0.058985, 1.447214]","[1, -1, 1, -1, 1, -1, 1, -1, 1, -1, 1, -1, 1, -1, 1, -1, 1, -1, 1, -1, 1, -1, 1, -1, 1, -1, 1, -1, 1, -1, 1, -1, -1, 1, 1, -1, 1, -1, 1, -1, -1, 1, 1, -1, 1, -1, 1, -1, 1, -1, 1, -1, 1, -1, 1, -1, 1, -1, 1, -1, 1, -1, 1, -1]"
video_conferencing,Google_Meet,/indian-slp/Users/ug/ZEPA/Kritik/net_data/5G_Traffic_Datasets/Video_Conferencing/Google_Meet/Google_Meet_1.csv,pretrain,0,0.051225,True,1,0,0,1,3,13,0.145723,"[60, 48, 40, 40, 40]","[0.0, 0.051225, 0.000168, 0.000663, 0.063282]","[1, -1, 1, -1, 1]"
video_conferencing,Google_Meet,/indian-slp/Users/ug/ZEPA/Kritik/net_data/5G_Traffic_Datasets/Video_Conferencing/Google_Meet/Google_Meet_1.csv,pretrain,0,0.066934,True,1,0,0,1,3,13,0.145723,"[60, 48, 40, 40, 40]","[0.0, 0.066934, 0.000164, 0.00099, 0.067213]","[1, -1, 1, -1, 1]"
video_conferencing,Google_Meet,/indian-slp/Users/ug/ZEPA/Kritik/net_data/5G_Traffic_Datasets/Video_Conferencing/Google_Meet/Google_Meet_1.csv,pretrain,0,0.064713,True,1,0,0,1,3,13,0.145723,"[60, 48, 40, 40, 40]","[0.0, 0.064713, 0.000254, 0.001222, 0.06075]","[1, -1, 1, -1, 1]"
video_conferencing,Google_Meet,/indian-slp/Users/ug/ZEPA/Kritik/net_data/5G_Traffic_Datasets/Video_Conferencing/Google_Meet/Google_Meet_1.csv,pretrain,1,1.303702,True,0,0,0,1,3,13,0.145723,"[66, 70, 110, 66, 67, 70, 66, 70, 78, 66, 70, 70, 66, 66, 108, 67, 70, 66, 70, 98, 78, 66, 70, 66, 70, 78, 66, 151, 153, 163, 70, 155, 166, 155, 70, 162, 158, 66, 160, 156, 157, 70, 152, 138, 66, 112, 128, 161, 70, 151, 125, 66, 144, 165, 131, 161, 70, 134, 155, 90, 142, 155, 66, 171]","[0.0, 0.048591, 0.051527, 6.6e-05, 0.018246, 0.030723, 0.050912, 0.049647, 0.037329, 0.012897, 0.051833, 0.051006, 0.049147, 0.048914, 0.020214, 0.020834, 0.008334, 0.050487, 0.050267, 0.028239, 0.001865, 0.01933, 0.050225, 0.051484, 0.049834, 0.039474, 0.012364, 0.000263, 0.018849, 0.020673, 0.011092, 0.012838, 0.020026, 0.016615, 0.000266, 0.021448, 0.026663, 0.001773, 0.010737, 0.018278, 0.021742, 0.000177, 0.018098, 0.022431, 0.010676, 0.00652, 0.019092, 0.019472, 0.004413, 0.016718, 0.020433, 0.011972, 0.009449, 0.020476, 0.018723, 0.001865, 0.000169, 0.013043, 0.005452, 0.00612, 0.009259, 0.003155, 0.013936, 0.00524]","[1, 1, 1, 1, 1, 1, 1, 1, 1, 1, 1, 1, 1, 1, 1, 1, 1, 1, 1, 1, 1, 1, 1, 1, 1, 1, 1, 1, 1, 1, 1, 1, 1, 1, 1, 1, 1, 1, 1, 1, 1, 1, 1, 1, 1, 1, 1, 1, 1, 1, 1, 1, 1, 1, -1, 1, 1, -1, 1, -1, -1, 1, 1, 1]"
video_conferencing,Google_Meet,/indian-slp/Users/ug/ZEPA/Kritik/net_data/5G_Traffic_Datasets/Video_Conferencing/Google_Meet/Google_Meet_1.csv,pretrain,0,0.064939,True,1,0,0,1,3,13,0.145723,"[60, 48, 40, 40, 40, 40, 42, 40, 40, 40, 40, 40, 40, 40, 40, 40, 40, 40, 40, 40, 40, 40, 40, 40, 40, 40, 40, 40, 40, 40, 40, 40, 121, 40, 1150, 40, 300, 40, 1150, 40, 88, 40, 154, 40, 40, 979, 40, 207, 172, 40, 979, 40, 1500, 661, 40, 300, 40, 979, 40, 139, 980, 40, 81, 40]","[0.0, 0.064939, 0.000129, 3.098102, 0.06955, 0.432697, 0.056852, 7e-05, 0.000311, 2.220864, 0.060303, 3.774528, 0.049086, 3.963985, 0.06159, 3.954647, 0.074666, 1.932261, 0.04863, 1.955419, 0.066217, 1.938142, 0.056187, 1.95304, 0.051644, 1.963284, 0.074605, 1.931787, 0.050395, 1.332748, 0.068112, 0.3529, 0.014573, 8.7e-05, 0.017387, 8.5e-05, 0.002782, 0.000137, 0.002938, 0.000122, 0.006237, 2.6e-05, 7.3e-05, 8e-06, 0.00524, 0.00298, 8.4e-05, 0.008981, 0.003628, 0.000133, 0.000109, 6.1e-05, 0.001594, 0.000109, 8.2e-05, 0.013199, 0.000132, 0.000109, 5.7e-05, 0.001257, 0.007394, 0.000124, 0.004757, 7.5e-05]","[1, -1, 1, -1, 1, -1, -1, 1, 1, -1, 1, -1, 1, -1, 1, -1, 1, -1, 1, -1, 1, -1, 1, -1, 1, -1, 1, -1, 1, -1, 1, -1, 1, -1, 1, -1, 1, -1, 1, -1, 1, -1, 1, -1, 1, 1, -1, -1, 1, -1, 1, -1, -1, -1, 1, 1, -1, 1, -1, -1, 1, -1, 1, -1]"
video_conferencing,Google_Meet,/indian-slp/Users/ug/ZEPA/Kritik/net_data/5G_Traffic_Datasets/Video_Conferencing/Google_Meet/Google_Meet_1.csv,pretrain,3,0.056852,True,0,0,0,1,3,13,0.145723,"[112, 119, 144, 120, 136, 120, 140, 120, 144, 136, 120, 158, 134, 150, 132, 158, 134, 136, 120, 136, 120, 140, 144, 150, 134, 140, 140, 120, 120, 136, 144, 136, 120, 140, 120, 136, 144, 150, 134, 60, 140, 60, 120, 136, 60, 144, 136, 60, 120, 136, 144, 150, 60, 134, 140, 120, 136, 144, 60, 136, 60, 120, 140, 60]","[0.0, 0.056852, 0.015444, 0.059077, 0.443869, 0.07434, 0.430662, 0.052023, 0.453325, 0.499898, 0.064876, 0.937635, 0.06956, 0.432794, 0.057017, 0.947801, 0.071263, 0.432246, 0.062054, 0.440654, 0.067454, 0.020879, 0.089249, 0.089289, 0.060149, 0.209967, 0.044753, 0.023634, 0.029054, 0.452161, 0.501797, 0.502232, 0.06302, 0.437843, 0.057406, 0.444293, 0.502589, 0.502927, 0.052143, 0.249626, 0.199332, 0.052211, 0.016144, 0.43363, 0.046402, 0.457229, 0.501427, 0.046749, 0.025409, 0.933137, 0.501418, 0.501195, 0.03085, 0.030654, 0.440595, 0.068169, 0.434467, 0.50055, 0.251966, 0.24982, 0.005275, 0.05396, 0.441642, 0.020443]","[1, -1, 1, -1, 1, -1, 1, -1, 1, 1, -1, 1, -1, 1, -1, 1, -1, 1, -1, 1, -1, 1, 1, 1, -1, 1, 1, -1, -1, 1, 1, 1, -1, 1, -1, 1, 1, 1, -1, -1, 1, -1, -1, 1, -1, 1, 1, -1, -1, 1, 1, 1, -1, -1, 1, -1, 1, 1, -1, 1, -1, -1, 1, -1]"
video_conferencing,Google_Meet,/indian-slp/Users/ug/ZEPA/Kritik/net_data/5G_Traffic_Datasets/Video_Conferencing/Google_Meet/Google_Meet_1.csv,pretrain,1,0.076799,True,0,0,0,1,3,13,0.145723,"[152, 286, 1126, 108, 1127, 109, 944, 286, 286, 946, 113, 98, 286, 676, 134, 118, 115, 90, 106, 1133, 122, 132, 1134, 1134, 1134, 1134, 113, 1134, 1134, 1134, 134, 78, 140, 133, 136, 98, 153, 820, 142, 136, 137, 134, 134, 137, 140, 145, 136, 133, 796, 131, 136, 146, 136, 136, 141, 137, 140, 139, 134, 136, 138, 136, 127, 132]","[0.0, 0.007592, 0.002616, 0.015012, 0.000243, 0.014534, 0.000124, 0.013607, 0.000199, 0.003386, 0.007163, 0.000138, 0.000182, 7.3e-05, 0.01193, 0.000868, 0.001889, 0.010671, 0.007755, 0.003159, 0.000778, 0.005249, 0.000139, 6.3e-05, 0.006417, 0.000221, 0.004801, 0.001133, 0.000174, 0.00499, 0.000104, 0.004638, 0.003564, 0.000141, 5.7e-05, 5.3e-05, 0.00499, 0.005666, 0.004336, 0.003836, 0.00013, 6.8e-05, 6.3e-05, 6.3e-05, 6.4e-05, 6.3e-05, 6.3e-05, 6.5e-05, 7.4e-05, 0.000148, 0.000188, 0.000372, 7.9e-05, 0.000132, 0.000558, 7.4e-05, 6.6e-05, 6.4e-05, 6.4e-05, 6.4e-05, 6.2e-05, 6.2e-05, 6.3e-05, 6.3e-05]","[1, 1, 1, 1, 1, 1, 1, 1, 1, 1, 1, 1, 1, 1, -1, 1, 1, -1, 1, -1, 1, -1, -1, -1, -1, -1, 1, -1, -1, -1, -1, 1, -1, -1, -1, -1, 1, 1, -1, -1, -1, -1, -1, -1, -1, -1, -1, -1, 1, -1, -1, -1, -1, -1, -1, -1, -1, -1, -1, -1, -1, -1, -1, -1]"
video_conferencing,Google_Meet,/indian-slp/Users/ug/ZEPA/Kritik/net_data/5G_Traffic_Datasets/Video_Conferencing/Google_Meet/Google_Meet_1.csv,pretrain,1,0.0,False,0,0,0,1,3,13,0.145723,"[1104, 1104, 1104, 1104, 1104, 1105, 123, 1105, 125, 94, 120, 968, 968, 126, 125, 90, 131, 1202, 1203, 121, 98, 122, 124, 842, 859, 859, 130, 94, 127, 123, 94, 1178, 124, 1178, 1178, 1178, 1179, 1179, 1179, 123, 122, 94, 124, 1114, 1114, 126, 90, 127, 125, 286, 1197, 123, 1198, 98, 1200, 1200, 1200, 119, 124, 90, 126, 1173, 1174, 120]","[0.0, 0.006219, 0.000303, 0.003165, 0.000114, 5.4e-05, 5e-05, 5.1e-05, 0.016004, 0.011721, 0.007594, 0.020462, 0.000236, 0.003901, 0.020406, 0.006395, 0.008316, 0.012223, 0.006801, 0.005807, 0.007229, 0.011815, 0.020222, 0.007526, 0.00747, 0.000146, 0.005673, 0.000207, 0.015109, 0.019355, 0.014151, 0.012428, 6.7e-05, 0.007559, 0.000147, 5.8e-05, 5.4e-05, 0.011334, 0.000356, 7.2e-05, 0.014573, 0.012021, 0.011608, 0.011694, 0.014668, 0.000193, 0.009639, 0.008228, 0.015047, 0.016516, 0.001469, 0.012226, 0.000161, 0.004321, 0.000112, 0.00586, 0.000121, 7e-05, 0.017144, 0.023159, 0.0001, 0.00602, 0.000146, 0.014234]","[-1, -1, -1, -1, -1, -1, -1, -1, -1, -1, -1, -1, -1, -1, -1, -1, -1, -1, -1, -1, -1, -1, -1, -1, -1, -1, -1, -1, -1, -1, -1, -1, -1, -1, -1, -1, -1, -1, -1, -1, -1, -1, -1, -1, -1, -1, -1, -1, -1, -1, -1, -1, -1, -1, -1, -1, -1, -1, -1, -1, -1, -1, -1, -1]"
video_conferencing,Google_Meet,/indian-slp/Users/ug/ZEPA/Kritik/net_data/5G_Traffic_Datasets/Video_Conferencing/Google_Meet/Google_Meet_1.csv,pretrain,1,0.063743,True,0,0,0,1,3,13,0.145723,"[952, 74, 286, 953, 953, 918, 70, 286, 919, 134, 919, 410, 412, 131, 90, 1226, 1227, 132, 70, 135, 94, 127, 128, 129, 141, 1167, 1152, 127, 70, 144, 134, 125, 131, 67, 98, 136, 66, 127, 1212, 1228, 90, 1228, 1228, 179, 1229, 131, 1229, 130, 74, 122, 236, 90, 1008, 993, 137, 70, 286, 283, 285, 238, 181, 138, 127, 143]","[0.0, 0.004195, 0.01901, 0.002576, 0.012814, 0.011689, 0.007752, 0.004914, 0.000123, 0.00067, 0.006283, 0.007726, 0.000126, 0.004692, 0.000124, 0.005151, 0.005787, 0.013689, 0.005996, 0.008808, 0.012028, 0.00286, 0.000122, 0.007892, 0.001578, 0.01101, 0.004561, 0.000556, 0.004951, 0.004069, 0.009679, 0.00313, 0.01829, 0.007757, 0.006799, 0.000165, 5.5e-05, 0.004889, 0.011256, 0.008456, 0.000128, 5.5e-05, 5.3e-05, 0.005602, 0.000375, 0.000197, 7.8e-05, 0.015976, 0.001782, 0.016241, 0.000384, 0.004488, 0.00642, 0.007653, 0.007841, 0.007005, 0.001437, 0.000125, 9.5e-05, 0.00209, 0.000974, 9.6e-05, 4.5e-05, 4e-05]","[1, 1, 1, 1, 1, 1, 1, 1, 1, -1, 1, 1, 1, -1, -1, -1, -1, -1, 1, -1, -1, 1, 1, -1, 1, -1, -1, -1, 1, 1, -1, 1, -1, 1, 1, 1, 1, -1, -1, -1, -1, -1, -1, 1, -1, -1, -1, -1, 1, -1, 1, -1, -1, -1, -1, 1, 1, 1, 1, 1, 1, 1, 1, 1]"
video_conferencing,Google_Meet,/indian-slp/Users/ug/ZEPA/Kritik/net_data/5G_Traffic_Datasets/Video_Conferencing/Google_Meet/Google_Meet_1.csv,pretrain,1,0.0,False,0,0,0,1,3,13,0.145723,"[1113, 1113, 1114, 136, 90, 1114, 1114, 132, 133, 1033, 90, 1033, 126, 135, 135, 94, 1221, 1221, 134, 129, 90, 132, 1221, 129, 1222, 137, 90, 133, 128, 1208, 1224, 1224, 1240, 1225, 90, 1225, 127, 132, 125, 90, 1065, 1066, 127, 133, 90, 130, 130, 1203, 1204, 135, 90, 129, 128, 1178, 1178, 94, 131, 124, 127, 90, 1168, 1168, 133, 262]","[0.0, 0.000131, 7.1e-05, 6.2e-05, 0.001011, 0.001999, 0.000111, 0.009956, 0.018262, 0.012276, 0.010234, 0.000214, 0.004112, 0.014584, 0.018762, 0.005807, 0.01189, 0.01488, 0.00013, 0.01113, 0.012506, 0.005404, 0.016763, 0.000131, 0.013114, 0.007676, 0.012223, 0.008244, 0.020474, 0.011242, 0.000178, 9.7e-05, 0.005752, 0.011724, 0.000295, 0.000124, 6.3e-05, 0.014268, 0.0181, 0.012481, 0.000193, 0.00529, 0.007875, 0.020368, 0.01347, 0.008381, 0.010582, 0.01276, 0.005292, 0.005952, 0.005809, 0.013559, 0.024753, 0.005937, 0.007763, 0.013328, 0.000204, 0.005272, 0.019274, 0.011894, 0.008287, 0.006333, 0.000102, 9.1e-05]","[-1, -1, -1, -1, -1, -1, -1, -1, -1, -1, -1, -1, -1, -1, -1, -1, -1, -1, -1, -1, -1, -1, -1, -1, -1, -1, -1, -1, -1, -1, -1, -1, -1, -1, -1, -1, -1, -1, -1, -1, -1, -1, -1, -1, -1, -1, -1, -1, -1, -1, -1, -1, -1, -1, -1, -1, -1, -1, -1, -1, -1, -1, -1, -1]"
video_conferencing,Google_Meet,/indian-slp/Users/ug/ZEPA/Kritik/net_data/5G_Traffic_Datasets/Video_Conferencing/Google_Meet/Google_Meet_1.csv,pretrain,1,0.064098,True,0,0,0,1,3,13,0.145723,"[1105, 70, 286, 1170, 1170, 1170, 70, 94, 130, 286, 1170, 132, 640, 642, 286, 286, 1194, 1194, 126, 90, 70, 128, 124, 1165, 94, 162, 144, 253, 70, 131, 1165, 1165, 1165, 1165, 1165, 1165, 129, 129, 286, 348, 350, 255, 146, 164, 1172, 142, 1172, 1172, 1172, 129, 74, 1009, 1009, 341, 134, 67, 407, 130, 90, 70, 129, 78, 462, 1208]","[0.0, 0.006125, 0.016198, 0.003334, 0.015591, 0.0152, 0.003706, 0.003944, 0.003774, 0.00411, 0.000126, 0.006143, 0.003074, 0.003866, 0.004086, 0.000128, 0.002388, 0.011749, 0.000173, 0.006243, 0.004559, 0.003618, 0.019194, 0.019711, 0.000177, 0.004069, 0.000125, 5e-05, 0.005863, 0.003842, 0.000197, 6.5e-05, 0.002944, 0.006299, 0.000528, 0.000248, 0.005106, 0.010724, 0.007571, 0.000185, 6.6e-05, 6e-05, 5.9e-05, 5.9e-05, 5.9e-05, 6.2e-05, 5.9e-05, 0.002694, 0.003676, 0.005626, 0.000615, 0.005629, 0.000113, 0.004686, 0.010353, 0.00359, 0.01388, 0.001219, 0.001066, 0.010471, 0.00952, 0.00409, 0.002935, 0.004903]","[1, 1, 1, 1, 1, 1, 1, -1, -1, 1, 1, -1, 1, 1, 1, 1, -1, -1, -1, -1, 1, -1, -1, -1, -1, 1, 1, 1, 1, -1, -1, -1, -1, -1, -1, -1, -1, -1, 1, 1, 1, 1, 1, 1, 1, 1, 1, 1, 1, -1, 1, -1, -1, 1, -1, 1, 1, -1, -1, 1, -1, 1, 1, -1]"
video_conferencing,Google_Meet,/indian-slp/Users/ug/ZEPA/Kritik/net_data/5G_Traffic_Datasets/Video_Conferencing/Google_Meet/Google_Meet_1.csv,pretrain,1,0.0,False,0,0,0,1,3,13,0.145723,"[130, 90, 127, 901, 902, 902, 125, 130, 90, 130, 859, 859, 860, 124, 94, 126, 129, 139, 94, 1082, 1082, 1082, 1082, 134, 1082, 1082, 1082, 131, 90, 128, 1153, 1137, 133, 137, 90, 129, 1104, 127, 1105, 90, 132, 133, 134, 1139, 1140, 94, 127, 129, 90, 126, 1210, 1210, 1210, 262, 1210, 1211, 1211, 128, 1211, 1211, 148, 94, 136, 922]","[0.0, 0.009718, 0.01054, 0.015519, 0.000123, 5.6e-05, 0.005844, 0.01809, 0.007328, 0.015995, 0.004987, 0.011786, 0.000135, 0.007208, 0.005005, 0.0101, 0.014128, 0.023479, 0.006635, 0.005655, 0.00637, 0.000177, 0.005414, 0.000158, 0.006303, 0.000219, 0.000751, 0.019063, 0.000165, 0.012086, 0.007762, 0.013743, 0.000136, 0.01446, 0.010795, 0.007476, 0.02101, 0.008498, 0.000151, 0.005672, 0.012441, 0.023026, 0.008858, 0.006695, 0.000117, 0.005225, 0.01177, 0.015907, 0.016374, 0.011456, 0.012747, 0.000115, 0.000218, 0.005798, 0.000193, 9.3e-05, 7.7e-05, 7.9e-05, 7.3e-05, 7.5e-05, 0.016382, 0.009706, 0.009579, 0.010734]","[-1, -1, -1, -1, -1, -1, -1, -1, -1, -1, -1, -1, -1, -1, -1, -1, -1, -1, -1, -1, -1, -1, -1, -1, -1, -1, -1, -1, -1, -1, -1, -1, -1, -1, -1, -1, -1, -1, -1, -1, -1, -1, -1, -1, -1, -1, -1, -1, -1, -1, -1, -1, -1, -1, -1, -1, -1, -1, -1, -1, -1, -1, -1, -1]"
video_conferencing,Google_Meet,/indian-slp/Users/ug/ZEPA/Kritik/net_data/5G_Traffic_Datasets/Video_Conferencing/Google_Meet/Google_Meet_1.csv,pretrain,1,0.078479,True,0,0,0,1,3,13,0.145723,"[98, 67, 286, 1007, 1007, 70, 1007, 286, 1008, 1008, 444, 446, 128, 74, 66, 1008, 90, 1024, 127, 132, 94, 155, 164, 129, 70, 128, 286, 874, 876, 210, 876, 874, 875, 877, 128, 74, 129, 78, 217, 133, 1247, 1231, 86, 138, 70, 286, 336, 286, 338, 219, 212, 286, 136, 166, 157, 286, 1010, 1010, 1009, 134, 86, 1119, 66, 409]","[0.0, 0.001648, 0.006618, 0.004375, 0.012401, 0.009177, 0.004045, 0.013078, 7.9e-05, 0.008874, 0.006415, 0.003273, 0.008496, 0.010761, 0.000131, 0.000757, 0.000151, 7.9e-05, 0.008416, 0.019284, 0.012235, 0.003512, 0.00013, 0.009201, 0.001593, 0.012045, 0.011558, 0.000156, 5.8e-05, 0.005035, 0.000993, 0.00015, 0.006246, 0.00029, 0.005158, 0.007771, 0.005685, 0.001097, 0.011728, 0.004891, 0.012195, 0.005866, 0.000252, 0.006081, 0.002314, 0.009552, 0.000137, 4.9e-05, 0.003135, 0.000106, 4.5e-05, 0.000893, 9.7e-05, 8.1e-05, 0.000566, 9.1e-05, 0.003119, 0.002393, 0.00483, 0.008099, 0.014826, 0.003753, 0.000147, 0.00034]","[1, 1, 1, 1, 1, 1, 1, 1, 1, 1, 1, 1, -1, 1, 1, -1, -1, -1, -1, -1, -1, 1, 1, -1, 1, -1, -1, -1, -1, 1, -1, -1, -1, -1, -1, 1, -1, 1, 1, -1, -1, -1, -1, -1, 1, 1, 1, 1, 1, 1, 1, 1, -1, 1, 1, 1, 1, 1, 1, -1, -1, -1, 1, 1]"
video_conferencing,Google_Meet,/indian-slp/Users/ug/ZEPA/Kritik/net_data/5G_Traffic_Datasets/Video_Conferencing/Google_Meet/Google_Meet_1.csv,pretrain,1,0.0,False,0,0,0,1,3,13,0.145723,"[1160, 94, 1160, 133, 1160, 1161, 1161, 1161, 1161, 135, 136, 90, 1063, 1064, 136, 136, 90, 133, 1163, 127, 1164, 126, 90, 130, 127, 1172, 1172, 90, 133, 135, 136, 94, 133, 1120, 1120, 1121, 1121, 1121, 143, 1121, 1121, 94, 131, 137, 1081, 1065, 134, 90, 135, 132, 922, 923, 923, 94, 136, 137, 133, 90, 1179, 1179, 129, 132, 144, 90]","[0.0, 0.014052, 0.000203, 0.004193, 0.000557, 0.000113, 0.005901, 0.000154, 0.004955, 0.000198, 0.016588, 0.011768, 0.006319, 0.005855, 0.000238, 0.015989, 0.018608, 0.011937, 0.008303, 0.011947, 0.000175, 0.009021, 0.012014, 0.008364, 0.019502, 0.012001, 0.000104, 0.009214, 0.002525, 0.018052, 0.018482, 0.017894, 0.005776, 0.006539, 0.006045, 0.000168, 0.00578, 0.005696, 0.008923, 0.000261, 8.6e-05, 0.003714, 0.005228, 0.014301, 0.012655, 0.005752, 0.006552, 0.009324, 0.008358, 0.028908, 0.000269, 0.011191, 0.000121, 0.000207, 6.3e-05, 0.01864, 0.020917, 0.008145, 0.013905, 0.00319, 0.000102, 0.020039, 0.010711, 0.000253]","[-1, -1, -1, -1, -1, -1, -1, -1, -1, -1, -1, -1, -1, -1, -1, -1, -1, -1, -1, -1, -1, -1, -1, -1, -1, -1, -1, -1, -1, -1, -1, -1, -1, -1, -1, -1, -1, -1, -1, -1, -1, -1, -1, -1, -1, -1, -1, -1, -1, -1, -1, -1, -1, -1, -1, -1, -1, -1, -1, -1, -1, -1, -1, -1]"
video_conferencing,MS_Teams,/indian-slp/Users/ug/ZEPA/Kritik/net_data/5G_Traffic_Datasets/Video_Conferencing/MS_Teams/MS_Teams_1.csv,pretrain,3,0.059932,True,0,0,0,2,2,2,0.380896,"[71, 71, 503, 339, 67, 63, 63, 69, 476, 503, 312, 513, 60, 206, 73, 515, 60, 177, 76, 502]","[0.0, 0.006145, 0.053787, 0.000484, 0.646782, 0.019825, 0.013414, 0.017494, 0.00373, 0.024352, 0.000416, 0.018619, 0.152924, 0.04669, 0.197169, 0.039674, 0.311719, 0.032523, 2.965287, 0.024603]","[1, 1, -1, -1, 1, 1, 1, 1, -1, -1, -1, -1, 1, -1, 1, -1, 1, -1, 1, -1]"
video_conferencing,MS_Teams,/indian-slp/Users/ug/ZEPA/Kritik/net_data/5G_Traffic_Datasets/Video_Conferencing/MS_Teams/MS_Teams_1.csv,pretrain,1,0.032594,True,0,0,0,2,2,2,0.380896,"[1328, 183, 35, 35, 65, 308, 35, 35, 65, 308, 35, 932, 35, 65, 189, 852, 35, 65, 35, 65, 308, 35, 308]","[0.0, 0.004011, 0.028583, 0.000166, 9e-05, 0.018173, 0.001283, 0.093206, 0.000468, 8.1e-05, 0.000152, 0.10929, 0.001864, 0.000103, 3e-05, 0.005826, 0.030854, 8.7e-05, 0.101511, 0.000914, 0.151191, 0.000793, 0.12647]","[1, 1, -1, -1, -1, -1, 1, -1, -1, -1, -1, -1, 1, 1, 1, 1, -1, -1, -1, -1, -1, 1, -1]"
video_conferencing,MS_Teams,/indian-slp/Users/ug/ZEPA/Kritik/net_data/5G_Traffic_Datasets/Video_Conferencing/MS_Teams/MS_Teams_1.csv,pretrain,1,0.0,False,0,0,0,3,3,2,0.253266,"[108, 109, 105, 102, 99, 104, 112, 105, 100, 110, 105, 106, 102, 101, 110, 100, 101, 106, 105, 103, 103, 98, 112, 104, 108, 106, 100, 104, 100, 101, 109, 104, 105, 103, 98, 104, 110, 103, 110, 102, 102, 104, 104, 104, 102, 99, 113, 102, 98, 105, 103, 99, 104, 100, 105, 103, 101, 104, 106, 102, 102, 106, 112, 107]","[0.0, 0.013793, 0.016907, 0.019741, 0.02064, 0.020279, 0.021368, 0.021107, 0.021525, 0.0157, 0.020764, 0.020523, 0.021203, 0.022227, 0.01823, 0.021129, 0.016731, 0.01982, 0.021329, 0.021609, 0.022643, 0.020337, 0.015975, 0.027232, 0.016033, 0.016494, 0.021331, 0.021578, 0.020835, 0.020408, 0.017846, 0.019472, 0.020423, 0.020911, 0.020317, 0.020136, 0.020872, 0.02053, 0.015172, 0.021209, 0.020366, 0.02057, 0.020571, 0.020669, 0.020278, 0.014411, 0.019834, 0.020719, 0.020737, 0.020044, 0.020306, 0.026189, 0.016635, 0.018727, 0.015048, 0.022431, 0.018308, 0.020171, 0.020245, 0.020189, 0.020165, 0.020205, 0.020464, 0.020224]","[1, 1, 1, 1, 1, 1, 1, 1, 1, 1, 1, 1, 1, 1, 1, 1, 1, 1, 1, 1, 1, 1, 1, 1, 1, 1, 1, 1, 1, 1, 1, 1, 1, 1, 1, 1, 1, 1, 1, 1, 1, 1, 1, 1, 1, 1, 1, 1, 1, 1, 1, 1, 1, 1, 1, 1, 1, 1, 1, 1, 1, 1, 1, 1]"
video_conferencing,MS_Teams,/indian-slp/Users/ug/ZEPA/Kritik/net_data/5G_Traffic_Datasets/Video_Conferencing/MS_Teams/MS_Teams_1.csv,pretrain,3,0.0,False,0,0,0,3,3,2,0.253266,"[132, 108, 236, 108, 164, 108, 72, 1248, 1248, 1248, 1248, 108, 236, 108, 132, 108, 148, 72, 1248, 1248, 1248, 1248, 148, 148, 148, 236, 148, 176, 148, 108, 148, 148, 132, 108, 108, 108, 132, 116, 148, 116, 148, 116, 148, 116, 148, 116, 148, 116, 148, 116, 148, 116, 148, 116, 148, 116, 148, 116, 148, 116, 148, 116, 148, 116]","[0.0, 0.038927, 0.062935, 0.949815, 0.998109, 0.03127, 0.113017, 0.000108, 4.5e-05, 3.5e-05, 2.8e-05, 0.866534, 0.454168, 0.590438, 0.489088, 0.546231, 8.9e-05, 0.06031, 8.7e-05, 2.7e-05, 1.8e-05, 2.4e-05, 0.136348, 0.062425, 0.206488, 0.094166, 0.095999, 0.084423, 0.106783, 0.159202, 0.031938, 0.204932, 0.777114, 0.056877, 0.053962, 0.061102, 0.109212, 0.225394, 2.1e-05, 0.335755, 0.000143, 0.339283, 0.000199, 0.344209, 0.000142, 0.347713, 0.000141, 0.286244, 0.000215, 0.343985, 0.00012, 0.334628, 0.000154, 0.336796, 0.000159, 0.340604, 0.000162, 0.347112, 0.001671, 0.339787, 0.000175, 0.343033, 0.000191, 0.327534]","[1, 1, 1, 1, 1, 1, 1, 1, 1, 1, 1, 1, 1, 1, 1, 1, 1, 1, 1, 1, 1, 1, 1, 1, 1, 1, 1, 1, 1, 1, 1, 1, 1, 1, 1, 1, 1, 1, 1, 1, 1, 1, 1, 1, 1, 1, 1, 1, 1, 1, 1, 1, 1, 1, 1, 1, 1, 1, 1, 1, 1, 1, 1, 1]"
video_conferencing,MS_Teams,/indian-slp/Users/ug/ZEPA/Kritik/net_data/5G_Traffic_Datasets/Video_Conferencing/MS_Teams/MS_Teams_1.csv,pretrain,3,0.084685,True,0,0,0,3,3,2,0.253266,"[234, 192, 348, 216, 264, 336, 276, 269, 235, 987, 895, 894, 1003, 1003, 281, 263, 771, 292, 264, 223, 804, 803, 1156, 1156, 1156, 1153, 1172, 1172, 341, 1046, 1081, 1081, 340, 335, 284, 226, 332, 223, 1090, 1090, 1088, 1027, 1027, 1027, 1027, 1027, 1024, 1106, 1106, 1106, 342, 223, 797, 797, 1322, 1322, 1321, 340, 342, 342, 223, 1188, 1188, 1188]","[0.0, 0.084685, 0.023098, 0.014483, 0.044001, 0.000421, 0.166556, 0.005908, 0.007691, 0.000194, 9.6e-05, 8.1e-05, 7.4e-05, 0.000311, 0.007329, 0.020767, 0.004513, 0.01086, 5.222475, 0.002608, 0.00016, 7.3e-05, 6.9e-05, 0.000306, 7.9e-05, 6.5e-05, 6.6e-05, 0.000244, 0.003093, 0.007624, 7.7e-05, 2.9e-05, 0.006734, 0.020224, 0.015512, 0.000142, 0.004629, 0.007942, 0.000142, 5.8e-05, 6.5e-05, 4.9e-05, 4.7e-05, 4.6e-05, 6e-05, 4.8e-05, 4.5e-05, 4.6e-05, 5.2e-05, 4.6e-05, 0.012062, 0.02216, 0.000152, 5.8e-05, 5e-05, 4.6e-05, 4.6e-05, 4.6e-05, 0.02223, 0.015149, 0.009527, 8.1e-05, 3.1e-05, 2.6e-05]","[1, -1, 1, -1, 1, 1, 1, 1, 1, 1, 1, 1, 1, 1, 1, 1, 1, 1, 1, 1, 1, 1, 1, 1, 1, 1, 1, 1, 1, 1, 1, 1, 1, 1, 1, 1, 1, 1, 1, 1, 1, 1, 1, 1, 1, 1, 1, 1, 1, 1, 1, 1, 1, 1, 1, 1, 1, 1, 1, 1, 1, 1, 1, 1]"
video_conferencing,MS_Teams,/indian-slp/Users/ug/ZEPA/Kritik/net_data/5G_Traffic_Datasets/Video_Conferencing/MS_Teams/MS_Teams_1.csv,pretrain,3,0.053381,True,0,0,0,3,3,2,0.253266,"[128, 184, 160, 232, 160, 156, 155, 116, 111, 176, 155, 157, 87, 703, 703, 939, 938, 955, 955, 113, 155, 116, 144, 503, 156, 125, 156, 109, 87, 1205, 1057, 1057, 1221, 1221, 159, 113, 124, 574, 164, 109, 161, 116, 162, 111, 176, 182, 97, 84, 1166, 1166, 1166, 1166, 1166, 1166, 1166, 1163, 1132, 1132, 1132, 1132, 1132, 1132, 1132, 1132]","[0.0, 0.000237, 0.053144, 0.000329, 0.059255, 0.013456, 0.021947, 0.015744, 0.007522, 0.005148, 0.000137, 0.010993, 0.001879, 0.000189, 0.000236, 7.8e-05, 7.3e-05, 7e-05, 7.3e-05, 0.002291, 0.014265, 0.006313, 0.009031, 0.000222, 0.003849, 0.010246, 0.006444, 0.006806, 0.007012, 8.9e-05, 2.8e-05, 2.2e-05, 2.2e-05, 2.2e-05, 0.008747, 0.003536, 0.007968, 0.012368, 0.000701, 0.001367, 0.015981, 0.004299, 0.016156, 0.004355, 0.007866, 0.013912, 0.000199, 0.000157, 0.000101, 9.7e-05, 9.5e-05, 9.3e-05, 9.4e-05, 9.4e-05, 9.5e-05, 0.000156, 9.4e-05, 0.000144, 9.1e-05, 0.000157, 9e-05, 8.8e-05, 8.8e-05, 0.000103]","[1, 1, -1, -1, -1, -1, -1, -1, 1, -1, -1, -1, 1, 1, 1, 1, 1, 1, 1, 1, -1, 1, 1, 1, -1, 1, -1, 1, 1, 1, 1, 1, 1, 1, -1, 1, -1, 1, -1, 1, -1, 1, -1, 1, -1, 1, 1, 1, 1, 1, 1, 1, 1, 1, 1, 1, 1, 1, 1, 1, 1, 1, 1, 1]"
video_conferencing,MS_Teams,/indian-slp/Users/ug/ZEPA/Kritik/net_data/5G_Traffic_Datasets/Video_Conferencing/MS_Teams/MS_Teams_1.csv,pretrain,1,0.0,False,0,0,0,3,3,2,0.253266,"[1012, 1012, 189, 1012, 1056, 1056, 188, 1056, 1056, 192, 713, 949, 949, 948, 183, 83, 762, 761, 185, 1211, 1211, 1211, 190, 1211, 1227, 191, 1227, 1086, 1007, 192, 1006, 75, 888, 887, 198, 1166, 196, 1166, 1166, 1165, 193, 1182, 1182, 1016, 195, 843, 193, 843, 842, 83, 1062, 194, 939, 939, 939, 938, 194, 1078, 183, 1078, 421, 674, 673, 75]","[0.0, 0.000136, 0.00932, 0.002071, 0.011113, 0.000137, 0.007294, 0.00351, 0.011367, 0.005778, 0.008613, 0.001748, 0.009453, 0.000101, 0.000684, 0.01012, 0.000111, 4.2e-05, 0.005008, 0.007716, 0.009183, 0.000112, 0.003613, 0.007047, 0.010746, 0.002825, 0.00834, 0.01083, 0.0001, 0.001708, 0.011848, 0.009268, 0.000163, 7e-05, 0.000458, 0.012833, 0.002521, 0.007421, 0.01136, 0.000244, 0.001652, 0.009494, 0.014405, 0.000156, 6.7e-05, 0.009236, 0.008773, 0.002293, 0.000118, 0.011038, 0.000134, 0.006844, 0.004503, 0.000128, 0.011296, 0.00018, 0.005626, 0.006132, 0.014766, 0.007193, 0.000568, 0.00016, 0.010347, 0.000184]","[1, 1, 1, 1, 1, 1, 1, 1, 1, 1, 1, 1, 1, 1, 1, 1, 1, 1, 1, 1, 1, 1, 1, 1, 1, 1, 1, 1, 1, 1, 1, 1, 1, 1, 1, 1, 1, 1, 1, 1, 1, 1, 1, 1, 1, 1, 1, 1, 1, 1, 1, 1, 1, 1, 1, 1, 1, 1, 1, 1, 1, 1, 1, 1]"
video_conferencing,MS_Teams,/indian-slp/Users/ug/ZEPA/Kritik/net_data/5G_Traffic_Datasets/Video_Conferencing/MS_Teams/MS_Teams_1.csv,pretrain,1,0.0,False,0,0,0,1,1,1,2.011599,"[494, 75, 182, 522, 538, 153, 75, 129, 272, 288, 109, 109, 131, 112, 75, 125, 310, 326, 113, 112, 137, 112, 112, 75, 151, 467, 483, 116, 107, 108, 113, 173, 111, 116, 75, 211, 399, 399, 415, 107, 111, 185, 113, 115, 75, 334, 390, 389, 406, 115, 118, 108, 113, 110, 108, 75, 657, 480, 479, 673, 114, 378, 112, 108]","[0.0, 0.000508, 0.000113, 7.4e-05, 0.000104, 0.01141, 0.000302, 0.011062, 0.000218, 8.7e-05, 8.1e-05, 0.014557, 0.009501, 0.00652, 0.020861, 0.000105, 5.7e-05, 0.00072, 0.011525, 0.012885, 0.00954, 0.011891, 0.014229, 0.011852, 0.000156, 0.000343, 0.005613, 0.009249, 0.015867, 0.018477, 0.026267, 0.014892, 0.000145, 0.016548, 0.017491, 0.000202, 8.5e-05, 7.8e-05, 0.000107, 0.012738, 0.011124, 0.021322, 0.004255, 0.01796, 0.013101, 0.0048, 0.000195, 6.4e-05, 5.6e-05, 5.6e-05, 0.012762, 0.005844, 0.019401, 0.018765, 0.026794, 0.0133, 0.000275, 6.8e-05, 5.7e-05, 0.007065, 0.000107, 0.010298, 0.012239, 0.010749]","[1, 1, 1, 1, 1, 1, 1, 1, 1, 1, 1, 1, 1, 1, 1, 1, 1, 1, 1, 1, 1, 1, 1, 1, 1, 1, 1, 1, 1, 1, 1, 1, 1, 1, 1, 1, 1, 1, 1, 1, 1, 1, 1, 1, 1, 1, 1, 1, 1, 1, 1, 1, 1, 1, 1, 1, 1, 1, 1, 1, 1, 1, 1, 1]"
video_conferencing,MS_Teams,/indian-slp/Users/ug/ZEPA/Kritik/net_data/5G_Traffic_Datasets/Video_Conferencing/MS_Teams/MS_Teams_2.csv,test,3,0.03544,True,0,0,0,5,2,3,0.083914,"[75, 75, 504, 346, 71, 63, 63, 71, 76, 76, 503, 476, 312, 339, 525, 529, 66, 500, 59, 205, 69, 517, 67, 503, 71, 539, 60, 60, 206, 177, 73, 515, 77, 466, 72, 298, 63, 63, 71, 71, 63, 71, 63, 71, 312, 476, 476, 339, 503, 312, 339, 503, 77, 507]","[0.0, 0.019099, 0.016341, 0.013812, 4.648322, 0.013341, 0.004701, 0.004081, 0.002785, 0.002824, 0.005522, 0.011959, 0.012086, 0.006193, 0.001243, 0.005431, 0.005029, 0.03127, 0.033202, 0.032645, 0.0509, 0.037759, 1.845787, 0.076951, 0.111023, 0.032703, 0.052176, 0.032639, 0.00623, 0.026118, 0.256994, 0.044778, 0.526984, 0.032122, 7.740488, 0.042284, 0.343064, 0.005231, 0.0023, 0.001821, 0.001554, 0.001437, 0.001625, 0.001953, 0.028864, 0.000187, 0.000117, 0.011657, 0.000158, 8.1e-05, 7.7e-05, 7.3e-05, 27.166535, 0.050739]","[1, 1, -1, -1, 1, 1, 1, 1, 1, 1, -1, -1, -1, -1, -1, -1, 1, -1, 1, -1, 1, -1, 1, -1, 1, -1, 1, 1, -1, -1, 1, -1, 1, -1, 1, -1, 1, 1, 1, 1, 1, 1, 1, 1, -1, -1, -1, -1, -1, -1, -1, -1, 1, -1]"
video_conferencing,MS_Teams,/indian-slp/Users/ug/ZEPA/Kritik/net_data/5G_Traffic_Datasets/Video_Conferencing/MS_Teams/MS_Teams_2.csv,test,1,0.033273,True,0,0,0,5,2,3,0.083914,"[1204, 35, 65, 1268, 35, 65, 35, 1268, 1044, 35, 65, 35, 65, 820, 35, 820, 1328, 263, 35, 35, 65, 308, 35, 35, 65, 35, 308, 1328, 423, 35, 35, 65, 35, 35, 65, 564, 35, 564, 1328, 519, 35, 35, 65, 308, 35, 35, 35, 65, 308, 1092, 35, 65, 189, 852, 35, 65, 65, 35, 308, 35, 1092, 35, 65, 189]","[0.0, 0.033273, 0.000187, 0.052034, 0.006166, 0.029388, 8.9e-05, 0.07636, 0.09213, 0.03691, 0.000264, 0.102954, 0.014085, 0.027605, 0.002763, 0.100035, 0.255383, 0.00012, 0.022116, 0.000189, 6.4e-05, 0.011178, 0.002739, 0.083737, 0.002349, 0.000344, 0.015338, 0.939906, 6.7e-05, 0.02264, 0.000162, 6.8e-05, 0.096406, 0.000191, 5e-05, 0.014062, 0.001652, 0.104443, 0.577114, 8.7e-05, 0.0236, 0.006853, 7e-05, 0.012237, 0.001399, 0.06977, 0.011891, 0.000134, 0.006102, 4.772475, 0.00266, 0.000129, 6e-05, 0.02078, 0.027699, 0.000157, 0.112126, 0.000145, 0.036668, 0.002311, 0.037242, 0.002064, 0.000115, 5.1e-05]","[1, -1, -1, -1, 1, -1, -1, -1, 1, -1, -1, -1, -1, -1, 1, -1, 1, 1, -1, -1, -1, -1, 1, -1, -1, -1, -1, 1, 1, -1, -1, -1, -1, -1, -1, -1, 1, -1, 1, 1, -1, -1, -1, -1, 1, -1, -1, -1, -1, -1, 1, 1, 1, 1, -1, -1, -1, -1, -1, 1, -1, 1, 1, 1]"
video_conferencing,MS_Teams,/indian-slp/Users/ug/ZEPA/Kritik/net_data/5G_Traffic_Datasets/Video_Conferencing/MS_Teams/MS_Teams_2.csv,test,3,0.091983,True,0,0,0,5,2,3,0.083914,"[242, 200, 300, 300, 184, 264, 300, 184, 264, 300, 300, 160, 160, 300, 284, 264, 300, 196, 220, 1396, 120, 216, 300, 158, 224, 380, 116, 1292, 1292, 1292, 1292, 120, 252, 176, 166, 149, 300, 147, 262, 224, 396, 280, 264, 149, 152, 258, 251, 144, 145, 251, 258, 253, 155, 147, 147, 252, 120, 292, 141, 261, 146, 247, 147, 246]","[0.0, 0.091983, 0.482018, 0.316157, 0.167799, 0.047526, 0.000212, 0.025622, 0.027836, 0.001332, 0.059349, 0.10272, 0.011924, 0.19327, 0.122972, 0.017281, 0.179375, 9.6e-05, 0.012506, 9.2e-05, 0.001425, 5.5e-05, 0.297805, 0.084396, 0.00957, 0.000114, 0.00096, 0.000191, 4e-05, 2.6e-05, 2.5e-05, 1.8e-05, 2.3e-05, 2.1e-05, 0.191067, 0.013623, 0.011276, 0.015108, 0.006056, 7.5e-05, 2.5e-05, 1.9e-05, 0.004451, 0.014771, 0.018338, 0.008327, 0.020326, 6.5e-05, 0.010223, 0.009989, 0.020172, 0.015545, 0.001252, 5.9e-05, 0.012072, 0.012067, 0.009827, 0.006489, 0.000114, 0.009193, 0.0012, 0.008814, 0.009795, 0.015902]","[1, -1, 1, 1, -1, 1, 1, -1, 1, 1, 1, -1, -1, 1, 1, 1, 1, -1, 1, 1, -1, -1, 1, -1, 1, 1, -1, -1, -1, -1, -1, -1, -1, -1, -1, -1, 1, -1, 1, 1, 1, 1, 1, -1, -1, 1, 1, -1, -1, 1, 1, 1, -1, -1, -1, 1, -1, -1, -1, 1, -1, 1, -1, 1]"
video_conferencing,MS_Teams,/indian-slp/Users/ug/ZEPA/Kritik/net_data/5G_Traffic_Datasets/Video_Conferencing/MS_Teams/MS_Teams_2.csv,test,3,0.091047,True,0,0,0,5,2,3,0.083914,"[242, 96, 200, 215, 242, 200, 276, 312, 276, 276, 264, 264, 236, 264, 236, 264, 236, 264, 236, 264, 236, 264, 236, 264, 236, 264, 236, 264, 312, 236, 264, 236, 264, 236, 264, 236, 264, 236, 264, 236, 264, 236, 264, 236, 264, 236, 264, 236, 264, 236, 264, 236, 264, 312, 236, 264, 236, 264, 236, 264, 236, 264, 236, 264]","[0.0, 0.000835, 0.090212, 0.005298, 0.005898, 0.08151, 5.32215, 0.043036, 0.000139, 0.021109, 0.021438, 0.021571, 0.043124, 6.7e-05, 0.021487, 0.000136, 0.021441, 0.000142, 0.022019, 0.00014, 0.042431, 0.000103, 0.022199, 0.000145, 0.021137, 0.000129, 0.021943, 0.000122, 0.042805, 0.00015, 6.2e-05, 0.021437, 0.000185, 0.021755, 0.000143, 0.022956, 0.001046, 0.041734, 0.000155, 0.023843, 0.000111, 0.019605, 0.000123, 0.021574, 0.000135, 0.042255, 0.000142, 0.02163, 0.000131, 0.022204, 0.000135, 0.021735, 0.000165, 0.04312, 0.00013, 6e-05, 0.02308, 0.000196, 0.01968, 0.00014, 0.021589, 0.000145, 0.04274, 0.000178]","[1, 1, -1, -1, 1, -1, 1, 1, 1, 1, 1, 1, 1, 1, 1, 1, 1, 1, 1, 1, 1, 1, 1, 1, 1, 1, 1, 1, 1, 1, 1, 1, 1, 1, 1, 1, 1, 1, 1, 1, 1, 1, 1, 1, 1, 1, 1, 1, 1, 1, 1, 1, 1, 1, 1, 1, 1, 1, 1, 1, 1, 1, 1, 1]"
video_conferencing,MS_Teams,/indian-slp/Users/ug/ZEPA/Kritik/net_data/5G_Traffic_Datasets/Video_Conferencing/MS_Teams/MS_Teams_2.csv,test,1,0.012683,True,0,0,0,5,2,3,0.083914,"[72, 82, 72, 72, 72, 72, 90, 72, 72, 82, 80, 72, 72, 170, 84, 72, 638, 767, 767, 766, 82, 72, 783, 72, 783, 72, 783, 90, 72, 109, 72, 75, 87, 218, 234, 80, 82, 72, 72, 170, 72, 82, 72, 72, 72, 75, 151, 517, 533, 90, 72, 80, 72, 82, 72, 167, 72, 72, 75, 214, 477, 493, 82, 72]","[0.0, 0.012683, 0.007695, 0.019795, 0.021238, 0.020123, 0.00076, 0.019394, 0.019962, 0.007205, 0.014712, 0.01888, 0.020228, 0.01479, 0.000305, 0.000155, 0.000131, 0.000131, 0.000121, 0.000119, 0.000354, 0.003921, 0.006465, 0.009069, 0.008049, 0.015176, 0.006954, 0.006208, 0.005072, 0.010636, 0.010587, 0.016624, 0.00027, 6.6e-05, 4.8e-05, 0.003076, 0.016791, 0.005039, 0.019923, 0.01434, 0.001301, 0.011106, 0.010257, 0.025199, 0.015018, 0.00863, 0.00015, 6.8e-05, 0.000304, 0.005193, 0.006976, 0.020282, 0.020158, 0.008392, 0.01189, 0.000141, 0.020202, 0.020338, 0.012506, 0.000141, 5.3e-05, 0.000202, 0.000102, 0.007301]","[1, -1, 1, 1, 1, 1, -1, 1, 1, -1, 1, 1, 1, -1, -1, -1, -1, -1, -1, -1, -1, 1, -1, 1, -1, 1, -1, -1, 1, -1, 1, -1, -1, -1, -1, 1, -1, 1, 1, -1, 1, -1, 1, 1, 1, -1, -1, -1, -1, -1, 1, 1, 1, -1, 1, -1, 1, 1, -1, -1, -1, -1, -1, 1]"
video_conferencing,MS_Teams,/indian-slp/Users/ug/ZEPA/Kritik/net_data/5G_Traffic_Datasets/Video_Conferencing/MS_Teams/MS_Teams_2.csv,test,3,0.0,False,0,0,0,5,2,3,0.083914,"[152, 152, 152, 152, 152, 152, 152, 152, 152, 152, 152, 152, 152, 152, 152, 152, 152, 152, 152, 152, 152, 152, 152, 152, 152, 152, 152, 152, 152, 152, 152, 192]","[0.0, 0.319631, 0.326504, 0.324649, 0.320671, 0.320757, 0.320443, 0.32416, 0.326884, 0.32197, 0.317758, 0.316341, 0.320436, 0.326121, 0.322902, 0.333136, 0.347183, 0.345749, 0.34611, 0.349349, 0.343018, 0.340485, 0.335316, 0.348843, 0.340881, 0.340796, 0.335269, 0.343143, 0.343532, 0.342858, 0.345824, 0.665213]","[1, 1, 1, 1, 1, 1, 1, 1, 1, 1, 1, 1, 1, 1, 1, 1, 1, 1, 1, 1, 1, 1, 1, 1, 1, 1, 1, 1, 1, 1, 1, -1]"
video_conferencing,MS_Teams,/indian-slp/Users/ug/ZEPA/Kritik/net_data/5G_Traffic_Datasets/Video_Conferencing/MS_Teams/MS_Teams_2.csv,test,1,0.0,False,0,0,0,1,1,1,0.099996,"[152, 152, 152, 152, 152, 152, 152, 152, 152, 152, 152, 152, 152, 152, 152, 152, 152, 152, 152, 152, 152, 152, 152, 152, 152, 152, 152, 152, 152, 152, 152]","[0.0, 0.32197, 0.325469, 0.324199, 0.320091, 0.320053, 0.322027, 0.324922, 0.325609, 0.325085, 0.31318, 0.319393, 0.319355, 0.326721, 0.330822, 0.331549, 0.348555, 0.340946, 0.3488, 0.349017, 0.34581, 0.338246, 0.335363, 0.345515, 0.345294, 0.337182, 0.335256, 0.345084, 0.346296, 0.341032, 0.347524]","[1, 1, 1, 1, 1, 1, 1, 1, 1, 1, 1, 1, 1, 1, 1, 1, 1, 1, 1, 1, 1, 1, 1, 1, 1, 1, 1, 1, 1, 1, 1]"
video_conferencing,Zoom,/indian-slp/Users/ug/ZEPA/Kritik/net_data/5G_Traffic_Datasets/Video_Conferencing/Zoom/Zoom_1.csv,test,3,0.033456,True,0,0,0,2,2,4,0.036854,"[61, 482, 61, 346, 63, 359, 53, 68, 53, 68, 58, 58, 221, 418, 385, 538, 254, 418]","[0.0, 0.033456, 0.280388, 0.057325, 0.412026, 0.044612, 1.1036, 0.007405, 0.00349, 0.003228, 0.003667, 0.003125, 0.014104, 0.012138, 0.000287, 0.005712, 0.000285, 0.000138]","[1, -1, 1, -1, 1, -1, 1, 1, 1, 1, 1, 1, -1, -1, -1, -1, -1, -1]"
video_conferencing,Zoom,/indian-slp/Users/ug/ZEPA/Kritik/net_data/5G_Traffic_Datasets/Video_Conferencing/Zoom/Zoom_1.csv,test,3,0.046538,True,0,0,0,2,2,4,0.036854,"[58, 58, 226, 390, 58, 58, 254, 418]","[0.0, 0.008523, 0.038015, 0.009956, 1.489848, 0.010338, 0.024466, 0.020635]","[1, 1, -1, -1, 1, 1, -1, -1]"
video_conferencing,Zoom,/indian-slp/Users/ug/ZEPA/Kritik/net_data/5G_Traffic_Datasets/Video_Conferencing/Zoom/Zoom_1.csv,test,3,0.046501,True,0,0,0,2,2,4,0.036854,"[62, 62, 295, 442, 62, 458, 58, 58, 254, 402]","[0.0, 0.004212, 0.042289, 0.00039, 7.478363, 0.066206, 20.839207, 0.005545, 0.050053, 0.00214]","[1, 1, -1, -1, 1, -1, 1, 1, -1, -1]"
video_conferencing,Zoom,/indian-slp/Users/ug/ZEPA/Kritik/net_data/5G_Traffic_Datasets/Video_Conferencing/Zoom/Zoom_1.csv,test,1,0.154542,True,0,0,0,2,2,3,0.653868,"[936, 593, 593, 592, 592, 624, 1246, 1246, 102, 921, 921, 921, 921, 920, 952, 1039, 1039, 1038, 889, 888, 888, 888, 888, 920, 105, 33, 105, 33, 105, 33, 105, 33, 105, 33, 105, 33, 105, 33, 105, 33, 105, 33, 105, 33, 105, 33, 105, 33, 105, 33, 105, 33, 105, 33, 105, 33, 105, 33, 105, 33, 105, 33, 105, 33]","[0.0, 0.004662, 8e-05, 4.4e-05, 2.8e-05, 2.5e-05, 0.022531, 0.00013, 6.7e-05, 0.026916, 0.000165, 6.3e-05, 0.017793, 9.6e-05, 3.2e-05, 8.7e-05, 0.029964, 0.000114, 4.1e-05, 2.3e-05, 0.026578, 0.000102, 3.5e-05, 4e-05, 0.024926, 0.000964, 0.000275, 0.000154, 0.000113, 0.000109, 0.000106, 0.000108, 0.009007, 6.9e-05, 2.5e-05, 1.8e-05, 0.021057, 0.00573, 5.8e-05, 0.000117, 2.9e-05, 2.5e-05, 0.012476, 5.9e-05, 1.8e-05, 1.5e-05, 0.012048, 6.5e-05, 0.018143, 6.1e-05, 2e-05, 1.6e-05, 1.4e-05, 1.4e-05, 1.4e-05, 1.4e-05, 0.017847, 7.3e-05, 3e-05, 2.3e-05, 0.012556, 6.6e-05, 2.2e-05, 1.8e-05]","[1, 1, 1, 1, 1, 1, 1, 1, 1, 1, 1, 1, 1, 1, 1, 1, 1, 1, 1, 1, 1, 1, 1, 1, -1, -1, -1, -1, -1, -1, -1, -1, -1, -1, -1, -1, -1, -1, -1, -1, -1, -1, -1, -1, -1, -1, -1, -1, -1, -1, -1, -1, -1, -1, -1, -1, -1, -1, -1, -1, -1, -1, -1, -1]"
video_conferencing,Zoom,/indian-slp/Users/ug/ZEPA/Kritik/net_data/5G_Traffic_Datasets/Video_Conferencing/Zoom/Zoom_1.csv,test,1,0.159884,True,0,0,0,2,2,3,0.653868,"[122, 126, 122, 127, 124, 125, 126, 123, 130, 105, 33, 105, 33, 105, 33, 105, 33, 105, 33, 105, 33, 105, 33, 105, 33, 105, 33]","[0.0, 0.018738, 0.00453, 0.02349, 0.025812, 0.014976, 0.017174, 0.017948, 0.021029, 0.016187, 0.000231, 0.023443, 0.000116, 2.5e-05, 2.5e-05, 0.030485, 7.2e-05, 0.018116, 6e-05, 0.024881, 1.8e-05, 1.7e-05, 1.8e-05, 0.026793, 6.2e-05, 0.018132, 0.000385]","[1, 1, 1, 1, 1, 1, 1, 1, 1, -1, -1, -1, -1, -1, -1, -1, -1, -1, -1, -1, -1, -1, -1, -1, -1, -1, -1]"
video_conferencing,Zoom,/indian-slp/Users/ug/ZEPA/Kritik/net_data/5G_Traffic_Datasets/Video_Conferencing/Zoom/Zoom_1.csv,test,3,0.0,False,0,0,0,2,2,3,0.653868,"[72, 72, 72, 72, 72, 72]","[0.0, 0.003067, 1.993915, 0.000108, 2.02165, 0.000461]","[1, 1, 1, 1, 1, 1]"
video_conferencing,Zoom,/indian-slp/Users/ug/ZEPA/Kritik/net_data/5G_Traffic_Datasets/Video_Conferencing/Zoom/Zoom_1.csv,test,1,0.162855,True,0,0,0,2,2,4,0.036854,"[217, 138, 217, 109, 1231, 1230, 857, 287, 101, 65, 65, 856, 856, 856, 856, 244, 888, 899, 898, 898, 865, 865, 865, 865, 325, 865, 896, 981, 981, 249, 673, 672, 672, 672, 672, 138, 109, 153, 704, 1110, 1110, 321, 1110, 929, 929, 929, 284, 928, 928, 960, 1101, 1100, 849, 849, 849, 271, 65, 65, 849, 848, 880, 310, 101, 65]","[0.0, 0.162855, 0.000168, 0.000113, 0.001143, 0.000106, 2.9e-05, 0.006714, 0.009888, 6.8e-05, 5.7e-05, 0.008389, 9e-05, 3.4e-05, 3.2e-05, 0.019025, 0.004651, 8.3e-05, 3.1e-05, 2.3e-05, 0.038994, 9.7e-05, 3.1e-05, 2.3e-05, 0.000909, 0.020519, 8.2e-05, 2.8e-05, 2.2e-05, 0.022952, 0.014387, 0.001245, 0.00011, 2.8e-05, 2.6e-05, 0.001204, 0.000363, 0.000704, 0.019944, 6.3e-05, 2.2e-05, 0.000223, 0.036283, 7.6e-05, 2.8e-05, 2e-05, 0.02211, 0.001591, 0.000235, 0.000772, 0.000201, 0.030671, 0.000136, 6e-05, 4.9e-05, 0.010145, 0.001064, 0.000111, 0.025573, 0.00033, 7.5e-05, 0.003488, 0.002129, 0.019169]","[1, -1, 1, -1, 1, 1, 1, -1, 1, 1, 1, 1, 1, 1, 1, -1, 1, 1, 1, 1, 1, 1, 1, 1, -1, 1, 1, 1, 1, -1, 1, 1, 1, 1, 1, -1, -1, -1, 1, 1, 1, -1, 1, 1, 1, 1, -1, 1, 1, 1, 1, 1, 1, 1, 1, -1, 1, 1, 1, 1, 1, -1, 1, -1]"
video_conferencing,Zoom,/indian-slp/Users/ug/ZEPA/Kritik/net_data/5G_Traffic_Datasets/Video_Conferencing/Zoom/Zoom_1.csv,test,1,0.156708,True,0,0,0,2,2,4,0.036854,"[217, 138, 109, 125, 126, 128, 124, 127, 121, 124, 92, 127, 124, 125, 126, 123, 122, 123, 126, 123, 124, 125, 124, 127, 124, 125, 126, 122, 125, 124, 124, 123, 125, 122, 127, 127, 124, 127, 125, 127, 125, 124, 127, 125, 125, 120, 122, 122, 126, 122, 127, 124, 125, 126, 123, 130, 125, 122, 124, 125, 127, 122, 92, 125]","[0.0, 0.156708, 0.000169, 0.001915, 0.018784, 0.002805, 0.021099, 0.020952, 0.018098, 0.021836, 0.019463, 0.000145, 0.01886, 0.019248, 0.024971, 0.014712, 0.02496, 0.017804, 0.018607, 0.021053, 0.02076, 0.020229, 0.01875, 0.020566, 0.019962, 0.019113, 0.026161, 0.014514, 0.019147, 0.022484, 0.019147, 0.024832, 0.014584, 0.020786, 0.018739, 0.023196, 0.01777, 0.021044, 0.020008, 0.018495, 0.023204, 0.017605, 0.019915, 0.020013, 0.022385, 0.025058, 0.010807, 0.021047, 0.020419, 0.022202, 0.020393, 0.016794, 0.019751, 0.020901, 0.022692, 0.021364, 0.014882, 0.020658, 0.019871, 0.019809, 0.021704, 0.018239, 0.019275, 0.002661]","[1, -1, -1, 1, 1, 1, 1, 1, 1, 1, 1, 1, 1, 1, 1, 1, 1, 1, 1, 1, 1, 1, 1, 1, 1, 1, 1, 1, 1, 1, 1, 1, 1, 1, 1, 1, 1, 1, 1, 1, 1, 1, 1, 1, 1, 1, 1, 1, 1, 1, 1, 1, 1, 1, 1, 1, 1, 1, 1, 1, 1, 1, 1, 1]"
video_conferencing,Zoom,/indian-slp/Users/ug/ZEPA/Kritik/net_data/5G_Traffic_Datasets/Video_Conferencing/Zoom/Zoom_1.csv,test,3,3.735738,True,0,0,0,2,2,4,0.036854,"[109, 109, 109, 109, 109, 109, 109, 109, 109, 109, 109, 109, 109, 109, 109, 109, 109, 109, 109, 109, 109, 109, 109, 109, 109, 109, 109, 109, 109, 109, 109, 109, 109, 109, 109, 109, 109, 109, 109, 109, 109, 109, 109, 109, 109, 109, 109, 109, 109, 109, 109, 109, 109, 109, 109, 109, 109, 109, 109, 109, 109, 109, 109, 109]","[0.0, 0.016362, 0.134296, 2.180384, 1.399897, 0.004799, 0.00728, 0.012302, 2.318576, 0.011842, 1.382857, 0.016099, 0.012091, 0.003865, 2.323366, 0.023883, 1.37669, 0.01346, 0.000959, 0.005513, 2.313037, 0.017574, 1.40852, 0.010851, 0.015001, 0.000853, 2.304328, 0.009009, 1.40746, 0.011917, 0.006057, 0.018182, 2.287369, 0.017526, 1.397746, 0.01925, 0.006495, 0.007026, 2.308923, 0.013421, 1.390212, 0.012645, 0.01291, 0.029211, 2.30486, 0.015186, 1.382351, 0.014398, 0.006207, 0.01166, 2.303284, 0.012787, 1.40925, 0.007524, 0.006937, 0.020281, 2.307699, 0.013488, 1.379302, 0.014893, 0.00509, 0.007333, 2.324665, 0.009125]","[1, 1, 1, 1, 1, -1, 1, -1, 1, -1, -1, 1, 1, -1, 1, -1, -1, -1, 1, 1, -1, 1, 1, -1, -1, 1, -1, 1, 1, -1, 1, -1, -1, 1, -1, 1, 1, -1, -1, 1, -1, 1, 1, -1, 1, -1, -1, 1, 1, -1, -1, 1, -1, 1, 1, -1, 1, -1, -1, 1, -1, 1, -1, 1]"
video_conferencing,Zoom,/indian-slp/Users/ug/ZEPA/Kritik/net_data/5G_Traffic_Datasets/Video_Conferencing/Zoom/Zoom_1.csv,test,1,0.164316,True,0,0,0,2,2,4,0.036854,"[220, 141, 109, 109, 109, 109, 109, 109, 109, 109, 109, 109, 109, 109, 109, 109, 109, 109, 109, 109, 109, 109, 109, 109, 109, 109, 109, 109, 109, 109, 109, 109, 109, 109, 109, 109, 109, 109, 109, 109, 109, 109, 109, 109, 109, 109, 109, 109, 109, 109, 109, 109, 109, 109, 109, 109, 109, 109, 109, 109, 109, 109, 109, 109]","[0.0, 0.164316, 0.000387, 3.585802, 0.15669, 3.58935, 0.160821, 3.568957, 0.181661, 3.57587, 0.173059, 3.568175, 0.18029, 3.576884, 0.175915, 3.586955, 0.163252, 3.573534, 0.172121, 3.587573, 0.164304, 3.585121, 0.168547, 3.585103, 0.177277, 3.56156, 0.176897, 3.572943, 0.174879, 3.576777, 0.173358, 3.5765, 0.172052, 3.59449, 0.148398, 3.600096, 0.154745, 3.595468, 0.157115, 3.565663, 0.182214, 3.57659, 0.176563, 3.586493, 0.161252, 3.588956, 0.170938, 3.576165, 0.173624, 3.577442, 0.165019, 3.588389, 0.15634, 3.595486, 0.159829, 3.589216, 0.165607, 3.593508, 0.148254, 3.603014, 0.145379, 3.600815, 0.152664, 3.58876]","[1, -1, -1, 1, -1, 1, -1, 1, -1, 1, -1, 1, -1, 1, -1, 1, -1, 1, -1, 1, -1, 1, -1, 1, -1, 1, -1, 1, -1, 1, -1, 1, -1, 1, -1, 1, -1, 1, -1, 1, -1, 1, -1, 1, -1, 1, -1, 1, -1, 1, -1, 1, -1, 1, -1, 1, -1, 1, -1, 1, -1, 1, -1, 1]"
video_conferencing,Zoom,/indian-slp/Users/ug/ZEPA/Kritik/net_data/5G_Traffic_Datasets/Video_Conferencing/Zoom/Zoom_2.csv,test,3,0.039559,True,0,0,0,2,2,4,0.065022,"[61, 510, 61, 346, 58, 58, 254, 418, 63, 359, 61, 53, 68, 53, 68, 61, 293, 385, 418, 221, 538, 457]","[0.0, 0.039559, 0.180702, 0.043796, 0.035458, 0.003094, 0.029467, 0.006556, 0.346676, 0.0338, 1.119815, 0.003883, 0.003407, 0.003046, 0.002905, 0.003241, 0.008673, 0.012784, 0.011602, 0.000725, 0.000925, 0.00655]","[1, -1, 1, -1, 1, 1, -1, -1, 1, -1, 1, 1, 1, 1, 1, 1, -1, -1, -1, -1, -1, -1]"
video_conferencing,Zoom,/indian-slp/Users/ug/ZEPA/Kritik/net_data/5G_Traffic_Datasets/Video_Conferencing/Zoom/Zoom_2.csv,test,3,0.02809,True,0,0,0,2,2,4,0.065022,"[58, 58, 226, 390, 58, 58, 254, 418]","[0.0, 0.007526, 0.020564, 0.01564, 0.565754, 0.008869, 0.030092, 0.001394]","[1, 1, -1, -1, 1, 1, -1, -1]"
video_conferencing,Zoom,/indian-slp/Users/ug/ZEPA/Kritik/net_data/5G_Traffic_Datasets/Video_Conferencing/Zoom/Zoom_2.csv,test,3,0.056418,True,0,0,0,2,2,4,0.065022,"[62, 62, 295, 459, 58, 58, 418, 254]","[0.0, 0.006209, 0.050209, 0.001435, 14.241711, 0.006556, 0.059642, 0.008616]","[1, 1, -1, -1, 1, 1, -1, -1]"
video_conferencing,Zoom,/indian-slp/Users/ug/ZEPA/Kritik/net_data/5G_Traffic_Datasets/Video_Conferencing/Zoom/Zoom_2.csv,test,3,0.036987,True,0,0,0,2,2,4,0.065022,"[68, 68, 418, 538, 58, 58, 254, 418]","[0.0, 0.008194, 0.028793, 0.00397, 2.714287, 0.003794, 0.035228, 0.012797]","[1, 1, -1, -1, 1, 1, -1, -1]"
video_conferencing,Zoom,/indian-slp/Users/ug/ZEPA/Kritik/net_data/5G_Traffic_Datasets/Video_Conferencing/Zoom/Zoom_2.csv,test,3,0.031528,True,0,0,0,2,2,4,0.065022,"[68, 68, 418, 538, 58, 58, 254, 418]","[0.0, 0.010031, 0.021497, 0.022708, 2.599731, 0.004539, 0.022507, 0.000543]","[1, 1, -1, -1, 1, 1, -1, -1]"
video_conferencing,Zoom,/indian-slp/Users/ug/ZEPA/Kritik/net_data/5G_Traffic_Datasets/Video_Conferencing/Zoom/Zoom_2.csv,test,3,0.043509,True,0,0,0,2,2,4,0.065022,"[68, 68, 418, 538, 58, 58, 254, 418]","[0.0, 0.009945, 0.033564, 0.009623, 2.40185, 0.004521, 0.029077, 0.008166]","[1, 1, -1, -1, 1, 1, -1, -1]"
video_conferencing,Zoom,/indian-slp/Users/ug/ZEPA/Kritik/net_data/5G_Traffic_Datasets/Video_Conferencing/Zoom/Zoom_2.csv,test,3,0.058155,True,0,0,0,2,2,4,0.065022,"[68, 68, 418, 526, 58, 58, 254, 418]","[0.0, 0.007959, 0.050196, 0.001773, 2.993739, 0.008666, 0.04469, 0.001317]","[1, 1, -1, -1, 1, 1, -1, -1]"
video_conferencing,Zoom,/indian-slp/Users/ug/ZEPA/Kritik/net_data/5G_Traffic_Datasets/Video_Conferencing/Zoom/Zoom_2.csv,test,1,0.160109,True,0,0,0,1,1,3,3.346078,"[946, 946, 946, 946, 945, 977, 977, 104, 1019, 1019, 1018, 1050, 991, 991, 990, 990, 990, 1022, 1022, 1180, 1180, 1180, 1211, 105, 33, 105, 33, 105, 33, 105, 33, 105, 33, 105, 33, 105, 33, 105, 33, 105, 33, 105, 33, 105, 33, 105, 33, 105, 33, 105, 33, 105, 33, 105, 33, 105, 33, 105, 33, 105, 33, 105, 33, 105]","[0.0, 0.004404, 0.000156, 0.024022, 0.000118, 0.000107, 4.2e-05, 0.017562, 0.002538, 0.000135, 0.000113, 4.2e-05, 0.042343, 0.000118, 4.2e-05, 0.036958, 6.9e-05, 2.2e-05, 1.8e-05, 2.7e-05, 0.017843, 7.4e-05, 3.8e-05, 0.013318, 6.7e-05, 3.4e-05, 1.7e-05, 1.4e-05, 1.3e-05, 0.046263, 0.000176, 4.3e-05, 1.8e-05, 1.4e-05, 1.3e-05, 1.4e-05, 1.9e-05, 0.004056, 0.002494, 0.005019, 0.000195, 0.000467, 7.7e-05, 5.7e-05, 4.7e-05, 5.4e-05, 5.8e-05, 0.040272, 8.7e-05, 3.9e-05, 2.3e-05, 2.2e-05, 2.3e-05, 0.030684, 0.000147, 3.3e-05, 1.7e-05, 0.006674, 6.1e-05, 1.8e-05, 1.4e-05, 1.4e-05, 1.3e-05, 0.012286]","[1, 1, 1, 1, 1, 1, 1, 1, 1, 1, 1, 1, 1, 1, 1, 1, 1, 1, 1, 1, 1, 1, 1, -1, -1, -1, -1, -1, -1, -1, -1, -1, -1, -1, -1, -1, -1, -1, -1, -1, -1, -1, -1, -1, -1, -1, -1, -1, -1, -1, -1, -1, -1, -1, -1, -1, -1, -1, -1, -1, -1, -1, -1, -1]"
video_conferencing,Zoom,/indian-slp/Users/ug/ZEPA/Kritik/net_data/5G_Traffic_Datasets/Video_Conferencing/Zoom/Zoom_2.csv,test,1,0.180069,True,0,0,0,1,1,3,3.346078,"[116, 116, 105, 33, 105, 33]","[0.0, 0.097978, 0.082091, 0.002487, 0.090448, 9.4e-05]","[1, 1, -1, -1, -1, -1]"
video_conferencing,Zoom,/indian-slp/Users/ug/ZEPA/Kritik/net_data/5G_Traffic_Datasets/Video_Conferencing/Zoom/Zoom_2.csv,test,1,0.152956,True,0,0,0,2,2,4,0.065022,"[217, 138, 854, 854, 854, 854, 109, 501, 533, 853, 885, 885, 991, 104, 1273, 65, 65, 991, 990, 1022, 498, 498, 721, 721, 721, 721, 720, 752, 498, 497, 529, 1250, 752, 1132, 1132, 580, 1132, 1163, 715, 714, 579, 579, 611, 874, 714, 714, 714, 746, 746, 1112, 1111, 849, 849, 534, 849, 849, 848, 880, 533, 533, 565, 65, 65, 1123]","[0.0, 0.152956, 0.000459, 7e-05, 2.4e-05, 3.1e-05, 2.3e-05, 0.00587, 6.8e-05, 0.000562, 7.2e-05, 0.000104, 2.3e-05, 1.8e-05, 0.026326, 0.00095, 0.000104, 0.015812, 0.000139, 5.1e-05, 0.005381, 0.000544, 0.012858, 5.5e-05, 4.1e-05, 3.7e-05, 3.8e-05, 3.7e-05, 0.004147, 0.000166, 5e-05, 0.030597, 0.00112, 0.000132, 5.9e-05, 0.020374, 0.002292, 0.000136, 6.2e-05, 0.000117, 0.003077, 0.012446, 0.000375, 0.018348, 0.002075, 0.000122, 4.6e-05, 6.7e-05, 4.5e-05, 0.031277, 9.6e-05, 3.2e-05, 2.9e-05, 0.027715, 0.001838, 0.000118, 5.7e-05, 7.6e-05, 0.002438, 0.006378, 0.000124, 0.001134, 0.000142, 0.004781]","[1, -1, 1, 1, 1, 1, -1, -1, -1, 1, 1, 1, 1, 1, -1, 1, 1, 1, 1, 1, -1, -1, 1, 1, 1, 1, 1, 1, -1, -1, -1, -1, 1, 1, 1, -1, 1, 1, 1, 1, -1, -1, -1, -1, 1, 1, 1, 1, 1, 1, 1, 1, 1, -1, 1, 1, 1, 1, -1, -1, -1, 1, 1, -1]"
video_conferencing,Zoom,/indian-slp/Users/ug/ZEPA/Kritik/net_data/5G_Traffic_Datasets/Video_Conferencing/Zoom/Zoom_2.csv,test,1,0.168582,True,0,0,0,2,2,4,0.065022,"[217, 138, 116, 109, 116, 92, 116, 116, 116, 116, 116, 116, 116, 116, 116, 116, 92, 116, 116, 116, 116, 116, 116, 116, 116, 116, 116, 92, 116, 116, 116, 116, 116, 116, 116, 116, 116, 116, 92, 116, 116, 116, 116, 116, 109, 116, 109, 116, 116, 116, 116, 92, 116, 116, 116, 116, 165, 143, 219, 182, 129, 116, 171, 169]","[0.0, 0.168582, 0.000812, 0.000404, 0.043729, 0.020874, 0.079941, 0.100901, 0.100826, 0.097894, 0.101334, 0.099483, 0.099302, 0.101417, 0.098632, 0.098797, 0.039901, 0.060069, 0.09982, 0.100143, 0.100161, 0.10637, 0.093923, 0.099262, 0.100201, 0.100179, 0.100754, 0.059777, 0.03896, 0.101029, 0.099078, 0.100424, 0.100188, 0.099627, 0.100198, 0.099863, 0.100156, 0.099766, 0.080026, 0.020795, 0.099319, 0.10141, 0.100862, 0.099429, 0.065608, 0.034403, 0.093035, 0.005472, 0.100759, 0.100798, 0.099418, 0.10029, 0.000731, 0.09962, 0.100201, 0.101588, 0.107428, 0.01585, 0.016555, 0.018958, 0.020042, 0.019374, 0.065626, 0.018108]","[1, -1, 1, -1, 1, 1, 1, 1, 1, 1, 1, 1, 1, 1, 1, 1, 1, 1, 1, 1, 1, 1, 1, 1, 1, 1, 1, 1, 1, 1, 1, 1, 1, 1, 1, 1, 1, 1, 1, 1, 1, 1, 1, 1, 1, 1, -1, 1, 1, 1, 1, 1, 1, 1, 1, 1, 1, 1, 1, 1, 1, 1, 1, 1]"
video_conferencing,Zoom,/indian-slp/Users/ug/ZEPA/Kritik/net_data/5G_Traffic_Datasets/Video_Conferencing/Zoom/Zoom_2.csv,test,3,3.774129,True,0,0,0,2,2,4,0.065022,"[109, 109, 109, 109, 109, 109, 109, 109, 109, 109, 109, 109, 109, 109, 109, 109, 109, 109, 109, 109, 109, 109, 109, 109, 109, 109, 109, 109, 109, 109, 109, 109, 109, 109, 109, 109, 109, 109, 109, 109, 109, 109, 109, 109, 109, 109, 109, 109, 109, 109, 109, 109, 109, 109, 109, 109, 109, 109, 109, 109, 109, 109, 109, 109]","[0.0, 0.06934, 1.952707, 0.153174, 1.565879, 0.033029, 0.033233, 0.030396, 1.893318, 0.047747, 1.71005, 0.01135, 0.056176, 0.000683, 1.935655, 0.032994, 1.715684, 0.00679, 0.055871, 0.011159, 1.937208, 0.01178, 1.722106, 0.005721, 0.063884, 0.011778, 1.927222, 0.025312, 1.716283, 0.018913, 0.053627, 0.011684, 1.918679, 0.031024, 1.724319, 0.006949, 0.053474, 0.013594, 1.910347, 0.047969, 1.7086, 0.032735, 0.041336, 0.014537, 1.902059, 0.0425, 1.717262, 0.027949, 0.046346, 0.019138, 1.898417, 0.046155, 1.709513, 0.031153, 0.04162, 0.01155, 1.912727, 0.033253, 1.722807, 0.011796, 0.063885, 0.007161, 1.910084, 0.040567]","[1, 1, 1, 1, 1, -1, 1, -1, -1, 1, 1, -1, -1, 1, -1, 1, 1, -1, -1, 1, -1, 1, 1, -1, 1, -1, -1, 1, 1, -1, 1, -1, -1, 1, 1, -1, 1, -1, -1, 1, 1, -1, 1, -1, -1, 1, 1, -1, 1, -1, -1, 1, 1, -1, 1, -1, -1, 1, 1, -1, 1, -1, -1, 1]"
video_conferencing,Zoom,/indian-slp/Users/ug/ZEPA/Kritik/net_data/5G_Traffic_Datasets/Video_Conferencing/Zoom/Zoom_2.csv,test,1,0.165486,True,0,0,0,1,1,3,3.346078,"[109, 105, 33, 105, 33]","[0.0, 0.165486, 0.001954, 0.139802, 0.006467]","[1, -1, -1, -1, -1]"
video_conferencing,Zoom,/indian-slp/Users/ug/ZEPA/Kritik/net_data/5G_Traffic_Datasets/Video_Conferencing/Zoom/Zoom_2.csv,test,1,0.17164,True,0,0,0,2,2,4,0.065022,"[220, 220, 141, 109, 141, 109, 109, 109, 109, 109, 109, 109, 109, 109, 109, 109, 109, 109, 109, 109, 109, 109, 109, 109, 109, 109, 109, 109, 109, 109, 109, 109, 109, 109, 109, 109, 109, 109, 109, 109, 109, 109, 109, 109, 109, 109, 109, 109, 109, 109, 109, 109, 109, 109, 109, 109, 109, 109, 109, 109, 109, 109, 109, 109]","[0.0, 0.157808, 0.013832, 0.000526, 0.151062, 0.000187, 3.400767, 0.204628, 3.562736, 0.183846, 3.567927, 0.170138, 3.573414, 0.183307, 3.563677, 0.185411, 3.541349, 0.215928, 3.538325, 0.203928, 3.549235, 0.205997, 3.543018, 0.196865, 3.55331, 0.202578, 3.559991, 0.194555, 3.555834, 0.184221, 3.560312, 0.199238, 3.55151, 0.194388, 3.553585, 0.196914, 3.559969, 0.183221, 3.568969, 0.187137, 3.566615, 0.188184, 3.563034, 0.175893, 3.553134, 0.203607, 3.54613, 0.200603, 3.552091, 0.200173, 3.574519, 0.176928, 3.544148, 0.204436, 3.551532, 0.20352, 3.540917, 0.204577, 3.55559, 0.196673, 3.561433, 0.187033, 3.543292, 0.204767]","[1, 1, -1, -1, -1, -1, 1, -1, 1, -1, 1, -1, 1, -1, 1, -1, 1, -1, 1, -1, 1, -1, 1, -1, 1, -1, 1, -1, 1, -1, 1, -1, 1, -1, 1, -1, 1, -1, 1, -1, 1, -1, 1, -1, 1, -1, 1, -1, 1, -1, 1, -1, 1, -1, 1, -1, 1, -1, 1, -1, 1, -1, 1, -1]"
video_conferencing,Zoom,/indian-slp/Users/ug/ZEPA/Kritik/net_data/5G_Traffic_Datasets/Video_Conferencing/Zoom/Zoom_2.csv,test,3,0.126374,True,0,0,0,2,2,4,0.065022,"[68, 68, 418, 538, 58, 58, 254, 418]","[0.0, 0.005487, 0.120887, 0.000473, 2.625028, 0.007614, 0.043896, 0.001994]","[1, 1, -1, -1, 1, 1, -1, -1]"
video_conferencing,Zoom,/indian-slp/Users/ug/ZEPA/Kritik/net_data/5G_Traffic_Datasets/Video_Conferencing/Zoom/Zoom_3.csv,pretrain,3,0.044969,True,0,0,0,2,2,4,0.048556,"[61, 509, 61, 345, 63, 359, 61, 61, 294, 458]","[0.0, 0.044969, 0.269485, 0.040555, 0.422871, 0.038502, 1.078783, 0.008448, 0.024007, 0.014458]","[1, -1, 1, -1, 1, -1, 1, 1, -1, -1]"
video_conferencing,Zoom,/indian-slp/Users/ug/ZEPA/Kritik/net_data/5G_Traffic_Datasets/Video_Conferencing/Zoom/Zoom_3.csv,pretrain,3,0.043174,True,0,0,0,2,2,4,0.048556,"[58, 58, 226, 390, 58, 58, 254, 418]","[0.0, 0.005943, 0.037231, 0.00112, 5.125912, 0.006513, 0.029529, 0.019834]","[1, 1, -1, -1, 1, 1, -1, -1]"
video_conferencing,Zoom,/indian-slp/Users/ug/ZEPA/Kritik/net_data/5G_Traffic_Datasets/Video_Conferencing/Zoom/Zoom_3.csv,pretrain,3,3.699184,True,0,0,0,2,2,4,0.048556,"[109, 109, 109, 109, 109, 109, 109, 109, 109, 109, 109, 109, 109, 109, 109, 109, 109, 109, 109, 109, 109, 109, 109, 109, 109, 109, 109, 109, 109, 109, 109, 109, 109, 109, 109, 109, 109, 109, 109, 109, 109, 109, 109, 109, 109, 109, 109, 109, 109, 109, 109, 109, 109, 109, 109, 109, 109, 109, 109, 109, 109, 109, 109, 109]","[0.0, 0.005927, 0.129892, 0.013093, 0.837163, 2.713109, 0.006303, 0.030643, 0.005012, 0.964627, 0.029216, 2.708506, 0.019378, 0.020043, 0.010537, 0.969016, 0.011516, 2.731859, 0.009321, 0.022125, 0.012667, 0.953338, 0.022158, 2.734718, 0.005484, 0.019714, 0.008739, 0.980193, 0.009049, 2.730837, 0.011896, 0.013012, 0.006021, 0.979864, 0.00908, 2.709902, 0.01755, 0.02244, 0.013824, 0.962117, 0.012618, 2.759447, 0.012812, 8e-05, 0.000323, 0.987085, 0.001284, 2.72938, 0.01158, 0.013432, 0.002367, 0.948597, 0.032163, 2.721998, 0.006039, 0.030798, 0.005254, 0.987385, 0.017352, 2.739199, 0.000418, 0.005316, 0.005757, 0.977995]","[1, 1, 1, 1, 1, -1, -1, 1, 1, -1, 1, -1, -1, 1, 1, -1, 1, -1, -1, 1, 1, -1, 1, -1, -1, 1, 1, 1, -1, -1, -1, 1, 1, 1, -1, -1, -1, 1, 1, -1, 1, -1, -1, 1, 1, -1, 1, -1, -1, 1, 1, -1, 1, -1, -1, 1, 1, 1, -1, -1, -1, 1, 1, -1]"
video_conferencing,Zoom,/indian-slp/Users/ug/ZEPA/Kritik/net_data/5G_Traffic_Datasets/Video_Conferencing/Zoom/Zoom_3.csv,pretrain,3,0.03094,True,0,0,0,2,2,4,0.048556,"[58, 58, 254, 418, 62, 62, 295, 459]","[0.0, 0.008951, 0.021989, 0.010789, 13.032222, 0.005133, 0.024787, 0.018638]","[1, 1, -1, -1, 1, 1, -1, -1]"
video_conferencing,Zoom,/indian-slp/Users/ug/ZEPA/Kritik/net_data/5G_Traffic_Datasets/Video_Conferencing/Zoom/Zoom_3.csv,pretrain,3,0.0,False,0,0,0,2,2,4,0.048556,"[109, 109, 109, 109, 109, 109]","[0.0, 0.006323, 3.737685, 0.006373, 0.98392, 3.750687]","[1, 1, 1, 1, 1, 1]"
video_conferencing,Zoom,/indian-slp/Users/ug/ZEPA/Kritik/net_data/5G_Traffic_Datasets/Video_Conferencing/Zoom/Zoom_3.csv,pretrain,3,0.0,False,0,0,0,2,2,4,0.048556,"[109, 109, 109, 109, 109, 109]","[0.0, 0.005302, 3.755708, 0.008834, 0.968378, 3.755462]","[1, 1, 1, 1, 1, 1]"
video_conferencing,Zoom,/indian-slp/Users/ug/ZEPA/Kritik/net_data/5G_Traffic_Datasets/Video_Conferencing/Zoom/Zoom_3.csv,pretrain,1,0.172159,True,0,0,0,1,1,2,3.332872,"[109, 116, 92, 116, 105, 33, 105, 33, 105, 33, 105, 33, 105, 33]","[0.0, 0.036165, 0.000203, 0.051132, 0.084659, 0.010042, 0.023599, 7.1e-05, 2.7e-05, 1.8e-05, 0.048613, 0.000287, 0.029775, 5.9e-05]","[1, 1, 1, 1, -1, -1, -1, -1, -1, -1, -1, -1, -1, -1]"
video_conferencing,Zoom,/indian-slp/Users/ug/ZEPA/Kritik/net_data/5G_Traffic_Datasets/Video_Conferencing/Zoom/Zoom_3.csv,pretrain,1,0.162193,True,0,0,0,1,1,2,3.332872,"[1090, 604, 105, 604, 604, 604, 603, 635, 1146, 1146, 730, 730, 729, 729, 729, 761, 105, 33, 105, 33, 105, 33, 105, 33, 105, 33, 105, 33, 105, 33, 105, 33, 105, 33, 105, 33, 105, 33, 105, 33, 105, 33, 105, 33, 105, 33, 105, 33, 105, 33]","[0.0, 0.008881, 8.8e-05, 0.01535, 3.3e-05, 2.1e-05, 0.009695, 0.000152, 0.023398, 0.036585, 0.000108, 0.000111, 0.023642, 0.00056, 0.035905, 9e-05, 0.007574, 0.00815, 0.000102, 7.1e-05, 4.6e-05, 3.9e-05, 0.008583, 7.5e-05, 2e-05, 2.9e-05, 1.7e-05, 1.4e-05, 1.5e-05, 1.4e-05, 0.004179, 5.5e-05, 1.8e-05, 1.5e-05, 0.027774, 6.2e-05, 0.051224, 7.5e-05, 2.5e-05, 2.4e-05, 2e-05, 2e-05, 0.009632, 8.6e-05, 6.6e-05, 5.6e-05, 0.042599, 8.2e-05, 2.9e-05, 2.4e-05]","[1, 1, 1, 1, 1, 1, 1, 1, 1, 1, 1, 1, 1, 1, 1, 1, -1, -1, -1, -1, -1, -1, -1, -1, -1, -1, -1, -1, -1, -1, -1, -1, -1, -1, -1, -1, -1, -1, -1, -1, -1, -1, -1, -1, -1, -1, -1, -1, -1, -1]"
video_conferencing,Zoom,/indian-slp/Users/ug/ZEPA/Kritik/net_data/5G_Traffic_Datasets/Video_Conferencing/Zoom/Zoom_3.csv,pretrain,1,0.168343,True,0,0,0,2,2,4,0.048556,"[217, 217, 138, 116, 109, 116, 138, 109, 116, 116, 116, 116, 116, 116, 92, 116, 116, 116, 116, 116, 116, 116, 116, 116, 116, 92, 116, 116, 116, 116, 116, 116, 116, 116, 116, 116, 92, 116, 116, 116, 116, 116, 116, 116, 116, 109, 116, 116, 92, 109, 116, 116, 116, 116, 116, 116, 116, 116, 116, 116, 92, 116, 116, 116]","[0.0, 0.14707, 0.021273, 0.001095, 0.000208, 0.044217, 0.098116, 0.000868, 0.001497, 0.099759, 0.099142, 0.103014, 0.105117, 0.092985, 0.020267, 0.080952, 0.098608, 0.100038, 0.102789, 0.097818, 0.098888, 0.100112, 0.101548, 0.098396, 0.100569, 0.039528, 0.058763, 0.100404, 0.101535, 0.099766, 0.100197, 0.101734, 0.098107, 0.098884, 0.101234, 0.101088, 0.043886, 0.054169, 0.100936, 0.100089, 0.099383, 0.101415, 0.098292, 0.100065, 0.098854, 0.100665, 0.00027, 0.102148, 0.057126, 0.032402, 0.007192, 0.099421, 0.100334, 0.099933, 0.100914, 0.100188, 0.098878, 0.099981, 0.1004, 0.103274, 0.082404, 0.016563, 0.098715, 0.100188]","[1, 1, -1, 1, -1, 1, -1, -1, 1, 1, 1, 1, 1, 1, 1, 1, 1, 1, 1, 1, 1, 1, 1, 1, 1, 1, 1, 1, 1, 1, 1, 1, 1, 1, 1, 1, 1, 1, 1, 1, 1, 1, 1, 1, 1, 1, 1, 1, 1, -1, 1, 1, 1, 1, 1, 1, 1, 1, 1, 1, 1, 1, 1, 1]"
video_conferencing,Zoom,/indian-slp/Users/ug/ZEPA/Kritik/net_data/5G_Traffic_Datasets/Video_Conferencing/Zoom/Zoom_3.csv,pretrain,1,0.158567,True,0,0,0,2,2,4,0.048556,"[217, 217, 138, 109, 804, 1097, 1097, 108, 108, 108, 106, 804, 70, 70, 70, 804, 70, 70, 70, 804, 836, 1161, 1161, 769, 769, 813, 813, 812, 769, 769, 812, 812, 844, 1207, 1207, 768, 800, 852, 851, 1206, 138, 109, 753, 753, 753, 153, 623, 623, 623, 967, 966, 998, 936, 935, 935, 623, 623, 848, 848, 848, 848, 848, 879, 654]","[0.0, 0.142969, 0.015598, 0.000518, 0.000113, 0.000378, 0.00081, 0.000104, 5.9e-05, 3.9e-05, 3.5e-05, 0.003559, 0.000597, 4e-05, 3.3e-05, 0.000293, 0.000592, 5.2e-05, 3.7e-05, 0.014652, 0.004599, 0.000406, 0.011403, 0.001052, 0.000126, 0.0114, 0.006255, 0.012311, 0.001071, 0.000124, 6e-05, 0.004583, 0.012368, 0.000421, 0.007195, 0.001044, 0.000124, 0.031798, 0.000234, 7.4e-05, 0.0076, 0.000435, 0.000475, 0.017912, 0.00014, 4.8e-05, 0.001711, 0.000138, 6e-05, 0.003627, 0.005505, 0.000326, 0.009937, 0.01233, 6.8e-05, 0.000679, 9.1e-05, 0.007213, 0.012393, 9.9e-05, 0.007229, 7.8e-05, 2.2e-05, 0.000677]","[1, 1, -1, -1, -1, 1, 1, 1, 1, 1, 1, -1, 1, 1, 1, -1, 1, 1, 1, -1, -1, -1, -1, 1, 1, -1, -1, -1, 1, 1, -1, -1, -1, -1, -1, 1, 1, 1, 1, -1, -1, -1, -1, -1, -1, -1, 1, 1, 1, -1, -1, -1, -1, -1, -1, 1, 1, -1, -1, -1, -1, -1, -1, 1]"
video_conferencing,Zoom,/indian-slp/Users/ug/ZEPA/Kritik/net_data/5G_Traffic_Datasets/Video_Conferencing/Zoom/Zoom_3.csv,pretrain,1,0.165748,True,0,0,0,2,2,4,0.048556,"[220, 141, 109, 109, 109, 109, 109, 109, 109, 109, 109, 109, 109, 109, 109, 109, 109, 109, 109, 109, 109, 109, 109, 109, 109, 109, 109, 109, 109, 109, 109, 109, 109, 109, 109, 109, 109, 109, 109, 109, 109, 109, 109, 109, 109, 109, 109, 109, 109, 109, 109, 109, 109, 109, 109, 109, 109, 109, 109, 109, 109, 109, 109, 109]","[0.0, 0.165748, 0.000852, 3.562275, 0.186462, 3.565429, 0.173909, 3.571093, 0.177636, 3.590279, 0.161048, 3.590356, 0.159461, 3.575931, 0.172272, 3.588855, 0.172481, 3.550744, 0.186808, 3.598218, 0.152901, 3.586265, 0.166509, 3.565195, 0.18183, 3.576614, 0.178465, 3.581013, 0.16064, 3.590259, 0.161165, 3.563863, 0.182783, 3.572602, 0.180269, 3.583084, 0.1723, 3.58486, 0.166509, 3.57462, 0.183729, 3.571117, 0.174043, 3.560938, 0.185203, 3.56263, 0.184279, 3.573096, 0.180396, 3.584267, 0.17272, 3.581352, 0.150262, 3.597818, 0.159836, 3.568068, 0.182528, 3.57772, 0.173778, 3.580832, 0.172595, 3.573354, 0.173318, 3.582473]","[1, -1, -1, 1, -1, 1, -1, 1, -1, 1, -1, 1, -1, 1, -1, 1, -1, 1, -1, 1, -1, 1, -1, 1, -1, 1, -1, 1, -1, 1, -1, 1, -1, 1, -1, 1, -1, 1, -1, 1, -1, 1, -1, 1, -1, 1, -1, 1, -1, 1, -1, 1, -1, 1, -1, 1, -1, 1, -1, 1, -1, 1, -1, 1]"
video_conferencing,Zoom,/indian-slp/Users/ug/ZEPA/Kritik/net_data/5G_Traffic_Datasets/Video_Conferencing/Zoom/Zoom_3.csv,pretrain,3,0.0,False,0,0,0,2,2,4,0.048556,"[109, 109, 109, 109, 109, 109]","[0.0, 0.006841, 3.744807, 0.005175, 0.981642, 3.741904]","[1, 1, 1, 1, 1, 1]"
video_conferencing,VLC_Teams,/indian-slp/Users/ug/ZEPA/Kritik/net_data/5G_Traffic_Datasets/VLC_Teams/teams_linux_20m_01.csv,test,0,0.037803,True,0,0,0,48,3,98,0.209224,"[115, 115, 104, 104, 66, 66]","[0.0, 0.0, 0.037803, 0.0, 0.001315, 0.0]","[1, 1, -1, -1, 1, 1]"
video_conferencing,VLC_Teams,/indian-slp/Users/ug/ZEPA/Kritik/net_data/5G_Traffic_Datasets/VLC_Teams/teams_linux_20m_01.csv,test,0,0.122828,True,0,0,0,48,3,98,0.209224,"[221, 818, 221, 1219, 818, 1219, 66, 66, 165, 165, 66, 66, 333, 333, 1145, 1145, 1494, 1494, 1494, 1494, 1494, 1494, 635, 1494, 1494, 635, 1494, 1494, 66, 66, 66, 66, 166, 166, 66, 66]","[0.0, 0.0, 0.0, 0.0, 0.0, 0.0, 0.122828, 0.0, 0.001846, 0.0, 0.002267, 0.0, 1.866952, 0.0, 0.0, 0.0, 9.6e-05, 0.0, 0.0, 0.0, 0.0, 0.0, 0.000123, 0.0, 0.0, 0.0, 0.0, 0.0, 0.122047, 0.0, 0.001279, 0.0, 0.011344, 0.0, 0.002365, 0.0]","[1, 1, 1, 1, 1, 1, -1, -1, -1, -1, 1, 1, 1, 1, 1, 1, 1, 1, 1, 1, 1, 1, 1, 1, 1, 1, 1, 1, -1, -1, -1, -1, -1, -1, 1, 1]"
video_conferencing,VLC_Teams,/indian-slp/Users/ug/ZEPA/Kritik/net_data/5G_Traffic_Datasets/VLC_Teams/teams_linux_20m_01.csv,test,0,0.007101,True,0,0,0,48,3,98,0.209224,"[105, 105, 105, 105, 66, 66]","[0.0, 0.0, 0.007101, 0.0, 0.001324, 0.0]","[1, 1, -1, -1, 1, 1]"
video_conferencing,VLC_Teams,/indian-slp/Users/ug/ZEPA/Kritik/net_data/5G_Traffic_Datasets/VLC_Teams/teams_linux_20m_01.csv,test,0,0.007466,True,0,0,0,48,3,98,0.209224,"[105, 105, 105, 105, 66, 66]","[0.0, 0.0, 0.007466, 0.0, 0.000959, 0.0]","[1, 1, -1, -1, 1, 1]"
video_conferencing,VLC_Teams,/indian-slp/Users/ug/ZEPA/Kritik/net_data/5G_Traffic_Datasets/VLC_Teams/teams_linux_20m_01.csv,test,0,0.009012,True,0,0,0,48,3,98,0.209224,"[105, 105, 66, 105, 105, 66]","[0.0, 0.0, 0.009012, 0.0, 0.0, 0.0]","[1, 1, 1, -1, -1, 1]"
video_conferencing,VLC_Teams,/indian-slp/Users/ug/ZEPA/Kritik/net_data/5G_Traffic_Datasets/VLC_Teams/teams_linux_20m_01.csv,test,0,0.042593,True,0,0,0,48,3,98,0.209224,"[105, 105, 105, 105, 66, 66]","[0.0, 0.0, 0.042593, 0.0, 0.042212, 0.0]","[1, 1, -1, -1, 1, 1]"
video_conferencing,VLC_Teams,/indian-slp/Users/ug/ZEPA/Kritik/net_data/5G_Traffic_Datasets/VLC_Teams/teams_linux_20m_01.csv,test,0,0.044179,True,0,0,0,48,3,98,0.209224,"[105, 105, 105, 105, 66, 66]","[0.0, 0.0, 0.044179, 0.0, 0.001403, 0.0]","[1, 1, -1, -1, 1, 1]"
video_conferencing,VLC_Teams,/indian-slp/Users/ug/ZEPA/Kritik/net_data/5G_Traffic_Datasets/VLC_Teams/teams_linux_20m_01.csv,test,0,0.006919,True,0,0,0,48,3,98,0.209224,"[105, 105, 105, 105, 66, 66]","[0.0, 0.0, 0.006919, 0.0, 0.001506, 0.0]","[1, 1, -1, -1, 1, 1]"
video_conferencing,VLC_Teams,/indian-slp/Users/ug/ZEPA/Kritik/net_data/5G_Traffic_Datasets/VLC_Teams/teams_linux_20m_01.csv,test,0,0.015452,True,0,0,0,48,3,98,0.209224,"[112, 112, 112, 112, 66, 66]","[0.0, 3.2e-05, 0.01542, 0.0, 0.00138, 0.0]","[1, 1, -1, -1, 1, 1]"
video_conferencing,VLC_Teams,/indian-slp/Users/ug/ZEPA/Kritik/net_data/5G_Traffic_Datasets/VLC_Teams/teams_linux_20m_01.csv,test,0,0.007758,True,0,0,0,48,3,98,0.209224,"[105, 105, 105, 105, 66, 66]","[0.0, 0.0, 0.007758, 0.0, 0.000667, 0.0]","[1, 1, -1, -1, 1, 1]"
video_conferencing,VLC_Teams,/indian-slp/Users/ug/ZEPA/Kritik/net_data/5G_Traffic_Datasets/VLC_Teams/teams_linux_20m_01.csv,test,0,0.006177,True,0,0,0,48,3,98,0.209224,"[105, 105, 105, 105, 66, 66]","[0.0, 0.0, 0.006177, 0.0, 0.001369, 0.0]","[1, 1, -1, -1, 1, 1]"
video_conferencing,VLC_Teams,/indian-slp/Users/ug/ZEPA/Kritik/net_data/5G_Traffic_Datasets/VLC_Teams/teams_linux_20m_01.csv,test,0,0.127802,True,0,0,0,48,3,98,0.209224,"[105, 105, 105, 105, 66, 66]","[0.0, 0.0, 0.127802, 0.0, 0.001443, 0.0]","[1, 1, -1, -1, 1, 1]"
video_conferencing,VLC_Teams,/indian-slp/Users/ug/ZEPA/Kritik/net_data/5G_Traffic_Datasets/VLC_Teams/teams_linux_20m_01.csv,test,0,0.005794,True,0,0,0,48,3,98,0.209224,"[105, 105, 105, 105, 66, 66]","[0.0, 0.0, 0.005794, 0.0, 0.001425, 0.0]","[1, 1, -1, -1, 1, 1]"
video_conferencing,VLC_Teams,/indian-slp/Users/ug/ZEPA/Kritik/net_data/5G_Traffic_Datasets/VLC_Teams/teams_linux_20m_01.csv,test,0,0.005926,True,0,0,0,48,3,98,0.209224,"[105, 105, 105, 105, 66, 66]","[0.0, 0.0, 0.005926, 0.0, 0.001293, 0.0]","[1, 1, -1, -1, 1, 1]"
video_conferencing,VLC_Teams,/indian-slp/Users/ug/ZEPA/Kritik/net_data/5G_Traffic_Datasets/VLC_Teams/teams_linux_20m_01.csv,test,0,0.009012,True,0,0,0,48,3,98,0.209224,"[105, 105, 66, 66, 105, 105, 66, 66]","[0.0, 0.0, 0.009012, 0.0, 0.0, 0.0, 0.041202, 0.0]","[1, 1, -1, -1, -1, -1, 1, 1]"
video_conferencing,VLC_Teams,/indian-slp/Users/ug/ZEPA/Kritik/net_data/5G_Traffic_Datasets/VLC_Teams/teams_linux_20m_01.csv,test,0,0.005794,True,0,0,0,48,3,98,0.209224,"[105, 105, 105, 105, 66, 66]","[0.0, 0.0, 0.005794, 0.0, 0.001425, 0.0]","[1, 1, -1, -1, 1, 1]"
video_conferencing,VLC_Teams,/indian-slp/Users/ug/ZEPA/Kritik/net_data/5G_Traffic_Datasets/VLC_Teams/teams_linux_20m_01.csv,test,0,0.048729,True,0,0,0,48,3,98,0.209224,"[105, 105, 66, 105, 66, 105]","[0.0, 0.0, 0.048729, 0.0, 0.0, 0.0]","[1, 1, 1, -1, 1, -1]"
video_conferencing,VLC_Teams,/indian-slp/Users/ug/ZEPA/Kritik/net_data/5G_Traffic_Datasets/VLC_Teams/teams_linux_20m_01.csv,test,0,0.011663,True,0,0,0,48,3,98,0.209224,"[105, 105, 105, 105, 66, 66]","[0.0, 0.0, 0.011663, 0.0, 0.001393, 0.0]","[1, 1, -1, -1, 1, 1]"
video_conferencing,VLC_Teams,/indian-slp/Users/ug/ZEPA/Kritik/net_data/5G_Traffic_Datasets/VLC_Teams/teams_linux_20m_01.csv,test,0,0.010659,True,0,0,0,48,3,98,0.209224,"[105, 105, 105, 105, 66, 66]","[0.0, 0.0, 0.010659, 0.0, 0.001372, 0.0]","[1, 1, -1, -1, 1, 1]"
video_conferencing,VLC_Teams,/indian-slp/Users/ug/ZEPA/Kritik/net_data/5G_Traffic_Datasets/VLC_Teams/teams_linux_20m_01.csv,test,0,0.010215,True,0,0,0,48,3,98,0.209224,"[105, 105, 105, 105, 66, 66]","[0.0, 0.0, 0.010215, 0.0, 0.001402, 0.0]","[1, 1, -1, -1, 1, 1]"
video_conferencing,VLC_Teams,/indian-slp/Users/ug/ZEPA/Kritik/net_data/5G_Traffic_Datasets/VLC_Teams/teams_linux_20m_01.csv,test,0,0.010215,True,0,0,0,48,3,98,0.209224,"[105, 105, 105, 105, 66, 66]","[0.0, 0.0, 0.010215, 0.0, 0.001402, 0.0]","[1, 1, -1, -1, 1, 1]"
video_conferencing,VLC_Teams,/indian-slp/Users/ug/ZEPA/Kritik/net_data/5G_Traffic_Datasets/VLC_Teams/teams_linux_20m_01.csv,test,0,0.035641,True,0,0,0,48,3,98,0.209224,"[105, 105, 105, 105, 66, 66]","[0.0, 0.0, 0.035641, 0.0, 0.001114, 0.0]","[1, 1, -1, -1, 1, 1]"
video_conferencing,VLC_Teams,/indian-slp/Users/ug/ZEPA/Kritik/net_data/5G_Traffic_Datasets/VLC_Teams/teams_linux_20m_01.csv,test,0,0.016634,True,0,0,0,48,3,98,0.209224,"[105, 105, 105, 105, 66, 66]","[0.0, 0.0, 0.016634, 0.0, 0.001368, 0.0]","[1, 1, -1, -1, 1, 1]"
video_conferencing,VLC_Teams,/indian-slp/Users/ug/ZEPA/Kritik/net_data/5G_Traffic_Datasets/VLC_Teams/teams_linux_20m_01.csv,test,0,0.015772,True,0,0,0,48,3,98,0.209224,"[105, 105, 105, 105, 66, 66]","[0.0, 0.0, 0.015772, 0.0, 0.002263, 0.0]","[1, 1, -1, -1, 1, 1]"
video_conferencing,VLC_Teams,/indian-slp/Users/ug/ZEPA/Kritik/net_data/5G_Traffic_Datasets/VLC_Teams/teams_linux_20m_01.csv,test,0,0.037426,True,0,0,0,48,3,98,0.209224,"[115, 115, 104, 104, 66, 66]","[0.0, 0.0, 0.037426, 0.0, 0.001418, 0.0]","[1, 1, -1, -1, 1, 1]"
video_conferencing,VLC_Teams,/indian-slp/Users/ug/ZEPA/Kritik/net_data/5G_Traffic_Datasets/VLC_Teams/teams_linux_20m_01.csv,test,0,0.004917,True,0,0,0,48,3,98,0.209224,"[237, 237, 60, 60, 298, 1506, 1506, 1506, 298, 1506, 85, 85, 60, 60, 60, 60, 60, 60, 60, 60, 1331, 1331, 60, 60, 651, 355, 355, 651, 85, 85, 60, 60, 60, 60, 60, 60, 353, 353, 60, 60, 291, 1506, 1506, 494, 291, 494, 85, 85, 60, 60, 408, 408, 60, 60, 350, 350, 60, 60]","[0.0, 0.0, 0.004917, 0.0, 0.031176, 0.0, 0.0, 0.0, 0.0, 0.0, 0.000147, 0.0, 0.001414, 0.0, 0.0, 0.0, 0.0, 0.0, 0.0, 0.0, 19.377056, 0.0, 0.005147, 0.0, 0.275419, 0.0, 0.0, 0.0, 0.000152, 0.0, 0.001352, 0.0, 0.0, 0.0, 0.0, 0.0, 0.010122, 0.0, 0.006405, 0.0, 0.21903, 0.0, 0.0, 0.0, 0.0, 0.0, 0.00011, 0.0, 0.002117, 0.0, 6.881143, 0.0, 0.005247, 0.0, 0.052433, 0.0, 0.042001, 0.0]","[1, 1, -1, -1, -1, -1, -1, -1, -1, -1, -1, -1, 1, 1, 1, 1, 1, 1, 1, 1, 1, 1, -1, -1, -1, -1, -1, -1, -1, -1, 1, 1, 1, 1, 1, 1, 1, 1, -1, -1, -1, -1, -1, -1, -1, -1, -1, -1, 1, 1, 1, 1, -1, -1, -1, -1, 1, 1]"
video_conferencing,VLC_Teams,/indian-slp/Users/ug/ZEPA/Kritik/net_data/5G_Traffic_Datasets/VLC_Teams/teams_linux_20m_01.csv,test,0,0.014231,True,0,0,0,48,3,98,0.209224,"[105, 105, 105, 105, 66, 66]","[0.0, 0.0, 0.014231, 0.0, 0.001347, 0.0]","[1, 1, -1, -1, 1, 1]"
video_conferencing,VLC_Teams,/indian-slp/Users/ug/ZEPA/Kritik/net_data/5G_Traffic_Datasets/VLC_Teams/teams_linux_20m_01.csv,test,0,0.00709,True,0,0,0,48,3,98,0.209224,"[112, 112, 66, 66, 112, 112, 66, 66]","[0.0, 2.1e-05, 0.007069, 0.0, 0.001827, 0.0, 0.001289, 0.0]","[1, 1, -1, -1, -1, -1, 1, 1]"
video_conferencing,VLC_Teams,/indian-slp/Users/ug/ZEPA/Kritik/net_data/5G_Traffic_Datasets/VLC_Teams/teams_linux_20m_01.csv,test,0,0.006474,True,0,0,0,48,3,98,0.209224,"[112, 112, 112, 112, 66, 66]","[0.0, 0.0, 0.006474, 0.0, 0.000375, 0.0]","[1, 1, -1, -1, 1, 1]"
video_conferencing,VLC_Teams,/indian-slp/Users/ug/ZEPA/Kritik/net_data/5G_Traffic_Datasets/VLC_Teams/teams_linux_20m_01.csv,test,0,0.014244,True,0,0,0,48,3,98,0.209224,"[112, 112, 112, 112, 66, 66]","[0.0, 0.0, 0.014244, 0.0, 0.001509, 0.0]","[1, 1, -1, -1, 1, 1]"
video_conferencing,VLC_Teams,/indian-slp/Users/ug/ZEPA/Kritik/net_data/5G_Traffic_Datasets/VLC_Teams/teams_linux_20m_01.csv,test,0,0.006344,True,0,0,0,48,3,98,0.209224,"[112, 112, 112, 112, 66, 66]","[0.0, 0.0, 0.006344, 0.0, 0.001396, 0.0]","[1, 1, -1, -1, 1, 1]"
video_conferencing,VLC_Teams,/indian-slp/Users/ug/ZEPA/Kritik/net_data/5G_Traffic_Datasets/VLC_Teams/teams_linux_20m_01.csv,test,0,0.056234,True,0,0,0,48,3,98,0.209224,"[112, 112, 112, 112, 66, 66]","[0.0, 0.0, 0.056234, 0.0, 0.001387, 0.0]","[1, 1, -1, -1, 1, 1]"
video_conferencing,VLC_Teams,/indian-slp/Users/ug/ZEPA/Kritik/net_data/5G_Traffic_Datasets/VLC_Teams/teams_linux_20m_01.csv,test,0,0.025906,True,0,0,0,48,3,98,0.209224,"[100, 100, 100, 100, 60, 60]","[0.0, 0.0, 0.025906, 0.0, 0.001544, 0.0]","[1, 1, -1, -1, 1, 1]"
video_conferencing,VLC_Teams,/indian-slp/Users/ug/ZEPA/Kritik/net_data/5G_Traffic_Datasets/VLC_Teams/teams_linux_20m_01.csv,test,0,0.006144,True,0,0,0,48,3,98,0.209224,"[105, 105, 105, 105, 66, 66]","[0.0, 0.0, 0.006144, 0.0, 0.043274, 0.0]","[1, 1, -1, -1, 1, 1]"
video_conferencing,VLC_Teams,/indian-slp/Users/ug/ZEPA/Kritik/net_data/5G_Traffic_Datasets/VLC_Teams/teams_linux_20m_01.csv,test,0,0.014558,True,0,0,0,48,3,98,0.209224,"[105, 105, 105, 105, 66, 66]","[0.0, 0.0, 0.014558, 0.0, 0.00145, 0.0]","[1, 1, -1, -1, 1, 1]"
video_conferencing,VLC_Teams,/indian-slp/Users/ug/ZEPA/Kritik/net_data/5G_Traffic_Datasets/VLC_Teams/teams_linux_20m_01.csv,test,0,0.122164,True,0,0,0,48,3,98,0.209224,"[221, 221, 1220, 1220, 1153, 1153, 66, 66, 165, 165, 66, 66]","[0.0, 0.0, 0.0, 0.0, 0.000153, 0.0, 0.122011, 0.0, 0.001728, 0.0, 0.001749, 0.0]","[1, 1, 1, 1, 1, 1, -1, -1, -1, -1, 1, 1]"
video_conferencing,VLC_Teams,/indian-slp/Users/ug/ZEPA/Kritik/net_data/5G_Traffic_Datasets/VLC_Teams/teams_linux_20m_01.csv,test,0,0.005483,True,0,0,0,48,3,98,0.209224,"[105, 105, 105, 105, 66, 66]","[0.0, 0.0, 0.005483, 0.0, 0.001349, 0.0]","[1, 1, -1, -1, 1, 1]"
video_conferencing,VLC_Teams,/indian-slp/Users/ug/ZEPA/Kritik/net_data/5G_Traffic_Datasets/VLC_Teams/teams_linux_20m_01.csv,test,0,0.037747,True,0,0,0,48,3,98,0.209224,"[115, 115, 104, 104, 66, 66]","[0.0, 0.0, 0.037747, 0.0, 0.001364, 0.0]","[1, 1, -1, -1, 1, 1]"
video_conferencing,VLC_Teams,/indian-slp/Users/ug/ZEPA/Kritik/net_data/5G_Traffic_Datasets/VLC_Teams/teams_linux_20m_01.csv,test,0,0.007149,True,0,0,0,48,3,98,0.209224,"[93, 93, 60, 93, 60, 93, 60, 60]","[0.0, 0.0, 0.007149, 0.0, 0.0, 0.0, 0.0, 0.0]","[1, 1, 1, -1, -1, -1, -1, 1]"
video_conferencing,VLC_Teams,/indian-slp/Users/ug/ZEPA/Kritik/net_data/5G_Traffic_Datasets/VLC_Teams/teams_linux_20m_01.csv,test,0,0.037225,True,0,0,0,48,3,98,0.209224,"[116, 116, 105, 105, 66, 66]","[0.0, 0.0, 0.037225, 0.0, 0.001405, 0.0]","[1, 1, -1, -1, 1, 1]"
video_conferencing,VLC_Teams,/indian-slp/Users/ug/ZEPA/Kritik/net_data/5G_Traffic_Datasets/VLC_Teams/teams_linux_20m_01.csv,test,0,0.146765,True,0,0,0,48,3,98,0.209224,"[105, 105, 105, 105, 66, 66]","[0.0, 0.0, 0.146765, 0.0, 0.002213, 0.0]","[1, 1, -1, -1, 1, 1]"
video_conferencing,VLC_Teams,/indian-slp/Users/ug/ZEPA/Kritik/net_data/5G_Traffic_Datasets/VLC_Teams/teams_linux_20m_01.csv,test,0,0.084227,True,0,0,0,48,3,98,0.209224,"[116, 116, 66, 66, 105, 105, 66, 66]","[0.0, 0.0, 0.084227, 0.0, 0.02496, 0.0, 0.001487, 0.0]","[1, 1, -1, -1, -1, -1, 1, 1]"
video_conferencing,VLC_Teams,/indian-slp/Users/ug/ZEPA/Kritik/net_data/5G_Traffic_Datasets/VLC_Teams/teams_linux_20m_01.csv,test,0,0.047056,True,0,0,0,48,3,98,0.209224,"[116, 116, 105, 105, 66, 66]","[0.0, 0.0, 0.047056, 0.0, 0.001324, 0.0]","[1, 1, -1, -1, 1, 1]"
video_conferencing,VLC_Teams,/indian-slp/Users/ug/ZEPA/Kritik/net_data/5G_Traffic_Datasets/VLC_Teams/teams_linux_20m_01.csv,test,0,0.036954,True,0,0,0,48,3,98,0.209224,"[116, 116, 105, 105, 66, 66]","[0.0, 0.0, 0.036954, 0.0, 0.00139, 0.0]","[1, 1, -1, -1, 1, 1]"
video_conferencing,VLC_Teams,/indian-slp/Users/ug/ZEPA/Kritik/net_data/5G_Traffic_Datasets/VLC_Teams/teams_linux_20m_01.csv,test,0,0.035483,True,0,0,0,48,3,98,0.209224,"[116, 116, 105, 105, 66, 66]","[0.0, 0.0, 0.035483, 0.0, 0.001453, 0.0]","[1, 1, -1, -1, 1, 1]"
video_conferencing,VLC_Teams,/indian-slp/Users/ug/ZEPA/Kritik/net_data/5G_Traffic_Datasets/VLC_Teams/teams_linux_20m_01.csv,test,0,0.037896,True,0,0,0,48,3,98,0.209224,"[116, 116, 105, 105, 66, 66]","[0.0, 0.0, 0.037896, 0.0, 0.001813, 0.0]","[1, 1, -1, -1, 1, 1]"
video_conferencing,VLC_Teams,/indian-slp/Users/ug/ZEPA/Kritik/net_data/5G_Traffic_Datasets/VLC_Teams/teams_linux_20m_01.csv,test,0,0.036958,True,0,0,0,48,3,98,0.209224,"[116, 116, 105, 105, 66, 66]","[0.0, 0.0, 0.036958, 0.0, 0.001389, 0.0]","[1, 1, -1, -1, 1, 1]"
video_conferencing,VLC_Teams,/indian-slp/Users/ug/ZEPA/Kritik/net_data/5G_Traffic_Datasets/VLC_Teams/teams_linux_20m_01.csv,test,0,0.005207,True,2,0,0,48,3,98,0.209224,"[74, 74, 66, 66, 60, 60, 187, 187, 1494, 1494, 60, 60, 60, 60, 319, 319, 60, 60, 915, 134, 224, 915, 134, 224, 116, 60, 60, 116, 85, 85, 85, 85, 60, 60, 60, 60, 497, 497, 60, 60]","[0.0, 0.0, 0.005207, 0.0, 0.001409, 0.0, 0.00167, 0.0, 0.0, 0.0, 0.005403, 0.0, 0.0, 0.0, 0.001643, 0.0, 0.001447, 0.0, 0.001736, 0.0, 0.0, 0.0, 0.0, 0.0, 0.005115, 0.0, 0.0, 0.0, 0.000309, 0.0, 0.001663, 0.0, 0.005423, 0.0, 0.034831, 0.0, 0.005132, 0.0, 0.001463, 0.0]","[1, 1, -1, -1, 1, 1, 1, 1, 1, 1, -1, -1, -1, -1, -1, -1, 1, 1, 1, 1, 1, 1, 1, 1, -1, -1, -1, -1, -1, -1, 1, 1, -1, -1, 1, 1, -1, -1, 1, 1]"
video_conferencing,VLC_Teams,/indian-slp/Users/ug/ZEPA/Kritik/net_data/5G_Traffic_Datasets/VLC_Teams/teams_linux_20m_01.csv,test,0,0.03778,True,0,0,0,48,3,98,0.209224,"[116, 116, 105, 105, 66, 66]","[0.0, 0.0, 0.03778, 0.0, 0.001462, 0.0]","[1, 1, -1, -1, 1, 1]"
video_conferencing,VLC_Teams,/indian-slp/Users/ug/ZEPA/Kritik/net_data/5G_Traffic_Datasets/VLC_Teams/teams_linux_20m_01.csv,test,0,0.006723,True,2,0,0,48,3,98,0.209224,"[74, 74, 74, 74, 291, 66, 291, 66, 66, 66, 714, 1466, 1466, 714, 1042, 1042, 66, 66, 66, 66, 66, 66, 159, 159, 376, 376, 135, 135, 135, 135, 78, 78, 243, 243, 104, 104, 104, 104, 66, 66, 66, 66]","[0.0, 0.0, 0.006723, 0.0, 0.000912, 0.0, 0.0, 0.0, 0.007023, 0.0, 0.001743, 0.0, 0.0, 0.0, 0.000133, 0.0, 0.000407, 0.0, 0.0, 0.0, 2.9e-05, 0.0, 0.003489, 0.0, 0.007919, 0.0, 0.000156, 0.0, 0.017156, 0.0, 0.00132, 0.0, 0.004216, 0.0, 0.001828, 0.0, 0.00518, 0.0, 0.006843, 0.0, 0.033423, 0.0]","[1, 1, -1, -1, 1, 1, 1, 1, -1, -1, -1, -1, -1, -1, -1, -1, 1, 1, 1, 1, 1, 1, 1, 1, -1, -1, -1, -1, -1, -1, 1, 1, 1, 1, 1, 1, -1, -1, -1, -1, 1, 1]"
video_conferencing,VLC_Teams,/indian-slp/Users/ug/ZEPA/Kritik/net_data/5G_Traffic_Datasets/VLC_Teams/teams_linux_20m_01.csv,test,0,0.006219,True,2,0,0,48,3,98,0.209224,"[74, 74, 74, 74, 66, 66, 749, 749, 66, 66, 1466, 1466, 415, 415, 1466, 1466, 66, 66, 66, 66, 66, 66, 130, 130, 236, 236, 652, 652, 97, 97, 97, 97, 66, 66]","[0.0, 0.0, 0.006219, 0.0, 0.002009, 0.0, 0.001358, 0.0, 0.00617, 0.0, 0.002489, 0.0, 0.0, 0.0, 0.0, 0.0, 0.001202, 0.0, 0.0, 0.0, 0.0, 0.0, 0.015866, 0.0, 0.0, 0.0, 0.006706, 0.0, 0.0, 0.0, 0.002593, 0.0, 0.010488, 0.0]","[1, 1, -1, -1, 1, 1, 1, 1, -1, -1, -1, -1, -1, -1, -1, -1, 1, 1, 1, 1, 1, 1, 1, 1, 1, 1, -1, -1, -1, -1, 1, 1, -1, -1]"
video_conferencing,VLC_Teams,/indian-slp/Users/ug/ZEPA/Kritik/net_data/5G_Traffic_Datasets/VLC_Teams/teams_linux_20m_01.csv,test,0,0.013257,True,2,0,0,48,3,98,0.209224,"[74, 74, 74, 74, 761, 761, 66, 66, 66, 66, 1466, 1466, 352, 352, 1466, 1466, 66, 66, 66, 66, 66, 66, 130, 130, 236, 236, 293, 293, 97, 652, 97, 652, 97, 97, 66, 66, 66, 66, 219, 219, 161, 161, 105, 105, 66, 105, 66, 105, 66, 66]","[0.0, 0.0, 0.013257, 0.0, 0.001741, 0.0, 0.0, 0.0, 0.013521, 0.0, 0.001984, 0.0, 0.000134, 0.0, 0.0, 0.0, 0.001418, 0.0, 0.0, 0.0, 0.0, 0.0, 0.014237, 0.0, 0.002245, 0.0, 0.001808, 0.0, 0.013753, 0.0, 0.0, 0.0, 0.002161, 0.0, 0.002087, 0.0, 0.011515, 0.0, 0.139349, 0.0, 0.0, 0.0, 0.000149, 0.0, 0.001702, 0.0, 0.0, 0.0, 0.014121, 0.0]","[1, 1, -1, -1, 1, 1, 1, 1, -1, -1, -1, -1, -1, -1, -1, -1, 1, 1, 1, 1, 1, 1, 1, 1, 1, 1, 1, 1, -1, -1, -1, -1, 1, 1, -1, -1, -1, -1, -1, -1, -1, -1, -1, -1, 1, 1, 1, 1, -1, -1]"
video_conferencing,VLC_Teams,/indian-slp/Users/ug/ZEPA/Kritik/net_data/5G_Traffic_Datasets/VLC_Teams/teams_linux_20m_01.csv,test,0,0.013744,True,2,0,0,48,3,98,0.209224,"[74, 74, 74, 74, 66, 66, 760, 760, 66, 66, 1466, 1466, 1466, 1466, 350, 350, 66, 66, 66, 66, 66, 66, 130, 130, 350, 236, 350, 236, 652, 652, 97, 97, 97, 97, 403, 403, 1466, 1466, 1466, 1466, 1466, 1294, 1294, 1466, 105, 105, 66, 66, 105, 66, 66, 66, 66, 105, 66, 66, 66, 66]","[0.0, 0.0, 0.013744, 0.0, 0.00184, 0.0, 0.0, 0.0, 0.013201, 0.0, 0.002249, 0.0, 0.0, 0.0, 0.000148, 0.0, 0.001235, 0.0, 0.0, 0.0, 0.0, 0.0, 0.002257, 0.0, 0.0, 0.0, 0.0, 0.0, 0.013409, 0.0, 0.001648, 0.0, 0.001142, 0.0, 0.003195, 0.0, 0.000108, 0.0, 0.0, 0.0, 0.000136, 0.0, 0.0, 0.0, 0.000456, 0.0, 0.000696, 0.0, 0.0, 0.0, 0.0, 0.0, 0.0, 0.0, 0.011722, 0.0, 0.001581, 0.0]","[1, 1, -1, -1, 1, 1, 1, 1, -1, -1, -1, -1, -1, -1, -1, -1, 1, 1, 1, 1, 1, 1, 1, 1, 1, 1, 1, 1, -1, -1, 1, 1, -1, -1, -1, -1, -1, -1, -1, -1, -1, -1, -1, -1, -1, -1, 1, 1, 1, 1, 1, 1, 1, 1, -1, -1, -1, -1]"
video_conferencing,VLC_Teams,/indian-slp/Users/ug/ZEPA/Kritik/net_data/5G_Traffic_Datasets/VLC_Teams/teams_linux_20m_01.csv,test,0,0.005303,True,0,0,0,48,3,98,0.209224,"[93, 93, 60, 60, 93, 93, 60, 60]","[0.0, 0.0, 0.005303, 0.0, 0.0, 0.0, 0.001566, 0.0]","[1, 1, -1, -1, -1, -1, 1, 1]"
video_conferencing,VLC_Teams,/indian-slp/Users/ug/ZEPA/Kritik/net_data/5G_Traffic_Datasets/VLC_Teams/teams_linux_20m_01.csv,test,0,0.037841,True,0,0,0,48,3,98,0.209224,"[116, 116, 105, 105, 66, 66]","[0.0, 0.0, 0.037841, 0.0, 0.001361, 0.0]","[1, 1, -1, -1, 1, 1]"
video_conferencing,VLC_Teams,/indian-slp/Users/ug/ZEPA/Kritik/net_data/5G_Traffic_Datasets/VLC_Teams/teams_linux_20m_01.csv,test,0,0.035099,True,0,0,0,48,3,98,0.209224,"[1352, 1352, 66, 66, 116, 116, 329, 329, 66, 66, 105, 105, 66, 66, 1352, 1352, 66, 66, 329, 116, 116, 329, 66, 66, 105, 105, 66, 66, 1352, 1352, 66, 66, 116, 329, 116, 329, 66, 66, 105, 105, 66, 66, 1352, 1352, 66, 66, 116, 329, 329, 116, 66, 66, 105, 105, 66, 66, 567, 567, 1464, 1464, 1464, 1464, 66, 66]","[0.0, 0.0, 0.001531, 0.0, 0.002779, 0.0, 0.0, 0.0, 0.03232, 0.0, 0.000255, 0.0, 0.041484, 0.0, 0.941154, 0.0, 0.001592, 0.0, 0.002164, 0.0, 0.0, 0.0, 0.032281, 0.0, 0.000284, 0.0, 0.041524, 0.0, 0.972647, 0.0, 0.00149, 0.0, 0.001728, 0.0, 0.0, 0.0, 0.032664, 0.0, 0.0, 0.0, 0.042513, 0.0, 0.973257, 0.0, 0.001487, 0.0, 0.002314, 0.0, 0.0, 0.0, 0.03253, 0.0, 0.00025, 0.0, 0.042129, 0.0, 0.13605, 0.0, 0.0, 0.0, 0.0, 0.0, 0.001777, 0.0]","[-1, -1, 1, 1, 1, 1, 1, 1, -1, -1, -1, -1, 1, 1, -1, -1, 1, 1, 1, 1, 1, 1, -1, -1, -1, -1, 1, 1, -1, -1, 1, 1, 1, 1, 1, 1, -1, -1, -1, -1, 1, 1, -1, -1, 1, 1, 1, 1, 1, 1, -1, -1, -1, -1, 1, 1, -1, -1, -1, -1, -1, -1, 1, 1]"
video_conferencing,VLC_Teams,/indian-slp/Users/ug/ZEPA/Kritik/net_data/5G_Traffic_Datasets/VLC_Teams/teams_linux_20m_01.csv,test,0,0.006476,True,0,0,0,48,3,98,0.209224,"[112, 112, 66, 66, 112, 112, 66, 66, 66, 66]","[0.0, 0.0, 0.006476, 0.0, 0.0, 0.0, 0.001401, 0.0, 0.0, 0.0]","[1, 1, -1, -1, -1, -1, 1, 1, 1, 1]"
video_conferencing,VLC_Teams,/indian-slp/Users/ug/ZEPA/Kritik/net_data/5G_Traffic_Datasets/VLC_Teams/teams_linux_20m_01.csv,test,0,0.037012,True,0,0,0,48,3,98,0.209224,"[116, 116, 105, 105, 66, 66]","[0.0, 0.0, 0.037012, 0.0, 0.001795, 0.0]","[1, 1, -1, -1, 1, 1]"
video_conferencing,VLC_Teams,/indian-slp/Users/ug/ZEPA/Kritik/net_data/5G_Traffic_Datasets/VLC_Teams/teams_linux_20m_01.csv,test,0,0.032463,True,0,0,0,48,3,98,0.209224,"[117, 117, 106, 106, 66, 66, 1356, 1356, 66, 66, 329, 329, 117, 117, 66, 66, 106, 106, 66, 66]","[0.0, 0.0, 0.032463, 0.0, 0.00142, 0.0, 1.719217, 0.0, 0.001244, 0.0, 0.001802, 0.0, 0.0, 0.0, 0.032175, 0.0, 0.000131, 0.0, 0.041549, 0.0]","[1, 1, -1, -1, 1, 1, -1, -1, 1, 1, 1, 1, 1, 1, -1, -1, -1, -1, 1, 1]"
video_conferencing,VLC_Teams,/indian-slp/Users/ug/ZEPA/Kritik/net_data/5G_Traffic_Datasets/VLC_Teams/teams_linux_20m_01.csv,test,0,0.013248,True,0,0,0,48,3,98,0.209224,"[105, 105, 66, 66, 105, 105, 66, 66]","[0.0, 0.0, 0.013248, 0.0, 0.000154, 0.0, 0.041411, 0.0]","[1, 1, -1, -1, -1, -1, 1, 1]"
video_conferencing,VLC_Teams,/indian-slp/Users/ug/ZEPA/Kritik/net_data/5G_Traffic_Datasets/VLC_Teams/teams_linux_20m_01.csv,test,0,0.011107,True,0,0,0,48,3,98,0.209224,"[105, 105, 66, 105, 105, 66, 66, 66]","[0.0, 0.0, 0.011107, 0.0, 0.0, 0.0, 0.041774, 0.0]","[1, 1, -1, -1, -1, -1, 1, 1]"
video_conferencing,VLC_Teams,/indian-slp/Users/ug/ZEPA/Kritik/net_data/5G_Traffic_Datasets/VLC_Teams/teams_linux_20m_01.csv,test,0,0.013101,True,0,0,0,48,3,98,0.209224,"[105, 105, 66, 66, 105, 105, 66, 66]","[0.0, 0.0, 0.013101, 0.0, 0.0, 0.0, 0.041712, 0.0]","[1, 1, -1, -1, -1, -1, 1, 1]"
video_conferencing,VLC_Teams,/indian-slp/Users/ug/ZEPA/Kritik/net_data/5G_Traffic_Datasets/VLC_Teams/teams_linux_20m_01.csv,test,0,0.037975,True,0,0,0,48,3,98,0.209224,"[116, 116, 105, 105, 66, 66]","[0.0, 0.0, 0.037975, 0.0, 0.00137, 0.0]","[1, 1, -1, -1, 1, 1]"
video_conferencing,VLC_Teams,/indian-slp/Users/ug/ZEPA/Kritik/net_data/5G_Traffic_Datasets/VLC_Teams/teams_linux_20m_01.csv,test,0,0.00673,True,0,0,0,48,3,98,0.209224,"[112, 112, 112, 112, 66, 66]","[0.0, 0.0, 0.00673, 0.0, 0.002265, 0.0]","[1, 1, -1, -1, 1, 1]"
video_conferencing,VLC_Teams,/indian-slp/Users/ug/ZEPA/Kritik/net_data/5G_Traffic_Datasets/VLC_Teams/teams_linux_20m_01.csv,test,0,0.014363,True,0,0,0,48,3,98,0.209224,"[105, 105, 105, 105, 66, 66]","[0.0, 0.0, 0.014363, 0.0, 0.001467, 0.0]","[1, 1, -1, -1, 1, 1]"
video_conferencing,VLC_Teams,/indian-slp/Users/ug/ZEPA/Kritik/net_data/5G_Traffic_Datasets/VLC_Teams/teams_linux_20m_01.csv,test,0,0.014363,True,0,0,0,48,3,98,0.209224,"[105, 105, 105, 105, 66, 66]","[0.0, 0.0, 0.014363, 0.0, 0.001467, 0.0]","[1, 1, -1, -1, 1, 1]"
video_conferencing,VLC_Teams,/indian-slp/Users/ug/ZEPA/Kritik/net_data/5G_Traffic_Datasets/VLC_Teams/teams_linux_20m_01.csv,test,0,0.006384,True,0,0,0,48,3,98,0.209224,"[105, 105, 105, 105, 66, 66]","[0.0, 0.0, 0.006384, 0.0, 0.001469, 0.0]","[1, 1, -1, -1, 1, 1]"
video_conferencing,VLC_Teams,/indian-slp/Users/ug/ZEPA/Kritik/net_data/5G_Traffic_Datasets/VLC_Teams/teams_linux_20m_01.csv,test,0,0.032634,True,0,0,0,48,3,98,0.209224,"[117, 117, 106, 106, 66, 66, 1428, 1428, 66, 66, 329, 329, 117, 117, 106, 106, 66, 66, 66, 66, 1356, 1356, 66, 66, 117, 329, 117, 329, 106, 66, 66, 106, 66, 66, 1354, 1354, 66, 66, 117, 329, 329, 117, 66, 66, 106, 106, 66, 66, 1354, 1354, 66, 66, 117, 329, 329, 117, 106, 66, 66, 106, 66, 66, 1354, 1354]","[0.0, 0.0, 0.032634, 0.0, 0.001202, 0.0, 24.814128, 0.0, 0.001382, 0.0, 0.002878, 0.0, 0.0, 0.0, 0.032557, 0.0, 0.0, 0.0, 0.042346, 0.0, 1.0277, 0.0, 0.001868, 0.0, 0.001453, 0.0, 0.0, 0.0, 0.032424, 0.0, 0.0, 0.0, 0.042435, 0.0, 0.919167, 0.0, 0.001467, 0.0, 0.001954, 0.0, 0.0, 0.0, 0.032569, 0.0, 0.0, 0.0, 0.043228, 0.0, 0.949875, 0.0, 0.001441, 0.0, 0.001623, 0.0, 0.0, 0.0, 0.032596, 0.0, 0.0, 0.0, 0.042174, 0.0, 0.944564, 0.0]","[1, 1, -1, -1, 1, 1, -1, -1, 1, 1, 1, 1, 1, 1, -1, -1, -1, -1, 1, 1, -1, -1, 1, 1, 1, 1, 1, 1, -1, -1, -1, -1, 1, 1, -1, -1, 1, 1, 1, 1, 1, 1, -1, -1, -1, -1, 1, 1, -1, -1, 1, 1, 1, 1, 1, 1, -1, -1, -1, -1, 1, 1, -1, -1]"
video_conferencing,VLC_Teams,/indian-slp/Users/ug/ZEPA/Kritik/net_data/5G_Traffic_Datasets/VLC_Teams/teams_linux_20m_01.csv,test,0,0.037929,True,0,0,0,48,3,98,0.209224,"[116, 116, 105, 105, 66, 66]","[0.0, 0.0, 0.037929, 0.0, 0.001443, 0.0]","[1, 1, -1, -1, 1, 1]"
video_conferencing,VLC_Teams,/indian-slp/Users/ug/ZEPA/Kritik/net_data/5G_Traffic_Datasets/VLC_Teams/teams_linux_20m_01.csv,test,0,0.037542,True,0,0,0,48,3,98,0.209224,"[116, 116, 105, 105, 66, 66]","[0.0, 0.0, 0.037542, 0.0, 0.001533, 0.0]","[1, 1, -1, -1, 1, 1]"
video_conferencing,VLC_Teams,/indian-slp/Users/ug/ZEPA/Kritik/net_data/5G_Traffic_Datasets/VLC_Teams/teams_linux_20m_01.csv,test,0,0.035196,True,0,0,0,48,3,98,0.209224,"[1354, 1354, 66, 66, 327, 327, 117, 117, 66, 66, 106, 106, 66, 66, 117, 117, 106, 106, 66, 66, 1354, 1354, 66, 66, 327, 117, 117, 327, 66, 66, 106, 106, 66, 66, 1354, 1354, 117, 117, 327, 66, 66, 327, 66, 66, 106, 106, 66, 66]","[0.0, 0.0, 0.001443, 0.0, 0.002826, 0.0, 0.0, 0.0, 0.03237, 0.0, 0.000152, 0.0, 0.04224, 0.0, 4.738362, 0.0, 0.03288, 0.0, 0.00143, 0.0, 4.39259, 0.0, 0.00144, 0.0, 0.001775, 0.0, 0.0, 0.0, 0.034999, 0.0, 0.000248, 0.0, 0.042353, 0.0, 0.972939, 0.0, 0.001807, 0.0, 0.0, 0.0, 0.0, 0.0, 0.032599, 0.0, 0.000203, 0.0, 0.042374, 0.0]","[-1, -1, 1, 1, 1, 1, 1, 1, -1, -1, -1, -1, 1, 1, 1, 1, -1, -1, 1, 1, -1, -1, 1, 1, 1, 1, 1, 1, -1, -1, -1, -1, 1, 1, -1, -1, 1, 1, 1, 1, 1, 1, -1, -1, -1, -1, 1, 1]"
video_conferencing,VLC_Teams,/indian-slp/Users/ug/ZEPA/Kritik/net_data/5G_Traffic_Datasets/VLC_Teams/teams_linux_20m_01.csv,test,0,0.037775,True,0,0,0,48,3,98,0.209224,"[116, 116, 105, 105, 66, 66]","[0.0, 0.0, 0.037775, 0.0, 0.001478, 0.0]","[1, 1, -1, -1, 1, 1]"
video_conferencing,VLC_Teams,/indian-slp/Users/ug/ZEPA/Kritik/net_data/5G_Traffic_Datasets/VLC_Teams/teams_linux_20m_01.csv,test,0,0.03273,True,0,0,0,48,3,98,0.209224,"[117, 117, 106, 106, 66, 66]","[0.0, 0.0, 0.03273, 0.0, 0.001279, 0.0]","[1, 1, -1, -1, 1, 1]"
video_conferencing,VLC_Teams,/indian-slp/Users/ug/ZEPA/Kritik/net_data/5G_Traffic_Datasets/VLC_Teams/teams_linux_20m_01.csv,test,0,0.037909,True,0,0,0,48,3,98,0.209224,"[116, 116, 105, 105, 66, 66]","[0.0, 0.0, 0.037909, 0.0, 0.001431, 0.0]","[1, 1, -1, -1, 1, 1]"
video_conferencing,VLC_Teams,/indian-slp/Users/ug/ZEPA/Kritik/net_data/5G_Traffic_Datasets/VLC_Teams/teams_linux_20m_01.csv,test,0,0.033495,True,0,0,0,48,3,98,0.209224,"[117, 117, 106, 106, 66, 66]","[0.0, 0.0, 0.033495, 0.0, 0.001486, 0.0]","[1, 1, -1, -1, 1, 1]"
video_conferencing,VLC_Teams,/indian-slp/Users/ug/ZEPA/Kritik/net_data/5G_Traffic_Datasets/VLC_Teams/teams_linux_20m_01.csv,test,0,0.037942,True,0,0,0,48,3,98,0.209224,"[116, 116, 105, 105, 66, 66]","[0.0, 0.0, 0.037942, 0.0, 0.001588, 0.0]","[1, 1, -1, -1, 1, 1]"
video_conferencing,VLC_Teams,/indian-slp/Users/ug/ZEPA/Kritik/net_data/5G_Traffic_Datasets/VLC_Teams/teams_linux_20m_01.csv,test,0,0.032512,True,0,0,0,48,3,98,0.209224,"[117, 117, 106, 106, 66, 66]","[0.0, 0.0, 0.032512, 0.0, 0.001383, 0.0]","[1, 1, -1, -1, 1, 1]"
video_conferencing,VLC_Teams,/indian-slp/Users/ug/ZEPA/Kritik/net_data/5G_Traffic_Datasets/VLC_Teams/teams_linux_20m_01.csv,test,0,0.007569,True,0,0,0,48,3,98,0.209224,"[90, 90, 94, 66, 66, 94, 66, 66]","[0.0, 0.0, 0.001498, 0.0, 0.0, 0.0, 0.007569, 0.0]","[-1, -1, 1, 1, 1, 1, -1, -1]"
video_conferencing,VLC_Teams,/indian-slp/Users/ug/ZEPA/Kritik/net_data/5G_Traffic_Datasets/VLC_Teams/teams_linux_20m_01.csv,test,0,0.037823,True,0,0,0,48,3,98,0.209224,"[116, 116, 105, 105, 66, 66]","[0.0, 0.0, 0.037823, 0.0, 0.001408, 0.0]","[1, 1, -1, -1, 1, 1]"
video_conferencing,VLC_Teams,/indian-slp/Users/ug/ZEPA/Kritik/net_data/5G_Traffic_Datasets/VLC_Teams/teams_linux_20m_01.csv,test,0,0.033184,True,0,0,0,48,3,98,0.209224,"[117, 117, 106, 106, 66, 66]","[0.0, 0.0, 0.033184, 0.0, 0.00138, 0.0]","[1, 1, -1, -1, 1, 1]"
video_conferencing,VLC_Teams,/indian-slp/Users/ug/ZEPA/Kritik/net_data/5G_Traffic_Datasets/VLC_Teams/teams_linux_20m_01.csv,test,0,0.038645,True,0,0,0,48,3,98,0.209224,"[116, 116, 105, 105, 66, 66]","[0.0, 0.0, 0.038645, 0.0, 0.0, 7.2e-05]","[1, 1, -1, -1, 1, 1]"
video_conferencing,VLC_Teams,/indian-slp/Users/ug/ZEPA/Kritik/net_data/5G_Traffic_Datasets/VLC_Teams/teams_linux_20m_01.csv,test,0,0.033184,True,0,0,0,48,3,98,0.209224,"[117, 117, 106, 106, 66, 66]","[0.0, 0.0, 0.033184, 0.0, 0.001457, 0.0]","[1, 1, -1, -1, 1, 1]"
video_conferencing,VLC_Teams,/indian-slp/Users/ug/ZEPA/Kritik/net_data/5G_Traffic_Datasets/VLC_Teams/teams_linux_20m_01.csv,test,0,0.006327,True,2,0,0,48,3,98,0.209224,"[74, 74, 74, 74, 66, 66, 1365, 1365, 66, 66, 278, 278, 236, 130, 66, 130, 66, 236, 97, 97, 684, 684, 97, 66, 66, 97, 66, 66]","[0.0, 0.0, 0.006327, 0.0, 0.001756, 0.0, 0.000131, 0.0, 0.007391, 0.0, 0.020658, 0.0, 0.002288, 0.0, 0.0, 0.0, 0.0, 0.0, 0.007298, 0.0, 0.0, 0.0, 0.001515, 0.0, 0.0, 0.0, 0.01126, 0.0]","[1, 1, -1, -1, 1, 1, 1, 1, -1, -1, -1, -1, 1, 1, 1, 1, 1, 1, -1, -1, -1, -1, 1, 1, 1, 1, -1, -1]"
video_conferencing,VLC_Teams,/indian-slp/Users/ug/ZEPA/Kritik/net_data/5G_Traffic_Datasets/VLC_Teams/teams_linux_20m_01.csv,test,0,0.013693,True,2,0,0,48,3,98,0.209224,"[74, 74, 74, 74, 66, 66, 583, 583, 66, 66, 1466, 1466, 1466, 1466, 271, 271, 66, 66, 66, 66, 66, 66, 159, 159, 361, 361, 135, 135, 364, 66, 243, 66, 104, 243, 364, 104, 104, 104, 66, 66, 209, 209, 112, 66, 66, 112, 66, 66]","[0.0, 0.0, 0.013693, 0.0, 0.001347, 0.0, 0.0, 0.0, 0.013666, 0.0, 0.022511, 0.0, 0.0, 0.0, 0.000156, 0.0, 0.00138, 0.0, 0.0, 0.0, 0.0, 0.0, 0.001665, 0.0, 0.013766, 0.0, 0.0, 0.0, 0.001813, 0.0, 0.0, 0.0, 0.0, 0.0, 0.0, 0.0, 0.013784, 0.0, 0.000371, 0.0, 0.001259, 0.0, 0.001104, 0.0, 0.0, 0.0, 0.018148, 0.0]","[1, 1, -1, -1, 1, 1, 1, 1, -1, -1, -1, -1, -1, -1, -1, -1, 1, 1, 1, 1, 1, 1, 1, 1, -1, -1, -1, -1, 1, 1, 1, 1, 1, 1, 1, 1, -1, -1, -1, -1, -1, -1, 1, 1, 1, 1, -1, -1]"
video_conferencing,VLC_Teams,/indian-slp/Users/ug/ZEPA/Kritik/net_data/5G_Traffic_Datasets/VLC_Teams/teams_linux_20m_01.csv,test,0,0.007091,True,2,0,0,48,3,98,0.209224,"[74, 74, 74, 74, 583, 66, 583, 66, 66, 66, 714, 1042, 1466, 1042, 714, 1466, 66, 66, 66, 66, 66, 66, 159, 159, 135, 376, 376, 135, 243, 66, 324, 66, 104, 104, 324, 243, 66, 66, 104, 104, 1466, 512, 1466, 512, 112, 732, 732, 112, 66, 112, 66, 66, 66, 112, 66, 66]","[0.0, 0.0, 0.007091, 0.0, 0.001462, 0.0, 0.0, 0.0, 0.0071, 0.0, 0.021778, 0.0, 0.0, 0.0, 0.0, 0.0, 0.000558, 0.0, 0.0, 0.000101, 0.0, 0.0, 0.003097, 0.0, 0.006095, 0.0, 0.0, 0.0, 0.001853, 0.0, 0.0, 0.0, 0.0, 0.0, 0.0, 0.0, 0.007052, 0.0, 0.000132, 0.0, 0.006249, 0.0, 0.0, 0.0, 0.000151, 0.0, 0.0, 0.0, 0.001337, 0.0, 0.0, 0.0, 0.0, 0.0, 0.012081, 0.0]","[1, 1, -1, -1, 1, 1, 1, 1, -1, -1, -1, -1, -1, -1, -1, -1, 1, 1, 1, 1, 1, 1, 1, 1, -1, -1, -1, -1, 1, 1, 1, 1, 1, 1, 1, 1, -1, -1, -1, -1, -1, -1, -1, -1, -1, -1, -1, -1, 1, 1, 1, 1, 1, 1, -1, -1]"
video_conferencing,VLC_Teams,/indian-slp/Users/ug/ZEPA/Kritik/net_data/5G_Traffic_Datasets/VLC_Teams/teams_linux_20m_01.csv,test,0,0.006295,True,2,0,0,48,3,98,0.209224,"[74, 74, 74, 74, 583, 66, 66, 583, 66, 66, 714, 714, 1466, 1466, 1095, 1095, 66, 159, 159, 66, 66, 66, 66, 66, 376, 135, 376, 135, 104, 104, 243, 66, 66, 243, 66, 104, 66, 104, 66, 66, 366, 366, 1466, 396, 1466, 396, 1466, 1466, 1466, 637, 1466, 637, 112, 112, 66, 66, 66, 66, 66, 66, 66, 66, 66, 66]","[0.0, 0.0, 0.006295, 0.0, 0.001351, 0.0, 0.0, 0.0, 0.006204, 0.0, 0.02249, 0.0, 0.0, 0.0, 0.000146, 0.0, 0.001333, 0.0, 0.0, 0.0, 0.0, 0.0, 0.0, 0.0, 0.006515, 0.0, 0.0, 0.0, 0.001607, 0.0, 0.0, 0.0, 0.0, 0.0, 0.007008, 0.0, 0.0, 0.0, 0.041672, 0.0, 0.011035, 0.0, 0.008325, 0.0, 0.0, 0.0, 7.3e-05, 0.0, 0.0, 0.0, 0.0, 0.000319, 0.0, 0.0, 0.001032, 0.0, 0.0, 0.0, 0.0, 0.0, 0.0, 0.0, 0.0, 2.1e-05]","[1, 1, -1, -1, 1, 1, 1, 1, -1, -1, -1, -1, -1, -1, -1, -1, 1, 1, 1, 1, 1, 1, 1, 1, -1, -1, -1, -1, 1, 1, 1, 1, 1, 1, -1, -1, -1, -1, 1, 1, 1, 1, -1, -1, -1, -1, -1, -1, -1, -1, -1, -1, -1, -1, 1, 1, 1, 1, 1, 1, 1, 1, 1, 1]"
video_conferencing,VLC_Teams,/indian-slp/Users/ug/ZEPA/Kritik/net_data/5G_Traffic_Datasets/VLC_Teams/teams_linux_20m_01.csv,test,0,0.037275,True,0,0,0,48,3,98,0.209224,"[116, 116, 105, 105, 66, 66]","[0.0, 0.0, 0.037275, 0.0, 0.001381, 0.0]","[1, 1, -1, -1, 1, 1]"
video_conferencing,VLC_Teams,/indian-slp/Users/ug/ZEPA/Kritik/net_data/5G_Traffic_Datasets/VLC_Teams/teams_linux_20m_01.csv,test,0,0.032928,True,0,0,0,48,3,98,0.209224,"[117, 117, 106, 106, 66, 66]","[0.0, 0.0, 0.032928, 0.0, 0.001449, 0.0]","[1, 1, -1, -1, 1, 1]"
video_conferencing,VLC_Teams,/indian-slp/Users/ug/ZEPA/Kritik/net_data/5G_Traffic_Datasets/VLC_Teams/teams_linux_20m_01.csv,test,0,0.007533,True,0,0,0,48,3,98,0.209224,"[105, 105, 66, 105, 66, 105, 66, 66]","[0.0, 0.0, 0.007533, 0.0, 0.0, 0.0, 0.041793, 0.0]","[1, 1, -1, -1, -1, -1, 1, 1]"
video_conferencing,VLC_Teams,/indian-slp/Users/ug/ZEPA/Kritik/net_data/5G_Traffic_Datasets/VLC_Teams/teams_linux_20m_01.csv,test,0,0.006562,True,0,0,0,48,3,98,0.209224,"[112, 112, 66, 66, 112, 112, 66, 66]","[0.0, 0.0, 0.006562, 0.0, 0.0, 0.0, 0.043403, 0.0]","[1, 1, -1, -1, -1, -1, 1, 1]"
video_conferencing,VLC_Teams,/indian-slp/Users/ug/ZEPA/Kritik/net_data/5G_Traffic_Datasets/VLC_Teams/teams_linux_20m_01.csv,test,0,0.007294,True,0,0,0,48,3,98,0.209224,"[112, 112, 112, 66, 66, 112, 66, 66]","[0.0, 0.0, 0.007294, 0.0, 0.0, 0.0, 0.042671, 0.0]","[1, 1, -1, -1, -1, -1, 1, 1]"
video_conferencing,VLC_Teams,/indian-slp/Users/ug/ZEPA/Kritik/net_data/5G_Traffic_Datasets/VLC_Teams/teams_linux_20m_01.csv,test,0,0.013487,True,0,0,0,48,3,98,0.209224,"[112, 112, 66, 66, 112, 112, 66, 66]","[0.0, 0.0, 0.013487, 0.0, 0.00153, 0.0, 0.042991, 0.0]","[1, 1, -1, -1, -1, -1, 1, 1]"
video_conferencing,VLC_Teams,/indian-slp/Users/ug/ZEPA/Kritik/net_data/5G_Traffic_Datasets/VLC_Teams/teams_linux_20m_01.csv,test,0,0.037095,True,0,0,0,48,3,98,0.209224,"[116, 116, 105, 105, 66, 66]","[0.0, 0.0, 0.037095, 0.0, 0.001431, 0.0]","[1, 1, -1, -1, 1, 1]"
video_conferencing,VLC_Teams,/indian-slp/Users/ug/ZEPA/Kritik/net_data/5G_Traffic_Datasets/VLC_Teams/teams_linux_20m_01.csv,test,0,0.037823,True,0,0,0,48,3,98,0.209224,"[117, 117, 106, 106, 66, 66]","[0.0, 0.0, 0.037823, 0.0, 0.001411, 0.0]","[1, 1, -1, -1, 1, 1]"
video_conferencing,VLC_Teams,/indian-slp/Users/ug/ZEPA/Kritik/net_data/5G_Traffic_Datasets/VLC_Teams/teams_linux_20m_01.csv,test,0,0.037404,True,0,0,0,48,3,98,0.209224,"[116, 116, 105, 105, 66, 66]","[0.0, 0.0, 0.037404, 0.0, 0.001424, 0.0]","[1, 1, -1, -1, 1, 1]"
video_conferencing,VLC_Teams,/indian-slp/Users/ug/ZEPA/Kritik/net_data/5G_Traffic_Datasets/VLC_Teams/teams_linux_20m_01.csv,test,0,0.033058,True,0,0,0,48,3,98,0.209224,"[117, 117, 106, 106, 66, 66]","[0.0, 0.0, 0.033058, 0.0, 0.001125, 0.0]","[1, 1, -1, -1, 1, 1]"
video_conferencing,VLC_Teams,/indian-slp/Users/ug/ZEPA/Kritik/net_data/5G_Traffic_Datasets/VLC_Teams/teams_linux_20m_01.csv,test,0,0.00652,True,0,0,0,48,3,98,0.209224,"[105, 105, 105, 105, 66, 66]","[0.0, 0.0, 0.00652, 0.0, 0.001511, 0.0]","[1, 1, -1, -1, 1, 1]"
video_conferencing,VLC_Teams,/indian-slp/Users/ug/ZEPA/Kritik/net_data/5G_Traffic_Datasets/VLC_Teams/teams_linux_20m_01.csv,test,0,0.013996,True,0,0,0,48,3,98,0.209224,"[112, 112, 112, 112, 66, 66]","[0.0, 0.0, 0.013996, 0.0, 0.001085, 0.0]","[1, 1, -1, -1, 1, 1]"
video_conferencing,VLC_Teams,/indian-slp/Users/ug/ZEPA/Kritik/net_data/5G_Traffic_Datasets/VLC_Teams/teams_linux_20m_01.csv,test,0,0.006692,True,0,0,0,48,3,98,0.209224,"[112, 112, 112, 112, 66, 66]","[0.0, 0.0, 0.006692, 0.0, 0.001407, 0.0]","[1, 1, -1, -1, 1, 1]"
video_conferencing,VLC_Teams,/indian-slp/Users/ug/ZEPA/Kritik/net_data/5G_Traffic_Datasets/VLC_Teams/teams_linux_20m_01.csv,test,0,0.00699,True,0,0,0,48,3,98,0.209224,"[112, 112, 112, 112, 66, 66]","[0.0, 0.0, 0.00699, 0.0, 0.001109, 0.0]","[1, 1, -1, -1, 1, 1]"
video_conferencing,VLC_Teams,/indian-slp/Users/ug/ZEPA/Kritik/net_data/5G_Traffic_Datasets/VLC_Teams/teams_linux_20m_01.csv,test,0,0.036633,True,0,0,0,48,3,98,0.209224,"[116, 116, 105, 105, 66, 66]","[0.0, 0.0, 0.036633, 0.0, 0.001487, 0.0]","[1, 1, -1, -1, 1, 1]"
video_conferencing,VLC_Teams,/indian-slp/Users/ug/ZEPA/Kritik/net_data/5G_Traffic_Datasets/VLC_Teams/teams_linux_20m_01.csv,test,0,0.032795,True,0,0,0,48,3,98,0.209224,"[117, 117, 106, 106, 66, 66]","[0.0, 0.0, 0.032795, 0.0, 0.001345, 0.0]","[1, 1, -1, -1, 1, 1]"
video_conferencing,VLC_Teams,/indian-slp/Users/ug/ZEPA/Kritik/net_data/5G_Traffic_Datasets/VLC_Teams/teams_linux_20m_01.csv,test,0,0.037024,True,0,0,0,48,3,98,0.209224,"[116, 116, 105, 105, 66, 66]","[0.0, 0.0, 0.037024, 0.0, 0.001486, 0.0]","[1, 1, -1, -1, 1, 1]"
video_conferencing,VLC_Teams,/indian-slp/Users/ug/ZEPA/Kritik/net_data/5G_Traffic_Datasets/VLC_Teams/teams_linux_20m_01.csv,test,0,0.032413,True,0,0,0,48,3,98,0.209224,"[117, 117, 106, 106, 66, 66]","[0.0, 0.0, 0.032413, 0.0, 0.00142, 0.0]","[1, 1, -1, -1, 1, 1]"
video_conferencing,VLC_Teams,/indian-slp/Users/ug/ZEPA/Kritik/net_data/5G_Traffic_Datasets/VLC_Teams/teams_linux_20m_01.csv,test,0,0.037441,True,0,0,0,48,3,98,0.209224,"[116, 116, 105, 105, 66, 66]","[0.0, 0.0, 0.037441, 0.0, 0.001378, 0.0]","[1, 1, -1, -1, 1, 1]"
video_conferencing,VLC_Teams,/indian-slp/Users/ug/ZEPA/Kritik/net_data/5G_Traffic_Datasets/VLC_Teams/teams_linux_20m_01.csv,test,0,0.032291,True,0,0,0,48,3,98,0.209224,"[117, 117, 106, 106, 66, 66]","[0.0, 0.0, 0.032291, 0.0, 0.001532, 0.0]","[1, 1, -1, -1, 1, 1]"
video_conferencing,VLC_Teams,/indian-slp/Users/ug/ZEPA/Kritik/net_data/5G_Traffic_Datasets/VLC_Teams/teams_linux_20m_01.csv,test,0,0.006916,True,2,0,0,48,3,98,0.209224,"[74, 74, 74, 74, 66, 66, 1312, 1312, 66, 66, 130, 284, 284, 66, 696, 130, 66, 696, 66, 66, 898, 898, 205, 205, 66, 66, 258, 258, 66, 66]","[0.0, 0.0, 0.006916, 0.0, 0.001426, 0.0, 0.001639, 0.0, 0.006706, 0.0, 0.023466, 0.0, 0.0, 0.0, 0.0, 0.0, 0.0, 0.0, 0.004796, 0.0, 0.14232, 0.0, 0.00508, 0.0, 0.011189, 0.0, 0.133735, 0.0, 0.04313, 0.0]","[1, 1, -1, -1, 1, 1, 1, 1, -1, -1, 1, -1, -1, 1, 1, 1, 1, 1, -1, -1, -1, -1, 1, 1, -1, -1, -1, -1, 1, 1]"
video_conferencing,VLC_Teams,/indian-slp/Users/ug/ZEPA/Kritik/net_data/5G_Traffic_Datasets/VLC_Teams/teams_linux_20m_01.csv,test,0,0.032607,True,0,0,0,48,3,98,0.209224,"[117, 117, 106, 106, 66, 66]","[0.0, 0.0, 0.032607, 0.0, 0.002288, 0.0]","[1, 1, -1, -1, 1, 1]"
video_conferencing,VLC_Teams,/indian-slp/Users/ug/ZEPA/Kritik/net_data/5G_Traffic_Datasets/VLC_Teams/teams_linux_20m_01.csv,test,0,0.036906,True,0,0,0,48,3,98,0.209224,"[116, 116, 105, 105, 66, 66]","[0.0, 0.0, 0.036906, 0.0, 0.00128, 0.0]","[1, 1, -1, -1, 1, 1]"
video_conferencing,VLC_Teams,/indian-slp/Users/ug/ZEPA/Kritik/net_data/5G_Traffic_Datasets/VLC_Teams/teams_linux_20m_01.csv,test,0,0.037447,True,0,0,0,48,3,98,0.209224,"[116, 116, 105, 105, 66, 66]","[0.0, 0.0, 0.037447, 0.0, 0.00136, 0.0]","[1, 1, -1, -1, 1, 1]"
video_conferencing,VLC_Teams,/indian-slp/Users/ug/ZEPA/Kritik/net_data/5G_Traffic_Datasets/VLC_Teams/teams_linux_20m_01.csv,test,0,0.010007,True,2,0,0,48,3,98,0.209224,"[74, 74, 66, 66, 60, 60, 732, 732, 60, 60, 1506, 1506, 1506, 1506, 1506, 1506, 256, 1506, 1506, 256, 60, 60, 60, 60, 60, 60, 60, 60, 60, 60, 134, 224, 134, 224, 513, 60, 116, 116, 60, 513, 85, 60, 60, 85, 85, 85, 60, 60]","[0.0, 0.0, 0.010007, 0.0, 0.002169, 0.0, 0.0, 0.0, 0.009661, 0.0, 0.002918, 0.0, 0.0, 0.0, 7.3e-05, 0.0, 0.000189, 0.0, 0.0, 0.0, 0.001225, 0.0, 0.0, 0.0, 0.0, 0.0, 0.0, 0.0, 0.0, 0.0, 0.002973, 0.0, 0.0, 0.0, 0.010702, 0.0, 0.0, 0.0, 0.0, 0.0, 0.002447, 0.0, 0.0, 0.0, 0.008808, 0.0, 0.04253, 0.0]","[1, 1, -1, -1, 1, 1, 1, 1, -1, -1, -1, -1, -1, -1, -1, -1, -1, -1, -1, -1, 1, 1, 1, 1, 1, 1, 1, 1, 1, 1, 1, 1, 1, 1, -1, -1, -1, -1, -1, -1, 1, 1, 1, 1, -1, -1, 1, 1]"
video_conferencing,VLC_Teams,/indian-slp/Users/ug/ZEPA/Kritik/net_data/5G_Traffic_Datasets/VLC_Teams/teams_linux_20m_01.csv,test,1,0.212672,True,0,0,0,48,3,98,0.209224,"[1166, 1166, 202, 202, 194, 194, 198, 198, 190, 1010, 1010, 190, 202, 202, 206, 206, 190, 190, 802, 802, 198, 198, 202, 202, 198, 198, 722, 722, 722, 722, 194, 194, 138, 138, 206, 206, 202, 202, 762, 762, 762, 762, 206, 206, 186, 186, 210, 210, 1298, 1298, 206, 206, 210, 210, 198, 198, 198, 198, 194, 194, 758, 758, 758, 758]","[0.0, 0.0, 0.012574, 0.0, 0.01914, 0.0, 0.011034, 0.0, 0.021327, 0.0, 0.0, 0.0, 0.021241, 0.0, 0.021268, 0.0, 0.021366, 0.0, 0.004574, 0.0, 0.016747, 0.0, 0.021503, 0.0, 0.021163, 0.0, 0.009015, 0.0, 0.0, 0.0, 0.00224, 0.0, 0.00948, 0.0, 0.011332, 0.0, 0.021725, 0.0, 0.01881, 0.0, 0.0, 0.0, 0.001697, 0.0, 0.004196, 0.0, 0.017819, 0.0, 0.012981, 0.0, 0.008245, 0.0, 0.021027, 0.0, 0.021777, 0.0, 0.010186, 0.0, 0.021286, 0.0, 0.017186, 0.0, 0.0, 0.0]","[1, 1, 1, 1, 1, 1, 1, 1, 1, 1, 1, 1, 1, 1, 1, 1, 1, 1, 1, 1, 1, 1, 1, 1, 1, 1, 1, 1, 1, 1, 1, 1, -1, -1, 1, 1, 1, 1, 1, 1, 1, 1, 1, 1, 1, 1, 1, 1, 1, 1, 1, 1, 1, 1, 1, 1, 1, 1, 1, 1, 1, 1, 1, 1]"
video_conferencing,VLC_Teams,/indian-slp/Users/ug/ZEPA/Kritik/net_data/5G_Traffic_Datasets/VLC_Teams/teams_linux_20m_01.csv,test,0,0.014034,True,0,4,0,48,3,98,0.209224,"[66, 66, 66, 66, 66, 66, 66, 66, 66, 66, 66, 66, 66, 66, 66, 66, 66, 66]","[0.0, 0.0, 0.014034, 0.0, 10.226078, 0.0, 0.013956, 0.0, 10.226045, 0.0, 0.013834, 0.0, 2.977545, 0.0, 0.019137, 0.0, 0.001384, 0.0]","[1, 1, -1, -1, 1, 1, -1, -1, 1, 1, -1, -1, 1, 1, -1, -1, 1, 1]"
video_conferencing,VLC_Teams,/indian-slp/Users/ug/ZEPA/Kritik/net_data/5G_Traffic_Datasets/VLC_Teams/teams_linux_20m_01.csv,test,0,0.030083,True,0,0,0,48,3,98,0.209224,"[97, 97, 93, 93, 60, 60, 97, 97, 93, 93, 60, 60, 97, 97, 93, 93, 60, 60, 97, 97, 93, 93, 60, 60, 97, 97, 93, 93, 60, 60, 97, 97, 93, 93, 60, 60, 97, 97, 93, 93, 60, 60, 97, 97, 93, 93, 60, 60, 97, 97, 93, 93, 60, 60, 97, 97, 93, 93, 60, 60, 97, 97, 93, 93]","[0.0, 0.0, 0.030083, 0.0, 0.041869, 0.0, 14.960638, 0.0, 0.029725, 0.0, 0.00147, 0.0, 15.005997, 0.0, 0.030179, 0.0, 0.001454, 0.0, 15.001735, 0.0, 0.030362, 0.0, 0.002293, 0.0, 15.002127, 0.0, 0.035127, 0.0, 0.001783, 0.0, 15.008754, 0.0, 0.030292, 0.0, 0.001445, 0.0, 15.00847, 0.0, 0.031507, 0.0, 0.001055, 0.0, 15.001683, 0.0, 0.029917, 0.0, 0.001385, 0.0, 15.001244, 0.0, 0.030684, 0.0, 0.001366, 0.0, 15.001221, 0.0, 0.030386, 0.0, 0.00131, 0.0, 15.009739, 0.0, 0.030572, 0.0]","[1, 1, -1, -1, 1, 1, 1, 1, -1, -1, 1, 1, 1, 1, -1, -1, 1, 1, 1, 1, -1, -1, 1, 1, 1, 1, -1, -1, 1, 1, 1, 1, -1, -1, 1, 1, 1, 1, -1, -1, 1, 1, 1, 1, -1, -1, 1, 1, 1, 1, -1, -1, 1, 1, 1, 1, -1, -1, 1, 1, 1, 1, -1, -1]"
video_conferencing,VLC_Teams,/indian-slp/Users/ug/ZEPA/Kritik/net_data/5G_Traffic_Datasets/VLC_Teams/teams_linux_20m_01.csv,test,0,0.036802,True,0,0,0,48,3,98,0.209224,"[374, 374, 66, 66, 227, 227, 295, 380, 380, 1494, 1494, 295, 1494, 1494, 1494, 1494, 1494, 1494, 1494, 1494, 1494, 1494, 1494, 1494, 1494, 1494, 66, 66, 66, 66, 66, 66, 66, 66, 1494, 1494, 1494, 1494, 595, 1494, 1494, 595, 66, 66, 66, 66, 215, 215, 66, 66, 244, 244, 204, 204, 281, 104, 104, 281, 66, 66, 66, 66, 163, 163]","[0.0, 0.0, 0.036802, 0.0, 0.000209, 0.0, 0.002671, 0.0, 0.0, 0.0, 0.0, 0.0, 0.000138, 0.0, 9.6e-05, 0.0, 0.0, 0.0, 0.0, 0.0, 0.000115, 0.0, 0.0, 0.0, 0.001875, 0.0, 0.035073, 0.0, 0.000713, 0.0, 0.000427, 0.0, 0.0, 0.0, 0.000431, 0.0, 0.000129, 0.0, 0.0, 0.0, 0.0, 0.0, 0.037675, 0.0, 0.000761, 0.0, 0.123591, 0.0, 0.044484, 0.0, 0.08472, 0.0, 0.04077, 0.0, 0.002276, 0.0, 0.0, 0.0, 0.0, 0.0, 0.036882, 0.0, 0.016514, 0.0]","[1, 1, -1, -1, -1, -1, 1, 1, 1, 1, 1, 1, 1, 1, 1, 1, 1, 1, 1, 1, 1, 1, 1, 1, 1, 1, -1, -1, -1, -1, -1, -1, -1, -1, 1, 1, 1, 1, 1, 1, 1, 1, -1, -1, -1, -1, -1, -1, 1, 1, 1, 1, -1, -1, 1, 1, 1, 1, 1, 1, -1, -1, -1, -1]"
video_conferencing,VLC_Teams,/indian-slp/Users/ug/ZEPA/Kritik/net_data/5G_Traffic_Datasets/VLC_Teams/teams_linux_20m_01.csv,test,0,0.013588,True,0,4,0,48,3,98,0.209224,"[66, 66, 66, 66, 66, 66, 66, 66, 66, 66, 66, 66, 66, 66, 66, 66, 66, 66]","[0.0, 0.0, 0.013588, 0.0, 10.226582, 0.0, 0.013559, 0.0, 10.225713, 0.0, 0.014264, 0.0, 3.394999, 0.0, 0.017006, 0.0, 0.001904, 0.0]","[1, 1, -1, -1, 1, 1, -1, -1, 1, 1, -1, -1, 1, 1, -1, -1, 1, 1]"
video_conferencing,VLC_Teams,/indian-slp/Users/ug/ZEPA/Kritik/net_data/5G_Traffic_Datasets/VLC_Teams/teams_linux_20m_01.csv,test,0,0.013588,True,0,4,0,48,3,98,0.209224,"[66, 66, 66, 66, 66, 66, 66, 66, 66, 66, 66, 66, 66, 66, 66, 66, 66, 66]","[0.0, 0.0, 0.013588, 0.0, 10.226582, 0.0, 0.013559, 0.0, 10.225713, 0.0, 0.014264, 0.0, 3.394999, 0.0, 0.01762, 0.0, 0.00129, 0.0]","[1, 1, -1, -1, 1, 1, -1, -1, 1, 1, -1, -1, 1, 1, -1, -1, 1, 1]"
video_conferencing,VLC_Teams,/indian-slp/Users/ug/ZEPA/Kritik/net_data/5G_Traffic_Datasets/VLC_Teams/teams_linux_20m_01.csv,test,0,0.013981,True,0,4,0,48,3,98,0.209224,"[66, 66, 66, 66, 66, 66, 66, 66, 66, 66, 66, 66, 66, 66, 66, 66, 66, 66, 66, 66, 66, 66]","[0.0, 0.0, 0.013981, 0.0, 10.225022, 0.0, 0.013703, 0.0, 10.22655, 0.0, 0.013825, 0.0, 10.2263, 0.0, 0.013575, 0.0, 3.161592, 0.0, 0.015068, 0.0, 0.001422, 0.0]","[1, 1, -1, -1, 1, 1, -1, -1, 1, 1, -1, -1, 1, 1, -1, -1, 1, 1, -1, -1, 1, 1]"
video_conferencing,VLC_Teams,/indian-slp/Users/ug/ZEPA/Kritik/net_data/5G_Traffic_Datasets/VLC_Teams/teams_linux_20m_01.csv,test,0,0.014329,True,0,4,0,48,3,98,0.209224,"[66, 66, 66, 66, 66, 66, 66, 66, 66, 66, 66, 66, 66, 66, 66, 66, 66, 66, 66, 66, 66, 66, 66, 66, 66, 66, 66, 66, 66, 66, 66, 66, 66, 66]","[0.0, 0.0, 0.014329, 0.0, 10.22673, 0.0, 0.014167, 0.0, 10.224964, 0.0, 0.014374, 0.0, 10.225743, 0.0, 0.014464, 0.0, 10.226646, 0.0, 0.014001, 0.0, 10.225056, 0.0, 0.014539, 0.0, 10.226652, 0.0, 0.014099, 0.0, 2.928912, 0.0, 0.014463, 0.0, 0.001232, 0.0]","[1, 1, -1, -1, 1, 1, -1, -1, 1, 1, -1, -1, 1, 1, -1, -1, 1, 1, -1, -1, 1, 1, -1, -1, 1, 1, -1, -1, 1, 1, -1, -1, 1, 1]"
video_conferencing,VLC_Teams,/indian-slp/Users/ug/ZEPA/Kritik/net_data/5G_Traffic_Datasets/VLC_Teams/teams_linux_20m_01.csv,test,0,0.01418,True,0,4,0,48,3,98,0.209224,"[66, 66, 66, 66, 66, 66, 66, 66, 66, 66, 66, 66, 66, 66, 66, 66, 66, 66, 66, 66, 66, 66, 66, 66, 66, 66, 66, 66, 66, 66, 66, 66, 66, 66]","[0.0, 0.0, 0.01418, 0.0, 10.226879, 0.0, 0.014013, 0.0, 10.225118, 0.0, 0.014374, 0.0, 10.225743, 0.0, 0.014464, 0.0, 10.226646, 0.0, 0.014001, 0.0, 10.225056, 0.0, 0.014232, 0.0, 10.226959, 0.0, 0.014073, 0.0, 2.928938, 4.5e-05, 0.014225, 0.0, 0.001425, 0.0]","[1, 1, -1, -1, 1, 1, -1, -1, 1, 1, -1, -1, 1, 1, -1, -1, 1, 1, -1, -1, 1, 1, -1, -1, 1, 1, -1, -1, 1, 1, -1, -1, 1, 1]"
video_conferencing,VLC_Teams,/indian-slp/Users/ug/ZEPA/Kritik/net_data/5G_Traffic_Datasets/VLC_Teams/teams_linux_20m_01.csv,test,0,0.006811,True,0,4,0,48,3,98,0.209224,"[66, 66, 66, 66, 66, 66, 66, 66, 66, 66, 66, 66, 66, 66, 66, 66, 66, 66, 66, 66, 66, 66]","[0.0, 0.0, 0.006811, 0.0, 10.233637, 0.0, 0.006746, 0.0, 10.231987, 0.0, 0.006018, 0.0, 10.234103, 0.0, 0.006348, 0.0, 2.12183, 0.0, 0.006569, 0.0, 0.001512, 0.0]","[1, 1, -1, -1, 1, 1, -1, -1, 1, 1, -1, -1, 1, 1, -1, -1, 1, 1, -1, -1, 1, 1]"
video_conferencing,VLC_Teams,/indian-slp/Users/ug/ZEPA/Kritik/net_data/5G_Traffic_Datasets/VLC_Teams/teams_linux_20m_01.csv,test,0,0.006136,True,0,4,0,48,3,98,0.209224,"[66, 66, 66, 66, 66, 66, 66, 66, 66, 66, 66, 66]","[0.0, 0.0, 0.006136, 0.0, 3.775127, 0.0, 0.047335, 0.0, 0.011373, 0.0, 0.00139, 0.0]","[1, 1, -1, -1, 1, 1, -1, -1, -1, -1, 1, 1]"
video_conferencing,VLC_Teams,/indian-slp/Users/ug/ZEPA/Kritik/net_data/5G_Traffic_Datasets/VLC_Teams/teams_linux_20m_01.csv,test,0,0.006281,True,0,4,0,48,3,98,0.209224,"[66, 66, 66, 66, 66, 66, 66, 66, 66, 66]","[0.0, 0.0, 0.006281, 0.0, 2.774976, 0.0, 0.008211, 0.0, 0.000945, 0.0]","[1, 1, -1, -1, 1, 1, -1, -1, 1, 1]"
video_conferencing,VLC_Teams,/indian-slp/Users/ug/ZEPA/Kritik/net_data/5G_Traffic_Datasets/VLC_Teams/teams_linux_20m_01.csv,test,0,0.006136,True,0,4,0,48,3,98,0.209224,"[66, 66, 66, 66, 66, 66, 66, 66, 66, 66]","[0.0, 0.0, 0.006136, 0.0, 2.775072, 4.9e-05, 0.015532, 0.0, 0.001378, 0.0]","[1, 1, -1, -1, 1, 1, -1, -1, 1, 1]"
video_conferencing,VLC_Teams,/indian-slp/Users/ug/ZEPA/Kritik/net_data/5G_Traffic_Datasets/VLC_Teams/teams_linux_20m_01.csv,test,0,0.006481,True,0,4,0,48,3,98,0.209224,"[66, 66, 66, 66, 66, 66, 66, 66, 66, 66]","[0.0, 0.0, 0.006481, 0.0, 2.262785, 0.0, 0.00826, 0.0, 0.000945, 0.0]","[1, 1, -1, -1, 1, 1, -1, -1, 1, 1]"
video_conferencing,VLC_Teams,/indian-slp/Users/ug/ZEPA/Kritik/net_data/5G_Traffic_Datasets/VLC_Teams/teams_linux_20m_01.csv,test,0,0.013441,True,0,4,0,48,3,98,0.209224,"[66, 66, 66, 66, 66, 66, 66, 66, 66, 66]","[0.0, 0.0, 0.013441, 0.0, 3.255848, 3.2e-05, 0.01542, 0.0, 0.00138, 0.0]","[1, 1, -1, -1, 1, 1, -1, -1, 1, 1]"
video_conferencing,VLC_Teams,/indian-slp/Users/ug/ZEPA/Kritik/net_data/5G_Traffic_Datasets/VLC_Teams/teams_linux_20m_01.csv,test,0,0.006637,True,0,4,0,48,3,98,0.209224,"[66, 66, 66, 66, 66, 66, 66, 66, 66, 66]","[0.0, 0.0, 0.006637, 0.0, 2.262629, 4.9e-05, 0.015532, 0.0, 0.001378, 0.0]","[1, 1, -1, -1, 1, 1, -1, -1, 1, 1]"
video_conferencing,VLC_Teams,/indian-slp/Users/ug/ZEPA/Kritik/net_data/5G_Traffic_Datasets/VLC_Teams/teams_linux_20m_01.csv,test,0,0.006481,True,0,4,0,48,3,98,0.209224,"[66, 66, 66, 66, 66, 66, 66, 66, 66, 66]","[0.0, 0.0, 0.006481, 0.0, 2.262785, 0.0, 0.006783, 0.0, 0.002422, 0.0]","[1, 1, -1, -1, 1, 1, -1, -1, 1, 1]"
video_conferencing,VLC_Teams,/indian-slp/Users/ug/ZEPA/Kritik/net_data/5G_Traffic_Datasets/VLC_Teams/teams_linux_20m_01.csv,test,0,0.011914,True,0,4,0,48,3,98,0.209224,"[66, 66, 66, 66, 66, 66, 66, 66, 66, 66]","[0.0, 0.0, 0.011914, 0.0, 2.719276, 0.0, 0.014797, 0.0, 0.001393, 0.0]","[1, 1, -1, -1, 1, 1, -1, -1, 1, 1]"
video_conferencing,VLC_Teams,/indian-slp/Users/ug/ZEPA/Kritik/net_data/5G_Traffic_Datasets/VLC_Teams/teams_linux_20m_01.csv,test,0,0.00579,True,0,0,2,48,3,98,0.209224,"[93, 93, 60, 60, 93, 93, 60, 60, 60, 60]","[0.0, 0.0, 0.00579, 0.0, 0.0, 0.0, 0.001348, 0.0, 5.058021, 0.0]","[1, 1, -1, -1, -1, -1, 1, 1, -1, -1]"
video_conferencing,VLC_Teams,/indian-slp/Users/ug/ZEPA/Kritik/net_data/5G_Traffic_Datasets/VLC_Teams/teams_linux_20m_01.csv,test,0,0.005898,True,0,0,2,48,3,98,0.209224,"[93, 93, 60, 60, 93, 93, 60, 60, 60, 60]","[0.0, 2.4e-05, 0.005874, 0.0, 0.000209, 0.0, 0.001031, 0.0, 5.685825, 0.0]","[1, 1, -1, -1, -1, -1, 1, 1, -1, -1]"
video_conferencing,VLC_Teams,/indian-slp/Users/ug/ZEPA/Kritik/net_data/5G_Traffic_Datasets/VLC_Teams/teams_linux_20m_01.csv,test,0,0.057357,True,0,0,2,48,3,98,0.209224,"[93, 93, 93, 93, 60, 60, 60, 60]","[0.0, 0.0, 0.057357, 0.0, 0.001597, 0.0, 11.341486, 0.0]","[1, 1, -1, -1, 1, 1, -1, -1]"
video_conferencing,VLC_Teams,/indian-slp/Users/ug/ZEPA/Kritik/net_data/5G_Traffic_Datasets/VLC_Teams/teams_linux_20m_01.csv,test,0,0.005898,True,0,0,2,48,3,98,0.209224,"[93, 93, 93, 93, 60, 60, 60, 60, 60, 60]","[0.0, 0.0, 0.005898, 0.0, 0.0, 0.0, 0.00124, 0.0, 9.282226, 0.0]","[1, 1, -1, -1, -1, -1, 1, 1, -1, -1]"
video_conferencing,VLC_Teams,/indian-slp/Users/ug/ZEPA/Kritik/net_data/5G_Traffic_Datasets/VLC_Teams/teams_linux_20m_01.csv,test,0,0.053047,True,0,0,2,48,3,98,0.209224,"[93, 93, 93, 93, 60, 60, 60, 60]","[0.0, 0.0, 0.053047, 0.0, 0.001417, 0.0, 11.419476, 0.0]","[1, 1, -1, -1, 1, 1, -1, -1]"
video_conferencing,VLC_Teams,/indian-slp/Users/ug/ZEPA/Kritik/net_data/5G_Traffic_Datasets/VLC_Teams/teams_linux_20m_01.csv,test,0,0.005632,True,0,0,2,48,3,98,0.209224,"[93, 93, 60, 60, 93, 93, 60, 60, 60, 60]","[0.0, 2.4e-05, 0.005608, 0.0, 0.000266, 0.0, 0.00124, 0.0, 7.006562, 0.0]","[1, 1, -1, -1, -1, -1, 1, 1, -1, -1]"
video_conferencing,VLC_Teams,/indian-slp/Users/ug/ZEPA/Kritik/net_data/5G_Traffic_Datasets/VLC_Teams/teams_linux_20m_01.csv,test,0,0.106535,True,0,0,2,48,3,98,0.209224,"[105, 105, 66, 105, 66, 105, 60, 60]","[0.0, 0.0, 0.106535, 0.0, 0.0, 0.0, 10.858129, 0.0]","[1, 1, 1, -1, 1, -1, -1, -1]"
video_conferencing,VLC_Teams,/indian-slp/Users/ug/ZEPA/Kritik/net_data/5G_Traffic_Datasets/VLC_Teams/teams_linux_20m_01.csv,test,0,0.106535,True,0,0,2,48,3,98,0.209224,"[105, 105, 66, 105, 66, 105, 60, 60]","[0.0, 0.0, 0.106535, 0.0, 0.0, 0.0, 10.520456, 0.0]","[1, 1, 1, -1, 1, -1, -1, -1]"
video_conferencing,VLC_Teams,/indian-slp/Users/ug/ZEPA/Kritik/net_data/5G_Traffic_Datasets/VLC_Teams/teams_linux_20m_01.csv,test,0,0.009813,True,0,4,2,48,3,98,0.209224,"[105, 105, 105, 105, 66, 66, 90, 90, 66, 66, 90, 66, 66, 105, 105, 66, 90, 66, 60, 60]","[0.0, 0.0, 0.009813, 0.0, 0.001397, 0.0, 3.202214, 0.0, 5.2e-05, 0.0, 0.001503, 0.0, 0.0, 0.0, 0.0, 0.0, 0.0, 0.0, 0.00717, 0.0]","[1, 1, -1, -1, 1, 1, -1, -1, -1, -1, 1, 1, 1, 1, 1, 1, 1, 1, -1, -1]"
video_conferencing,VLC_Teams,/indian-slp/Users/ug/ZEPA/Kritik/net_data/5G_Traffic_Datasets/VLC_Teams/teams_linux_20m_01.csv,test,0,0.032466,True,0,0,2,48,3,98,0.209224,"[105, 105, 105, 105, 66, 66, 60, 60]","[0.0, 0.0, 0.032466, 0.0, 0.001482, 0.0, 6.579737, 0.0]","[1, 1, -1, -1, 1, 1, -1, -1]"
video_conferencing,VLC_Teams,/indian-slp/Users/ug/ZEPA/Kritik/net_data/5G_Traffic_Datasets/VLC_Teams/teams_linux_20m_01.csv,test,0,0.005679,True,0,0,2,48,3,98,0.209224,"[93, 93, 60, 60, 93, 93, 60, 60, 60, 60]","[0.0, 0.0, 0.005679, 0.0, 0.0, 0.0, 0.00117, 0.0, 7.698409, 0.0]","[1, 1, -1, -1, -1, -1, 1, 1, -1, -1]"
video_conferencing,VLC_Teams,/indian-slp/Users/ug/ZEPA/Kritik/net_data/5G_Traffic_Datasets/VLC_Teams/teams_linux_20m_01.csv,test,0,0.009006,True,0,4,0,48,3,98,0.209224,"[105, 105, 90, 66, 90, 66, 66, 66, 66, 66, 66, 66, 66, 66]","[0.0, 3.6e-05, 0.00154, 0.0, 0.0, 0.0, 0.00743, 0.0, 0.0, 0.0, 0.000219, 0.0, 0.001258, 0.0]","[1, 1, 1, 1, 1, 1, -1, -1, -1, -1, -1, -1, 1, 1]"
video_conferencing,VLC_Teams,/indian-slp/Users/ug/ZEPA/Kritik/net_data/5G_Traffic_Datasets/VLC_Teams/teams_linux_20m_01.csv,test,0,0.009492,True,0,4,0,48,3,98,0.209224,"[105, 105, 66, 66, 90, 90, 66, 66, 66, 66, 66, 66, 66, 66]","[0.0, 3.6e-05, 0.001567, 0.0, 0.0, 0.0, 0.007889, 0.0, 0.0, 0.0, 0.00046, 0.0, 0.000531, 0.0]","[1, 1, 1, 1, 1, 1, -1, -1, -1, -1, -1, -1, 1, 1]"
video_conferencing,VLC_Teams,/indian-slp/Users/ug/ZEPA/Kritik/net_data/5G_Traffic_Datasets/VLC_Teams/teams_linux_20m_01.csv,test,0,0.007121,True,0,4,0,48,3,98,0.209224,"[105, 105, 90, 66, 90, 66, 66, 66, 66, 66, 66, 66]","[0.0, 0.0, 3.6e-05, 0.0, 0.0, 0.0, 0.007085, 0.0, 0.0, 0.0, 0.001445, 0.0]","[1, 1, 1, 1, 1, 1, -1, -1, -1, -1, 1, 1]"
video_conferencing,VLC_Teams,/indian-slp/Users/ug/ZEPA/Kritik/net_data/5G_Traffic_Datasets/VLC_Teams/teams_linux_20m_01.csv,test,0,0.052866,True,0,0,2,48,3,98,0.209224,"[105, 105, 105, 105, 66, 66, 60, 60]","[0.0, 0.0, 0.052866, 0.0, 0.001545, 0.0, 6.449229, 0.0]","[1, 1, -1, -1, 1, 1, -1, -1]"
video_conferencing,VLC_Teams,/indian-slp/Users/ug/ZEPA/Kritik/net_data/5G_Traffic_Datasets/VLC_Teams/teams_linux_20m_01.csv,test,0,0.043068,True,0,0,2,48,3,98,0.209224,"[105, 105, 105, 105, 66, 66, 60, 60]","[0.0, 0.0, 0.043068, 0.0, 0.001371, 0.0, 9.836629, 0.0]","[1, 1, -1, -1, 1, 1, -1, -1]"
video_conferencing,VLC_Teams,/indian-slp/Users/ug/ZEPA/Kritik/net_data/5G_Traffic_Datasets/VLC_Teams/teams_linux_20m_01.csv,test,0,0.010866,True,0,4,0,48,3,98,0.209224,"[105, 105, 66, 66, 90, 90, 66, 66, 66, 66, 66, 66]","[0.0, 0.0, 0.001576, 0.0, 0.0, 0.0, 0.00929, 0.0, 0.0, 0.0, 0.001523, 0.0]","[1, 1, 1, 1, 1, 1, -1, -1, -1, -1, 1, 1]"
video_conferencing,VLC_Teams,/indian-slp/Users/ug/ZEPA/Kritik/net_data/5G_Traffic_Datasets/VLC_Teams/teams_linux_20m_01.csv,test,0,0.016821,True,0,4,0,48,3,98,0.209224,"[112, 112, 66, 97, 66, 97, 66, 66, 66, 66, 66, 66]","[0.0, 0.0, 0.00154, 0.0, 2.7e-05, 0.0, 0.015254, 0.0, 0.0, 0.0, 0.001386, 0.0]","[1, 1, 1, 1, 1, 1, -1, -1, -1, -1, 1, 1]"
video_conferencing,VLC_Teams,/indian-slp/Users/ug/ZEPA/Kritik/net_data/5G_Traffic_Datasets/VLC_Teams/teams_linux_20m_01.csv,test,0,0.009683,True,0,4,0,48,3,98,0.209224,"[105, 105, 90, 90, 66, 66, 66, 66, 66, 66, 66, 66]","[0.0, 0.0, 0.001567, 0.0, 0.001245, 0.0, 0.006871, 0.0, 0.0, 0.0, 0.000764, 0.0]","[1, 1, 1, 1, 1, 1, -1, -1, -1, -1, 1, 1]"
video_conferencing,VLC_Teams,/indian-slp/Users/ug/ZEPA/Kritik/net_data/5G_Traffic_Datasets/VLC_Teams/teams_linux_20m_01.csv,test,0,0.007079,True,0,4,0,48,3,98,0.209224,"[66, 105, 66, 90, 90, 105, 66, 66, 66, 66, 66, 66]","[0.0, 0.0, 0.0, 0.0, 0.0, 0.0, 0.007079, 0.0, 0.0, 0.0, 0.001394, 0.0]","[1, 1, 1, 1, 1, 1, -1, -1, -1, -1, 1, 1]"
video_conferencing,VLC_Teams,/indian-slp/Users/ug/ZEPA/Kritik/net_data/5G_Traffic_Datasets/VLC_Teams/teams_linux_20m_01.csv,test,0,0.125695,True,0,0,2,48,3,98,0.209224,"[105, 105, 105, 105, 66, 66, 60, 60]","[0.0, 0.0, 0.125695, 0.0, 0.001483, 0.0, 7.28879, 0.0]","[1, 1, -1, -1, 1, 1, -1, -1]"
video_conferencing,VLC_Teams,/indian-slp/Users/ug/ZEPA/Kritik/net_data/5G_Traffic_Datasets/VLC_Teams/teams_linux_20m_01.csv,test,0,0.007105,True,0,4,0,48,3,98,0.209224,"[105, 66, 105, 90, 90, 66, 66, 66, 66, 66, 66, 66]","[0.0, 0.0, 0.0, 0.0, 0.0, 0.0, 0.007105, 0.0, 0.0, 0.0, 0.001429, 0.0]","[1, 1, 1, 1, 1, 1, -1, -1, -1, -1, 1, 1]"
video_conferencing,VLC_Teams,/indian-slp/Users/ug/ZEPA/Kritik/net_data/5G_Traffic_Datasets/VLC_Teams/teams_linux_20m_01.csv,test,0,0.006832,True,0,4,0,48,3,98,0.209224,"[105, 105, 66, 90, 90, 66, 66, 66, 66, 66, 66, 66]","[0.0, 0.0, 4.5e-05, 0.0, 0.0, 0.0, 0.006787, 0.0, 0.0, 0.0, 0.001289, 0.0]","[1, 1, 1, 1, 1, 1, -1, -1, -1, -1, 1, 1]"
video_conferencing,VLC_Teams,/indian-slp/Users/ug/ZEPA/Kritik/net_data/5G_Traffic_Datasets/VLC_Teams/teams_linux_20m_01.csv,test,0,0.006416,True,0,4,0,48,3,98,0.209224,"[105, 105, 90, 66, 90, 66, 66, 66, 66, 66, 66, 66]","[0.0, 0.0, 0.0, 4.5e-05, 0.0, 0.0, 0.006371, 0.0, 0.0, 0.0, 0.000416, 2.2e-05]","[1, 1, 1, 1, 1, 1, -1, -1, -1, -1, 1, 1]"
video_conferencing,VLC_Teams,/indian-slp/Users/ug/ZEPA/Kritik/net_data/5G_Traffic_Datasets/VLC_Teams/teams_linux_20m_01.csv,test,0,0.032672,True,0,4,0,48,3,98,0.209224,"[90, 66, 66, 105, 90, 105, 66, 66, 66, 66, 66, 66]","[0.0, 0.0, 0.0, 0.0, 0.0, 0.0, 0.032672, 0.0, 0.0, 0.0, 0.001519, 0.0]","[1, 1, 1, 1, 1, 1, -1, -1, -1, -1, 1, 1]"
video_conferencing,VLC_Teams,/indian-slp/Users/ug/ZEPA/Kritik/net_data/5G_Traffic_Datasets/VLC_Teams/teams_linux_20m_01.csv,test,0,0.006752,True,0,4,0,48,3,98,0.209224,"[90, 105, 90, 66, 105, 66, 66, 66, 66, 66, 66, 66]","[0.0, 0.0, 0.0, 0.0, 0.0, 0.0, 0.006752, 0.0, 0.0, 0.0, 0.001454, 0.0]","[1, 1, 1, 1, 1, 1, -1, -1, -1, -1, 1, 1]"
video_conferencing,VLC_Teams,/indian-slp/Users/ug/ZEPA/Kritik/net_data/5G_Traffic_Datasets/VLC_Teams/teams_linux_20m_01.csv,test,0,0.006269,True,0,4,0,48,3,98,0.209224,"[90, 90, 105, 105, 66, 66, 66, 66, 66, 66, 66, 66]","[0.0, 0.0, 0.0, 0.0, 0.0, 0.0, 0.006269, 0.0, 0.0, 0.0, 0.001475, 0.0]","[1, 1, 1, 1, 1, 1, -1, -1, -1, -1, 1, 1]"
video_conferencing,VLC_Teams,/indian-slp/Users/ug/ZEPA/Kritik/net_data/5G_Traffic_Datasets/VLC_Teams/teams_linux_20m_01.csv,test,0,0.006579,True,0,4,0,48,3,98,0.209224,"[105, 90, 66, 66, 105, 90, 66, 66, 66, 66, 66, 66]","[0.0, 0.0, 0.0, 0.0, 0.0, 0.0, 0.006579, 0.0, 0.0, 0.0, 0.001088, 0.0]","[1, 1, 1, 1, 1, 1, -1, -1, -1, -1, 1, 1]"
video_conferencing,VLC_Teams,/indian-slp/Users/ug/ZEPA/Kritik/net_data/5G_Traffic_Datasets/VLC_Teams/teams_linux_20m_01.csv,test,0,0.006178,True,0,4,0,48,3,98,0.209224,"[90, 66, 105, 105, 66, 90, 66, 66, 66, 66, 66, 66]","[0.0, 0.0, 0.0, 0.0, 4.8e-05, 0.0, 0.00613, 0.0, 0.0, 0.0, 0.001489, 0.0]","[1, 1, 1, 1, 1, 1, -1, -1, -1, -1, 1, 1]"
video_conferencing,VLC_Teams,/indian-slp/Users/ug/ZEPA/Kritik/net_data/5G_Traffic_Datasets/VLC_Teams/teams_linux_20m_01.csv,test,0,0.033213,True,0,4,0,48,3,98,0.209224,"[105, 90, 66, 90, 105, 66, 66, 66, 66, 66, 66, 66]","[0.0, 0.0, 0.0, 0.0, 0.0, 4.9e-05, 0.033164, 0.0, 0.0, 0.0, 0.001458, 0.0]","[1, 1, 1, 1, 1, 1, -1, -1, -1, -1, 1, 1]"
video_conferencing,VLC_Teams,/indian-slp/Users/ug/ZEPA/Kritik/net_data/5G_Traffic_Datasets/VLC_Teams/teams_linux_20m_01.csv,test,0,0.014392,True,0,4,0,48,3,98,0.209224,"[90, 105, 105, 66, 66, 90, 66, 66, 66, 66, 66, 66]","[0.0, 0.0, 0.0, 4.9e-05, 0.0, 0.0, 0.014343, 0.0, 0.000114, 0.0, 0.001519, 0.0]","[1, 1, 1, 1, 1, 1, -1, -1, -1, -1, 1, 1]"
video_conferencing,VLC_Teams,/indian-slp/Users/ug/ZEPA/Kritik/net_data/5G_Traffic_Datasets/VLC_Teams/teams_linux_20m_01.csv,test,0,0.013789,True,0,4,0,48,3,98,0.209224,"[90, 66, 90, 105, 66, 105, 66, 66, 66, 66, 66, 66]","[0.0, 0.0, 0.0, 0.0, 0.0, 0.0, 0.013789, 0.0, 0.0, 0.0, 0.001453, 0.0]","[1, 1, 1, 1, 1, 1, -1, -1, -1, -1, 1, 1]"
video_conferencing,VLC_Teams,/indian-slp/Users/ug/ZEPA/Kritik/net_data/5G_Traffic_Datasets/VLC_Teams/teams_linux_20m_01.csv,test,0,0.015801,True,0,4,0,48,3,98,0.209224,"[105, 66, 66, 90, 105, 90, 66, 66, 66, 66, 66, 66]","[0.0, 0.0, 0.0, 0.0, 0.0, 0.0, 0.015801, 0.0, 0.00139, 0.0, 0.001485, 0.0]","[1, 1, 1, 1, 1, 1, -1, -1, -1, -1, 1, 1]"
video_conferencing,VLC_Teams,/indian-slp/Users/ug/ZEPA/Kritik/net_data/5G_Traffic_Datasets/VLC_Teams/teams_linux_20m_01.csv,test,0,0.006378,True,0,4,4,48,3,98,0.209224,"[112, 112, 97, 66, 66, 97, 66, 66, 66, 66, 66, 66, 97, 97, 66, 66, 60, 60, 60, 60]","[0.0, 0.0, 0.001504, 0.0, 0.0, 0.0, 0.004874, 0.0, 0.000928, 0.0, 0.0, 0.0, 0.00102, 0.0, 0.0, 0.0, 0.001158, 0.0, 0.0, 0.0]","[1, 1, 1, 1, 1, 1, -1, -1, -1, -1, -1, -1, -1, -1, -1, -1, 1, 1, 1, 1]"
video_conferencing,VLC_Teams,/indian-slp/Users/ug/ZEPA/Kritik/net_data/5G_Traffic_Datasets/VLC_Teams/teams_linux_20m_01.csv,test,0,0.006585,True,0,4,0,48,3,98,0.209224,"[66, 112, 97, 112, 66, 97, 66, 66, 66, 66, 66, 66]","[0.0, 0.0, 0.0, 0.0, 5.7e-05, 0.0, 0.006528, 0.0, 0.0, 0.0, 0.001443, 0.0]","[1, 1, 1, 1, 1, 1, -1, -1, -1, -1, 1, 1]"
video_conferencing,VLC_Teams,/indian-slp/Users/ug/ZEPA/Kritik/net_data/5G_Traffic_Datasets/VLC_Teams/teams_linux_20m_01.csv,test,0,0.014379,True,0,4,0,48,3,98,0.209224,"[112, 112, 66, 66, 97, 97, 66, 66, 66, 66, 66, 66, 66, 66]","[0.0, 0.0, 5.7e-05, 0.0, 0.0, 0.0, 0.014322, 0.0, 0.0, 0.0, 0.001171, 0.0, 0.000292, 0.0]","[1, 1, 1, 1, 1, 1, -1, -1, -1, -1, -1, -1, 1, 1]"
video_conferencing,VLC_Teams,/indian-slp/Users/ug/ZEPA/Kritik/net_data/5G_Traffic_Datasets/VLC_Teams/teams_linux_20m_01.csv,test,0,0.008028,True,0,4,0,48,3,98,0.209224,"[112, 112, 66, 97, 66, 97, 66, 66, 66, 66, 66, 66]","[0.0, 0.0, 5.7e-05, 0.0, 0.0, 0.0, 0.007971, 0.0, 0.0, 0.0, 0.001456, 0.0]","[1, 1, 1, 1, 1, 1, -1, -1, -1, -1, 1, 1]"
video_conferencing,VLC_Teams,/indian-slp/Users/ug/ZEPA/Kritik/net_data/5G_Traffic_Datasets/VLC_Teams/teams_linux_20m_01.csv,test,0,0.056117,True,0,4,8,48,3,98,0.209224,"[112, 112, 97, 66, 66, 97, 112, 112, 66, 66, 60, 60, 60, 60, 60, 60, 60, 60]","[0.0, 0.0, 0.001324, 0.0, 0.0, 0.0, 0.054793, 0.0, 0.0, 0.0, 0.000588, 0.0, 0.000483, 0.0, 0.000522, 0.0, 0.0, 0.0]","[1, 1, 1, 1, 1, 1, -1, -1, -1, -1, -1, -1, -1, -1, 1, 1, 1, 1]"
video_conferencing,VLC_Teams,/indian-slp/Users/ug/ZEPA/Kritik/net_data/5G_Traffic_Datasets/VLC_Teams/teams_linux_20m_01.csv,test,0,0.025969,True,0,0,2,48,3,98,0.209224,"[100, 100, 100, 100, 60, 60, 60, 60]","[0.0, 0.0, 0.025969, 0.0, 0.001372, 0.0, 9.221206, 0.0]","[1, 1, -1, -1, 1, 1, -1, -1]"
video_conferencing,VLC_Teams,/indian-slp/Users/ug/ZEPA/Kritik/net_data/5G_Traffic_Datasets/VLC_Teams/teams_linux_20m_01.csv,test,0,0.006219,True,0,4,4,48,3,98,0.209224,"[105, 105, 105, 105, 66, 66, 66, 90, 90, 66, 66, 105, 90, 66, 105, 66, 66, 90, 60, 60, 60, 60]","[0.0, 0.0, 0.006219, 0.0, 0.001376, 0.0, 3.799289, 0.0, 0.0, 0.0, 0.001373, 0.0, 0.0, 0.0, 0.0, 0.0, 0.0, 0.0, 0.005842, 0.0, 0.000405, 0.0]","[1, 1, -1, -1, 1, 1, -1, -1, -1, -1, 1, 1, 1, 1, 1, 1, 1, 1, -1, -1, -1, -1]"
video_conferencing,VLC_Teams,/indian-slp/Users/ug/ZEPA/Kritik/net_data/5G_Traffic_Datasets/VLC_Teams/teams_linux_20m_01.csv,test,0,0.014098,True,0,4,0,48,3,98,0.209224,"[90, 90, 66, 105, 105, 66, 66, 66, 66, 66, 66, 66]","[0.0, 0.0, 0.0, 0.0, 0.0, 0.0, 0.014098, 0.0, 0.000156, 0.0, 0.001704, 0.0]","[1, 1, 1, 1, 1, 1, -1, -1, -1, -1, 1, 1]"
video_conferencing,VLC_Teams,/indian-slp/Users/ug/ZEPA/Kritik/net_data/5G_Traffic_Datasets/VLC_Teams/teams_linux_20m_01.csv,test,0,0.006491,True,0,4,0,48,3,98,0.209224,"[90, 105, 90, 66, 105, 66, 66, 66, 66, 66, 66, 66]","[0.0, 0.0, 0.0, 0.0, 0.0, 0.0, 0.006491, 0.0, 0.0, 0.0, 0.001558, 0.0]","[1, 1, 1, 1, 1, 1, -1, -1, -1, -1, 1, 1]"
video_conferencing,VLC_Teams,/indian-slp/Users/ug/ZEPA/Kritik/net_data/5G_Traffic_Datasets/VLC_Teams/teams_linux_20m_01.csv,test,0,0.026902,True,2,4,0,48,3,98,0.209224,"[74, 74, 74, 74, 154, 66, 154, 66, 251, 251, 66, 66, 66, 66, 66, 66, 66, 66]","[0.0, 0.0, 0.026902, 0.0, 0.001407, 0.0, 0.0, 0.0, 0.026693, 0.0, 0.0, 0.0, 0.001406, 0.0, 0.0, 0.0, 0.030732, 0.0]","[1, 1, -1, -1, 1, 1, 1, 1, -1, -1, -1, -1, 1, 1, 1, 1, -1, -1]"
video_conferencing,VLC_Teams,/indian-slp/Users/ug/ZEPA/Kritik/net_data/5G_Traffic_Datasets/VLC_Teams/teams_linux_20m_01.csv,test,0,0.006393,True,0,0,2,48,3,98,0.209224,"[93, 93, 93, 93, 60, 60, 60, 60, 60, 60]","[0.0, 0.0, 0.006393, 0.0, 0.0, 0.0, 0.001425, 0.0, 8.470929, 0.0]","[1, 1, -1, -1, -1, -1, 1, 1, -1, -1]"
video_conferencing,VLC_Teams,/indian-slp/Users/ug/ZEPA/Kritik/net_data/5G_Traffic_Datasets/VLC_Teams/teams_linux_20m_01.csv,test,0,0.16169,True,0,0,2,48,3,98,0.209224,"[105, 105, 105, 105, 66, 66, 60, 60]","[0.0, 0.0, 0.16169, 0.0, 0.001387, 0.0, 4.788082, 0.0]","[1, 1, -1, -1, 1, 1, -1, -1]"
video_conferencing,VLC_Teams,/indian-slp/Users/ug/ZEPA/Kritik/net_data/5G_Traffic_Datasets/VLC_Teams/teams_linux_20m_01.csv,test,2,0.02827,True,0,0,0,48,3,98,0.209224,"[1294, 1294, 1294, 1294, 225, 225, 166, 613, 166, 613, 73, 73, 69, 69]","[0.0, 0.0, 0.02827, 0.0, 0.002992, 0.0, 0.006698, 0.0, 0.0, 0.0, 0.002272, 0.0, 0.023046, 0.0]","[1, 1, -1, -1, 1, 1, -1, -1, -1, -1, 1, 1, -1, -1]"
video_conferencing,VLC_Teams,/indian-slp/Users/ug/ZEPA/Kritik/net_data/5G_Traffic_Datasets/VLC_Teams/teams_linux_20m_01.csv,test,0,0.007285,True,2,0,2,48,3,98,0.209224,"[74, 74, 74, 74, 66, 66, 291, 291, 66, 66, 1466, 1466, 714, 714, 1042, 1042, 66, 66, 66, 66, 66, 66, 159, 159, 135, 376, 376, 135, 135, 135, 78, 78, 66, 66]","[0.0, 0.0, 0.007285, 0.0, 0.001546, 0.0, 5.6e-05, 0.0, 0.007216, 0.0, 0.00134, 0.0, 0.0, 0.0, 0.000127, 0.0, 0.001226, 0.0, 0.0, 0.0, 0.0, 0.0, 2e-05, 0.0, 0.00688, 0.0, 0.0, 0.0, 0.019673, 0.0, 0.001317, 0.0, 0.001329, 0.0]","[1, 1, -1, -1, 1, 1, 1, 1, -1, -1, -1, -1, -1, -1, -1, -1, 1, 1, 1, 1, 1, 1, 1, 1, -1, -1, -1, -1, -1, -1, 1, 1, 1, 1]"
video_conferencing,VLC_Teams,/indian-slp/Users/ug/ZEPA/Kritik/net_data/5G_Traffic_Datasets/VLC_Teams/teams_linux_20m_01.csv,test,0,0.007285,True,2,0,4,48,3,98,0.209224,"[74, 74, 74, 74, 291, 66, 66, 291, 66, 66, 1466, 714, 1466, 714, 1042, 1042, 66, 66, 66, 66, 66, 66, 159, 159, 376, 376, 135, 135, 66, 135, 135, 66, 60, 60]","[0.0, 0.0, 0.007285, 0.0, 0.001546, 0.0, 0.0, 0.0, 0.008338, 0.0, 0.000712, 0.0, 0.0, 0.0, 0.000114, 0.0, 0.000801, 0.0, 2e-05, 0.0, 0.0, 0.0, 0.001986, 0.0, 0.006774, 0.0, 0.000127, 0.0, 0.020312, 0.0, 0.0, 0.0, 0.001248, 0.0]","[1, 1, -1, -1, 1, 1, 1, 1, -1, -1, -1, -1, -1, -1, -1, -1, 1, 1, 1, 1, 1, 1, 1, 1, -1, -1, -1, -1, 1, -1, -1, 1, 1, 1]"
video_conferencing,VLC_Teams,/indian-slp/Users/ug/ZEPA/Kritik/net_data/5G_Traffic_Datasets/VLC_Teams/teams_linux_20m_01.csv,test,0,0.007445,True,2,0,4,48,3,98,0.209224,"[74, 74, 74, 74, 291, 66, 66, 291, 66, 66, 1466, 1466, 714, 714, 1042, 1042, 66, 66, 66, 66, 66, 66, 159, 159, 135, 376, 135, 376, 135, 135, 66, 66, 60, 60]","[0.0, 0.0, 0.007445, 0.0, 0.001386, 0.0, 0.0, 0.0, 0.008338, 0.0, 0.000591, 0.0, 0.000235, 0.0, 0.0, 0.0, 0.000801, 0.0, 2e-05, 0.0, 0.0, 0.0, 0.001986, 0.0, 0.006774, 0.0, 0.0, 0.0, 0.020439, 0.0, 0.0, 0.0, 0.001248, 0.0]","[1, 1, -1, -1, 1, 1, 1, 1, -1, -1, -1, -1, -1, -1, -1, -1, 1, 1, 1, 1, 1, 1, 1, 1, -1, -1, -1, -1, -1, -1, 1, 1, 1, 1]"
video_conferencing,VLC_Teams,/indian-slp/Users/ug/ZEPA/Kritik/net_data/5G_Traffic_Datasets/VLC_Teams/teams_linux_20m_01.csv,test,0,0.006879,True,2,0,2,48,3,98,0.209224,"[74, 74, 74, 74, 60, 60]","[0.0, 0.0, 0.006879, 0.0, 0.001259, 0.0]","[1, 1, -1, -1, 1, 1]"
video_conferencing,VLC_Teams,/indian-slp/Users/ug/ZEPA/Kritik/net_data/5G_Traffic_Datasets/VLC_Teams/teams_linux_20m_01.csv,test,0,0.006584,True,2,0,2,48,3,98,0.209224,"[74, 74, 74, 74, 60, 60]","[0.0, 0.0, 0.006584, 0.0, 0.001354, 0.0]","[1, 1, -1, -1, 1, 1]"
video_conferencing,VLC_Teams,/indian-slp/Users/ug/ZEPA/Kritik/net_data/5G_Traffic_Datasets/VLC_Teams/teams_linux_20m_01.csv,test,0,0.006389,True,2,4,4,48,3,98,0.209224,"[74, 74, 74, 74, 66, 291, 291, 66, 66, 66, 1466, 290, 1466, 1466, 290, 1466, 66, 66, 66, 66, 66, 66, 159, 159, 135, 361, 361, 135, 135, 135, 78, 78, 260, 66, 260, 66, 97, 97, 66, 66, 104, 104, 66, 66, 60, 60, 60, 60]","[0.0, 0.0, 0.006389, 0.0, 0.001008, 0.0, 0.0, 0.0, 0.007073, 0.0, 0.004337, 0.0, 0.0, 0.0, 0.0, 0.0, 0.00134, 0.0, 0.0, 0.0, 0.0, 0.0, 0.001792, 0.0, 0.006355, 0.0, 0.0, 0.0, 0.018965, 0.0, 0.001208, 0.0, 0.01355, 0.0, 0.0, 0.0, 0.0, 0.0, 0.006519, 0.0, 0.000143, 0.0, 0.000165, 0.0, 0.001034, 0.0, 0.0, 0.0]","[1, 1, -1, -1, 1, 1, 1, 1, -1, -1, -1, -1, -1, -1, -1, -1, 1, 1, 1, 1, 1, 1, 1, 1, -1, -1, -1, -1, -1, -1, 1, 1, 1, 1, 1, 1, 1, 1, -1, -1, -1, -1, -1, -1, 1, 1, 1, 1]"
video_conferencing,VLC_Teams,/indian-slp/Users/ug/ZEPA/Kritik/net_data/5G_Traffic_Datasets/VLC_Teams/teams_linux_20m_01.csv,test,0,0.006015,True,2,4,6,48,3,98,0.209224,"[74, 74, 74, 74, 66, 291, 291, 66, 66, 66, 714, 1466, 714, 1466, 1042, 1042, 66, 66, 66, 66, 66, 66, 159, 159, 135, 376, 135, 376, 135, 135, 78, 78, 260, 97, 97, 260, 66, 66, 66, 66, 104, 104, 66, 66, 66, 66, 60, 60, 60, 60, 60, 60]","[0.0, 0.0, 0.006015, 0.0, 0.001278, 0.0, 0.0, 0.0, 0.006333, 0.0, 0.003931, 0.0, 0.0, 0.0, 0.000117, 0.0, 0.000319, 0.0, 0.0, 0.0, 0.0, 0.0, 0.001782, 0.0, 0.006908, 0.0, 0.0, 0.0, 0.018393, 0.0, 0.001208, 0.0, 0.01355, 0.0, 0.0, 0.0, 3.6e-05, 0.0, 0.00623, 0.0, 0.000253, 0.0, 0.0, 0.0, 0.000308, 0.0, 0.001034, 0.0, 0.0, 0.0, 0.0, 0.0]","[1, 1, -1, -1, 1, 1, 1, 1, -1, -1, -1, -1, -1, -1, -1, -1, 1, 1, 1, 1, 1, 1, 1, 1, -1, -1, -1, -1, -1, -1, 1, 1, 1, 1, 1, 1, 1, 1, -1, -1, -1, -1, -1, -1, -1, -1, 1, 1, 1, 1, 1, 1]"
video_conferencing,VLC_Teams,/indian-slp/Users/ug/ZEPA/Kritik/net_data/5G_Traffic_Datasets/VLC_Teams/teams_linux_20m_01.csv,test,0,0.006281,True,2,4,4,48,3,98,0.209224,"[74, 74, 66, 66, 74, 74, 291, 291, 66, 66, 1466, 1466, 1466, 290, 1466, 290, 66, 66, 66, 66, 66, 66, 159, 159, 135, 135, 361, 361, 135, 135, 78, 78, 260, 66, 97, 97, 260, 66, 104, 66, 104, 66, 60, 60, 60, 60]","[0.0, 0.0, 0.006281, 0.0, 0.0, 0.0, 0.00127, 0.0, 0.005881, 0.0, 0.003166, 0.0, 0.000168, 0.0, 0.0, 0.0, 0.000613, 0.0, 0.0, 0.0, 0.0, 0.0, 0.001726, 0.0, 0.007919, 0.0, 0.0, 0.0, 0.016883, 0.0, 0.001749, 0.0, 0.006044, 0.0, 0.0, 0.0, 0.0, 0.0, 0.006437, 0.0, 0.0, 0.0, 0.001444, 0.0, 0.0, 0.0]","[1, 1, 1, 1, -1, -1, 1, 1, -1, -1, -1, -1, -1, -1, -1, -1, 1, 1, 1, 1, 1, 1, 1, 1, -1, -1, -1, -1, -1, -1, 1, 1, 1, 1, 1, 1, 1, 1, -1, -1, -1, -1, 1, 1, 1, 1]"
video_conferencing,VLC_Teams,/indian-slp/Users/ug/ZEPA/Kritik/net_data/5G_Traffic_Datasets/VLC_Teams/teams_linux_20m_01.csv,test,0,0.007073,True,2,4,4,48,3,98,0.209224,"[74, 74, 74, 74, 66, 66, 291, 291, 66, 66, 714, 714, 1466, 1466, 1042, 1042, 66, 66, 66, 66, 66, 66, 159, 159, 376, 376, 135, 135, 135, 135, 78, 78, 97, 66, 260, 260, 97, 66, 66, 104, 66, 66, 104, 66, 60, 60, 60, 60]","[0.0, 0.0, 0.007073, 0.0, 0.001339, 0.0, 0.0, 0.0, 0.00666, 0.0, 0.003507, 0.0, 0.0, 0.0, 0.00015, 0.0, 0.000272, 0.0, 0.0, 2.1e-05, 0.0, 0.0, 0.001418, 0.0, 0.006943, 0.0, 4.5e-05, 0.0, 0.018296, 0.0, 0.001311, 0.0, 0.003431, 0.0, 0.0, 0.0, 0.0, 0.0, 0.007261, 0.0, 0.0, 0.0, 0.0, 0.0, 0.001456, 0.0, 0.0, 0.0]","[1, 1, -1, -1, 1, 1, 1, 1, -1, -1, -1, -1, -1, -1, -1, -1, 1, 1, 1, 1, 1, 1, 1, 1, -1, -1, -1, -1, -1, -1, 1, 1, 1, 1, 1, 1, 1, 1, -1, -1, -1, -1, -1, -1, 1, 1, 1, 1]"
video_conferencing,VLC_Teams,/indian-slp/Users/ug/ZEPA/Kritik/net_data/5G_Traffic_Datasets/VLC_Teams/teams_linux_20m_01.csv,test,0,0.007205,True,2,4,4,48,3,98,0.209224,"[74, 74, 74, 74, 291, 66, 66, 291, 66, 66, 1466, 714, 714, 1466, 1042, 1042, 66, 66, 66, 159, 66, 66, 66, 159, 376, 135, 135, 376, 135, 135, 78, 78, 260, 260, 97, 66, 97, 66, 104, 104, 60, 60, 66, 66, 60, 60]","[0.0, 0.0, 0.007205, 0.0, 0.001207, 0.0, 0.0, 0.0, 0.006844, 0.0, 0.002323, 0.0, 0.0, 0.0, 0.000149, 0.0, 0.001273, 0.0, 0.0, 0.0, 0.0, 0.0, 0.0, 2.1e-05, 0.008148, 0.0, 0.0, 0.0, 0.018893, 0.0, 0.000972, 0.0, 0.001828, 0.0, 0.001603, 0.0, 0.0, 0.0, 0.005228, 0.0, 0.00105, 0.0, 0.001122, 0.0, 0.001317, 0.0]","[1, 1, -1, -1, 1, 1, 1, 1, -1, -1, -1, -1, -1, -1, -1, -1, 1, 1, 1, 1, 1, 1, 1, 1, -1, -1, -1, -1, -1, -1, 1, 1, 1, 1, 1, 1, 1, 1, -1, -1, 1, 1, -1, -1, 1, 1]"
video_conferencing,VLC_Teams,/indian-slp/Users/ug/ZEPA/Kritik/net_data/5G_Traffic_Datasets/VLC_Teams/teams_linux_20m_01.csv,test,0,0.00618,True,2,0,0,48,3,98,0.209224,"[74, 74, 74, 74, 505, 505, 66, 66, 66, 66, 955, 955, 66, 66, 505, 505, 66, 66, 955, 955, 66, 66, 66, 66, 66, 66, 66, 66, 66, 66, 505, 505, 66, 66, 955, 955, 66, 66, 66, 66, 66, 66, 66, 66, 66, 66, 66, 66, 66, 66, 66, 66, 66, 66, 66, 66, 66, 66, 66, 66, 66, 66, 66, 66]","[0.0, 0.0, 0.00618, 0.0, 0.000749, 0.0, 0.0, 0.0, 0.006203, 0.0, 0.002371, 0.0, 0.001371, 0.0, 0.006045, 0.0, 0.005737, 0.0, 0.001701, 0.0, 0.042071, 0.0, 10.103317, 0.0, 0.008196, 0.0, 10.23196, 0.0, 0.005634, 0.0, 3.233786, 0.0, 0.005687, 0.0, 0.003321, 0.0, 0.002258, 0.0, 10.062458, 0.0, 0.006468, 0.0, 10.232678, 0.0, 0.006027, 0.0, 10.235122, 0.0, 0.006615, 0.0, 10.232486, 0.0, 0.006029, 0.0, 10.234115, 0.0, 0.006036, 0.0, 10.235476, 0.0, 0.010564, 0.0, 10.229034, 0.0]","[1, 1, -1, -1, 1, 1, 1, 1, -1, -1, -1, -1, 1, 1, 1, 1, -1, -1, -1, -1, 1, 1, 1, 1, -1, -1, 1, 1, -1, -1, 1, 1, -1, -1, -1, -1, 1, 1, 1, 1, -1, -1, 1, 1, -1, -1, 1, 1, -1, -1, 1, 1, -1, -1, 1, 1, -1, -1, 1, 1, -1, -1, 1, 1]"
video_conferencing,VLC_Teams,/indian-slp/Users/ug/ZEPA/Kritik/net_data/5G_Traffic_Datasets/VLC_Teams/teams_linux_20m_01.csv,test,0,0.00618,True,2,0,0,48,3,98,0.209224,"[74, 74, 74, 74, 66, 66, 505, 505, 66, 66, 955, 955, 66, 66, 66, 66, 66, 66, 66, 66, 66, 66, 505, 505, 66, 66, 955, 955, 66, 66, 66, 66, 66, 66, 66, 66, 66, 66, 66, 66, 66, 66, 66, 66, 66, 66, 66, 66, 66, 66, 66, 66, 66, 66, 66, 66, 66, 66, 66, 66, 66, 66, 66, 66]","[0.0, 0.0, 0.00618, 0.0, 0.000749, 0.0, 4.2e-05, 0.0, 0.006321, 0.0, 0.002062, 0.0, 0.00152, 0.0, 10.158871, 0.0, 0.008196, 0.0, 10.23196, 0.0, 0.005634, 0.0, 3.213758, 0.0, 0.006204, 0.0, 0.001553, 0.0, 0.001395, 0.0, 10.019619, 0.0, 0.005621, 0.0, 10.298506, 0.0, 0.006027, 0.0, 10.235122, 0.0, 0.006615, 0.0, 10.232486, 0.0, 0.006029, 0.0, 10.234115, 0.0, 0.006036, 0.0, 10.235476, 0.0, 0.010564, 0.0, 10.229034, 0.0, 0.006616, 0.0, 10.232638, 0.0, 0.006127, 0.0, 10.234012, 0.0]","[1, 1, -1, -1, 1, 1, 1, 1, -1, -1, -1, -1, 1, 1, 1, 1, -1, -1, 1, 1, -1, -1, 1, 1, -1, -1, -1, -1, 1, 1, 1, 1, -1, -1, 1, 1, -1, -1, 1, 1, -1, -1, 1, 1, -1, -1, 1, 1, -1, -1, 1, 1, -1, -1, 1, 1, -1, -1, 1, 1, -1, -1, 1, 1]"
video_conferencing,VLC_Teams,/indian-slp/Users/ug/ZEPA/Kritik/net_data/5G_Traffic_Datasets/VLC_Teams/teams_linux_20m_01.csv,test,0,0.005547,True,2,0,0,48,3,98,0.209224,"[74, 74, 74, 74, 66, 505, 505, 66, 66, 66, 955, 955, 66, 66, 505, 505, 66, 66, 955, 955, 66, 66, 66, 66, 66, 66, 66, 66, 66, 66, 505, 505, 66, 66, 955, 955, 66, 66, 66, 66, 66, 66, 66, 66, 66, 66, 66, 66, 66, 66, 66, 66, 66, 66, 66, 66, 66, 66, 66, 66, 66, 66, 66, 66]","[0.0, 0.0, 0.005547, 0.0, 0.001382, 0.0, 0.0, 0.0, 0.005762, 0.0, 0.001316, 0.0, 0.001347, 0.0, 0.007565, 0.0, 0.00588, 0.0, 0.001401, 0.0, 0.042228, 0.0, 10.103317, 0.0, 0.008196, 0.0, 10.23196, 0.0, 0.00603, 0.0, 3.23339, 0.0, 0.005633, 0.0, 0.004629, 0.0, 0.001004, 0.0, 10.062458, 0.0, 0.006468, 0.0, 10.232678, 0.0, 0.006027, 0.0, 10.235122, 0.0, 0.006615, 0.0, 10.232486, 0.0, 0.006029, 0.0, 10.234115, 0.0, 0.005649, 0.0, 10.235863, 0.0, 0.010564, 0.0, 10.229034, 0.0]","[1, 1, -1, -1, 1, 1, 1, 1, -1, -1, -1, -1, 1, 1, 1, 1, -1, -1, -1, -1, 1, 1, 1, 1, -1, -1, 1, 1, -1, -1, 1, 1, -1, -1, -1, -1, 1, 1, 1, 1, -1, -1, 1, 1, -1, -1, 1, 1, -1, -1, 1, 1, -1, -1, 1, 1, -1, -1, 1, 1, -1, -1, 1, 1]"
video_conferencing,VLC_Teams,/indian-slp/Users/ug/ZEPA/Kritik/net_data/5G_Traffic_Datasets/VLC_Teams/teams_linux_20m_01.csv,test,0,0.013689,True,2,4,0,48,3,98,0.209224,"[74, 74, 74, 74, 66, 66, 761, 761, 66, 66, 1466, 1466, 1466, 352, 352, 1466, 66, 66, 66, 66, 66, 66, 130, 130, 253, 253, 652, 652, 97, 97, 66, 66, 90, 66, 66, 90, 66, 66, 66, 66]","[0.0, 0.0, 0.013689, 0.0, 0.000317, 0.0, 0.002519, 0.0, 0.013672, 0.0, 0.002326, 0.0, 0.000141, 0.0, 0.0, 0.0, 0.001532, 0.0, 0.0, 0.0, 0.0, 0.0, 0.018486, 0.0, 0.0, 0.0, 0.015561, 0.0, 0.000146, 0.0, 0.002015, 0.0, 0.0, 0.0, 0.0, 0.0, 0.013827, 0.0, 0.001355, 0.0]","[1, 1, -1, -1, 1, 1, 1, 1, -1, -1, -1, -1, -1, -1, -1, -1, 1, 1, 1, 1, 1, 1, 1, 1, 1, 1, -1, -1, -1, -1, 1, 1, 1, 1, 1, 1, -1, -1, 1, 1]"
video_conferencing,VLC_Teams,/indian-slp/Users/ug/ZEPA/Kritik/net_data/5G_Traffic_Datasets/VLC_Teams/teams_linux_20m_01.csv,test,0,0.013786,True,2,4,6,48,3,98,0.209224,"[74, 74, 74, 74, 66, 760, 66, 760, 66, 66, 350, 1466, 1466, 350, 1466, 1466, 66, 66, 66, 66, 66, 66, 253, 130, 130, 253, 652, 652, 97, 97, 66, 60, 60, 90, 66, 90, 66, 66, 66, 66, 60, 60, 60, 60]","[0.0, 0.0, 0.013786, 0.0, 0.002149, 0.0, 0.0, 0.0, 0.013749, 0.0, 0.006924, 0.0, 0.0, 0.0, 0.0, 0.0, 0.000581, 0.0, 0.0, 0.0, 0.0, 0.0, 0.003117, 0.0, 0.0, 0.0, 0.013928, 0.0, 0.001554, 0.0, 0.000304, 0.0, 0.0, 0.0, 0.0, 0.0, 0.013566, 0.0, 0.0, 0.0, 0.001347, 0.0, 0.0, 0.0]","[1, 1, -1, -1, 1, 1, 1, 1, -1, -1, -1, -1, -1, -1, -1, -1, 1, 1, 1, 1, 1, 1, 1, 1, 1, 1, -1, -1, -1, -1, 1, 1, 1, 1, 1, 1, -1, -1, -1, -1, 1, 1, 1, 1]"
video_conferencing,VLC_Teams,/indian-slp/Users/ug/ZEPA/Kritik/net_data/5G_Traffic_Datasets/VLC_Teams/teams_linux_20m_01.csv,test,0,0.036685,True,2,4,0,48,3,98,0.209224,"[74, 74, 74, 74, 154, 66, 154, 66, 255, 255, 66, 66, 66, 66, 66, 66, 66, 66]","[0.0, 0.0, 0.036685, 0.0, 0.001473, 0.0, 0.0, 0.0, 0.038073, 0.0, 0.0, 0.0, 0.001483, 0.0, 0.0, 0.0, 0.03649, 0.0]","[1, 1, -1, -1, 1, 1, 1, 1, -1, -1, -1, -1, 1, 1, 1, 1, -1, -1]"
video_conferencing,VLC_Teams,/indian-slp/Users/ug/ZEPA/Kritik/net_data/5G_Traffic_Datasets/VLC_Teams/teams_linux_20m_01.csv,test,0,0.006962,True,0,0,2,48,3,98,0.209224,"[93, 93, 93, 60, 93, 60, 60, 60, 60, 60]","[0.0, 0.0, 0.006962, 0.0, 0.0, 0.0, 0.001497, 0.0, 9.451158, 0.0]","[1, 1, -1, -1, -1, -1, 1, 1, -1, -1]"
video_conferencing,VLC_Teams,/indian-slp/Users/ug/ZEPA/Kritik/net_data/5G_Traffic_Datasets/VLC_Teams/teams_linux_20m_01.csv,test,0,0.007675,True,0,4,0,48,3,98,0.209224,"[97, 66, 112, 112, 97, 66, 66, 66, 66, 66, 66, 66]","[0.0, 0.0, 0.0, 0.0, 0.0, 0.0, 0.007675, 0.0, 0.0, 0.0, 0.001506, 0.0]","[1, 1, 1, 1, 1, 1, -1, -1, -1, -1, 1, 1]"
video_conferencing,VLC_Teams,/indian-slp/Users/ug/ZEPA/Kritik/net_data/5G_Traffic_Datasets/VLC_Teams/teams_linux_20m_01.csv,test,0,0.014245,True,0,4,0,48,3,98,0.209224,"[90, 105, 105, 66, 90, 66, 66, 66, 66, 66, 66, 66]","[0.0, 0.0, 0.0, 3.7e-05, 0.0, 0.0, 0.014208, 0.0, 0.0, 0.0, 0.001063, 0.0]","[1, 1, 1, 1, 1, 1, -1, -1, -1, -1, 1, 1]"
video_conferencing,VLC_Teams,/indian-slp/Users/ug/ZEPA/Kritik/net_data/5G_Traffic_Datasets/VLC_Teams/teams_linux_20m_01.csv,test,0,0.014042,True,0,4,0,48,3,98,0.209224,"[105, 105, 66, 90, 66, 90, 66, 66, 66, 66, 66, 66]","[0.0, 0.0, 3.7e-05, 0.0, 0.0, 0.0, 0.014005, 0.0, 0.0, 0.0, 0.001266, 0.0]","[1, 1, 1, 1, 1, 1, -1, -1, -1, -1, 1, 1]"
video_conferencing,VLC_Teams,/indian-slp/Users/ug/ZEPA/Kritik/net_data/5G_Traffic_Datasets/VLC_Teams/teams_linux_20m_01.csv,test,0,0.006418,True,0,4,0,48,3,98,0.209224,"[90, 105, 105, 90, 66, 66, 66, 66, 66, 66, 66, 66]","[0.0, 0.0, 0.0, 0.0, 0.0, 3.7e-05, 0.006381, 0.0, 0.000179, 0.0, 0.001345, 0.0]","[1, 1, 1, 1, 1, 1, -1, -1, -1, -1, 1, 1]"
video_conferencing,VLC_Teams,/indian-slp/Users/ug/ZEPA/Kritik/net_data/5G_Traffic_Datasets/VLC_Teams/teams_linux_20m_01.csv,test,0,0.03174,True,2,4,0,48,3,98,0.209224,"[74, 74, 74, 74, 154, 66, 66, 154, 251, 66, 251, 66, 66, 66, 66, 66, 66, 66]","[0.0, 0.0, 0.03174, 0.0, 0.00145, 0.0, 0.0, 0.0, 0.031711, 0.0, 0.0, 0.0, 0.001518, 0.0, 0.0, 0.0, 0.031286, 0.0]","[1, 1, -1, -1, 1, 1, 1, 1, -1, -1, -1, -1, 1, 1, 1, 1, -1, -1]"
video_conferencing,VLC_Teams,/indian-slp/Users/ug/ZEPA/Kritik/net_data/5G_Traffic_Datasets/VLC_Teams/teams_linux_20m_01.csv,test,0,0.007099,True,0,4,0,48,3,98,0.209224,"[66, 90, 105, 66, 105, 90, 66, 66, 66, 66, 66, 66]","[0.0, 0.0, 0.0, 0.0, 0.0, 0.0, 0.007099, 0.0, 0.000133, 0.0, 0.001356, 0.0]","[1, 1, 1, 1, 1, 1, -1, -1, -1, -1, 1, 1]"
video_conferencing,VLC_Teams,/indian-slp/Users/ug/ZEPA/Kritik/net_data/5G_Traffic_Datasets/VLC_Teams/teams_linux_20m_01.csv,test,0,0.014787,True,0,4,0,48,3,98,0.209224,"[97, 66, 112, 66, 97, 112, 66, 66, 66, 66, 66, 66]","[0.0, 0.0, 0.0, 0.0, 0.0, 0.0, 0.014787, 0.0, 0.001716, 0.0, 0.001389, 0.0]","[1, 1, 1, 1, 1, 1, -1, -1, -1, -1, 1, 1]"
video_conferencing,VLC_Teams,/indian-slp/Users/ug/ZEPA/Kritik/net_data/5G_Traffic_Datasets/VLC_Teams/teams_linux_20m_01.csv,test,0,0.007236,True,0,4,0,48,3,98,0.209224,"[112, 112, 97, 66, 97, 66, 66, 66, 66, 66, 66, 66]","[0.0, 0.0, 0.0, 0.0, 0.000105, 0.0, 0.007131, 0.0, 0.0, 0.0, 0.001575, 0.0]","[1, 1, 1, 1, 1, 1, -1, -1, -1, -1, 1, 1]"
video_conferencing,VLC_Teams,/indian-slp/Users/ug/ZEPA/Kritik/net_data/5G_Traffic_Datasets/VLC_Teams/teams_linux_20m_01.csv,test,0,0.007014,True,0,4,0,48,3,98,0.209224,"[97, 112, 66, 97, 66, 112, 66, 66, 66, 66, 66, 66]","[0.0, 0.0, 0.0, 0.0, 0.0, 0.0, 0.007014, 0.0, 0.0, 0.0, 0.001346, 0.0]","[1, 1, 1, 1, 1, 1, -1, -1, -1, -1, 1, 1]"
video_conferencing,VLC_Teams,/indian-slp/Users/ug/ZEPA/Kritik/net_data/5G_Traffic_Datasets/VLC_Teams/teams_linux_20m_01.csv,test,0,0.026583,True,2,4,0,48,3,98,0.209224,"[74, 74, 74, 74, 66, 154, 154, 66, 66, 251, 66, 251, 66, 66, 66, 66, 66, 66]","[0.0, 0.0, 0.026583, 0.0, 0.001384, 0.0, 0.0, 0.0, 0.02785, 0.0, 0.0, 0.0, 0.001295, 0.0, 0.0, 0.0, 0.026434, 0.0]","[1, 1, -1, -1, 1, 1, 1, 1, -1, -1, -1, -1, 1, 1, 1, 1, -1, -1]"
video_conferencing,VLC_Teams,/indian-slp/Users/ug/ZEPA/Kritik/net_data/5G_Traffic_Datasets/VLC_Teams/teams_linux_20m_01.csv,test,0,0.005945,True,0,0,0,48,3,98,0.209224,"[90, 90, 94, 94, 66, 66, 66, 66]","[0.0, 0.0, 0.001368, 0.0, 0.0, 0.0, 0.005945, 0.0]","[-1, -1, 1, 1, 1, 1, -1, -1]"
video_conferencing,VLC_Teams,/indian-slp/Users/ug/ZEPA/Kritik/net_data/5G_Traffic_Datasets/VLC_Teams/teams_linux_20m_01.csv,test,0,0.032802,True,0,0,0,48,3,98,0.209224,"[117, 117, 106, 106, 66, 66, 567, 567, 1464, 1464, 1464, 1464, 66, 66, 66, 66, 66, 66, 117, 327, 117, 327, 1375, 1464, 1375, 1464, 66, 66, 66, 66, 106, 106, 328, 328, 66, 66, 1464, 1371, 1464, 1371, 66, 66, 117, 328, 328, 117, 106, 66, 66, 106, 1464, 1464, 567, 567, 1464, 1464, 66, 66, 66, 66, 327, 117, 327, 117]","[0.0, 0.0, 0.032802, 0.0, 0.001417, 0.0, 17.342798, 0.0, 0.0, 0.0, 0.0, 0.0, 0.001909, 0.0, 0.0, 0.0, 0.0, 0.0, 0.008595, 0.0, 0.0, 0.0, 0.02226, 0.0, 0.0, 0.0, 0.001734, 0.0, 0.009279, 0.0, 0.000244, 0.0, 0.013612, 0.0, 0.085904, 0.0, 0.616482, 0.0, 0.0, 0.0, 0.001564, 0.0, 0.002923, 0.0, 0.0, 0.0, 0.035851, 0.0, 0.0, 0.0, 0.036059, 0.0, 0.0, 0.0, 0.0, 0.0, 0.001568, 0.0, 0.0, 0.0, 0.002893, 0.0, 0.0, 0.0]","[1, 1, -1, -1, 1, 1, -1, -1, -1, -1, -1, -1, 1, 1, 1, 1, 1, 1, 1, 1, 1, 1, -1, -1, -1, -1, 1, 1, -1, -1, -1, -1, 1, 1, -1, -1, -1, -1, -1, -1, 1, 1, 1, 1, 1, 1, -1, -1, -1, -1, -1, -1, -1, -1, -1, -1, 1, 1, 1, 1, 1, 1, 1, 1]"
video_conferencing,VLC_Teams,/indian-slp/Users/ug/ZEPA/Kritik/net_data/5G_Traffic_Datasets/VLC_Teams/teams_linux_20m_01.csv,test,2,0.030372,True,0,0,0,48,3,98,0.209224,"[1294, 1294, 1294, 1294, 371, 371, 613, 613, 166, 166, 73, 73, 73, 73, 74, 74, 1294, 1294, 1290, 1290, 1294, 1294, 1294, 1294, 130, 1294, 130, 1294, 1294, 1294, 78, 78, 69, 69]","[0.0, 0.0, 0.030372, 0.0, 0.003353, 0.0, 0.008784, 0.0, 0.000136, 0.0, 0.001819, 0.0, 0.023025, 0.0, 0.020811, 0.0, 0.104288, 0.0, 0.0, 0.0, 0.00011, 0.0, 8.5e-05, 0.0, 0.0, 0.0, 0.0, 0.0, 0.0, 0.0, 0.001845, 0.0, 0.0334, 0.0]","[1, 1, -1, -1, 1, 1, -1, -1, -1, -1, 1, 1, -1, -1, 1, 1, -1, -1, -1, -1, -1, -1, -1, -1, -1, -1, -1, -1, -1, -1, 1, 1, -1, -1]"
video_conferencing,VLC_Teams,/indian-slp/Users/ug/ZEPA/Kritik/net_data/5G_Traffic_Datasets/VLC_Teams/teams_linux_20m_01.csv,test,0,0.037664,True,0,0,0,48,3,98,0.209224,"[116, 116, 105, 105, 66, 66]","[0.0, 0.0, 0.037664, 0.0, 0.001645, 0.0]","[1, 1, -1, -1, 1, 1]"
video_conferencing,VLC_Teams,/indian-slp/Users/ug/ZEPA/Kritik/net_data/5G_Traffic_Datasets/VLC_Teams/teams_linux_20m_01.csv,test,0,0.163079,True,2,0,0,48,3,98,0.209224,"[74, 74, 74, 74, 66, 66, 943, 943, 1506, 1506, 1506, 1506, 1506, 1506, 1506, 675, 675, 1506, 66, 66, 66, 66, 66, 66, 66, 66, 236, 236, 146, 750, 750, 146, 1494, 1494, 1494, 1494, 1494, 1494, 534, 1494, 1494, 534, 1494, 1494, 66, 66, 66, 66, 66, 66, 169, 66, 169, 66, 128, 128, 97, 66, 97, 66, 398, 398, 66, 66]","[0.0, 0.0, 0.163079, 0.0, 0.001625, 0.0, 0.00203, 0.0, 0.174437, 0.0, 0.0, 7e-05, 0.0, 0.0, 0.0, 0.000109, 0.0, 0.0, 0.002197, 0.0, 0.0, 0.0, 0.0, 0.0, 4.5e-05, 0.0, 0.00593, 0.0, 0.0, 0.0, 0.0, 0.0, 9.6e-05, 0.0, 8e-05, 0.0, 0.0, 8.7e-05, 0.0, 0.0, 0.0, 0.0, 0.0, 0.0, 0.161156, 0.0, 0.001255, 0.0, 0.0, 0.0, 0.000433, 0.0, 0.0, 0.0, 0.000554, 0.0, 0.001393, 0.0, 0.0, 0.0, 0.161278, 0.0, 0.042173, 0.0]","[1, 1, -1, -1, 1, 1, 1, 1, -1, -1, -1, -1, -1, -1, -1, -1, -1, -1, 1, 1, 1, 1, 1, 1, 1, 1, 1, 1, 1, 1, 1, 1, 1, 1, 1, 1, 1, 1, 1, 1, 1, 1, 1, 1, -1, -1, -1, -1, -1, -1, -1, -1, -1, -1, -1, -1, 1, 1, 1, 1, -1, -1, 1, 1]"
video_conferencing,VLC_Teams,/indian-slp/Users/ug/ZEPA/Kritik/net_data/5G_Traffic_Datasets/VLC_Teams/teams_linux_20m_01.csv,test,0,0.010246,True,0,0,0,48,3,98,0.209224,"[93, 93, 60, 93, 60, 93, 60, 60]","[0.0, 0.0, 0.010246, 0.0, 0.0, 0.0, 0.001895, 0.0]","[1, 1, -1, -1, -1, -1, 1, 1]"
video_conferencing,VLC_Teams,/indian-slp/Users/ug/ZEPA/Kritik/net_data/5G_Traffic_Datasets/VLC_Teams/teams_linux_20m_02.csv,pretrain,0,0.037771,True,0,0,0,22,3,29,0.2431,"[116, 116, 105, 105, 66, 66]","[0.0, 0.0, 0.037771, 0.0, 0.001896, 0.0]","[1, 1, -1, -1, 1, 1]"
video_conferencing,VLC_Teams,/indian-slp/Users/ug/ZEPA/Kritik/net_data/5G_Traffic_Datasets/VLC_Teams/teams_linux_20m_02.csv,pretrain,0,0.162232,True,0,0,0,22,3,29,0.2431,"[221, 1145, 1145, 221, 1494, 1494, 1494, 1394, 1494, 1394, 66, 66, 66, 66, 167, 167, 66, 66]","[0.0, 0.0, 0.0, 0.0, 9.7e-05, 0.0, 0.0, 0.0, 0.0, 0.000208, 0.161927, 0.0, 0.000707, 0.0, 0.005443, 0.0, 0.001387, 0.0]","[1, 1, 1, 1, 1, 1, 1, 1, 1, 1, -1, -1, -1, -1, -1, -1, 1, 1]"
video_conferencing,VLC_Teams,/indian-slp/Users/ug/ZEPA/Kritik/net_data/5G_Traffic_Datasets/VLC_Teams/teams_linux_20m_02.csv,pretrain,0,0.012189,True,0,0,0,22,3,29,0.2431,"[1419, 1419, 1464, 1464, 66, 66, 66, 66, 117, 328, 117, 328, 1464, 1464, 1464, 1464, 568, 568, 66, 66, 328, 328, 106, 106, 66, 66, 66, 66, 66, 66, 1355, 1355, 66, 66, 117, 328, 117, 328, 66, 66, 106, 106, 66, 66, 1427, 1427, 66, 66, 117, 328, 117, 328, 66, 106, 66, 106, 66, 66, 1464, 1464, 1464, 1464, 85, 85]","[0.0, 0.0, 0.0, 0.0, 0.001332, 0.0, 0.0, 0.0, 0.007528, 0.0, 0.0, 0.0, 0.004661, 0.0, 0.0, 0.0, 0.000154, 0.0, 0.00141, 0.0, 0.017522, 0.0, 0.014025, 0.0, 0.0, 0.0, 0.037743, 0.0, 0.024052, 0.0, 0.12934, 0.0, 0.001323, 0.0, 0.00161, 0.0, 0.0, 0.0, 0.037269, 0.0, 0.004715, 0.0, 0.043213, 0.0, 0.995447, 0.0, 0.001492, 0.0, 0.002083, 0.0, 0.0, 0.0, 0.033905, 0.0, 0.0, 0.0, 0.043513, 0.0, 24.621131, 0.0, 0.0, 0.0, 0.0, 0.0]","[-1, -1, -1, -1, 1, 1, 1, 1, 1, 1, 1, 1, -1, -1, -1, -1, -1, -1, 1, 1, 1, 1, -1, -1, -1, -1, 1, 1, -1, -1, -1, -1, 1, 1, 1, 1, 1, 1, -1, -1, -1, -1, 1, 1, -1, -1, 1, 1, 1, 1, 1, 1, -1, -1, -1, -1, 1, 1, -1, -1, -1, -1, -1, -1]"
video_conferencing,VLC_Teams,/indian-slp/Users/ug/ZEPA/Kritik/net_data/5G_Traffic_Datasets/VLC_Teams/teams_linux_20m_02.csv,pretrain,0,0.036755,True,0,0,0,22,3,29,0.2431,"[116, 116, 105, 105, 66, 66]","[0.0, 0.0, 0.036755, 0.0, 0.00146, 0.0]","[1, 1, -1, -1, 1, 1]"
video_conferencing,VLC_Teams,/indian-slp/Users/ug/ZEPA/Kritik/net_data/5G_Traffic_Datasets/VLC_Teams/teams_linux_20m_02.csv,pretrain,0,0.161308,True,0,0,0,22,3,29,0.2431,"[105, 105, 105, 105, 66, 66]","[0.0, 0.0, 0.161308, 0.0, 0.001449, 0.0]","[1, 1, -1, -1, 1, 1]"
video_conferencing,VLC_Teams,/indian-slp/Users/ug/ZEPA/Kritik/net_data/5G_Traffic_Datasets/VLC_Teams/teams_linux_20m_02.csv,pretrain,0,0.038938,True,0,0,0,22,3,29,0.2431,"[116, 116, 105, 105, 66, 66]","[0.0, 0.0, 0.038938, 0.0, 0.001425, 0.0]","[1, 1, -1, -1, 1, 1]"
video_conferencing,VLC_Teams,/indian-slp/Users/ug/ZEPA/Kritik/net_data/5G_Traffic_Datasets/VLC_Teams/teams_linux_20m_02.csv,pretrain,0,0.032969,True,0,0,0,22,3,29,0.2431,"[117, 117, 106, 106, 66, 66, 1464, 1464, 1464, 1464, 568, 568, 66, 66, 66, 66, 66, 66, 117, 328, 328, 117, 1464, 1464, 1347, 1347, 66, 66, 66, 66, 106, 106, 328, 328, 66, 66, 117, 117, 106, 106, 66, 66]","[0.0, 0.0, 0.032969, 0.0, 0.001156, 0.0, 27.449196, 0.0, 0.0, 0.0, 0.000219, 0.0, 0.001362, 0.0, 0.0, 0.0, 0.0, 0.0, 0.00971, 0.0, 0.0, 0.0, 0.021253, 0.0, 0.000134, 0.0, 0.001447, 0.0, 0.009933, 0.0, 0.0, 0.0, 0.016094, 0.0, 0.075925, 0.0, 12.380895, 0.0, 0.033221, 0.0, 0.044304, 0.0]","[1, 1, -1, -1, 1, 1, -1, -1, -1, -1, -1, -1, 1, 1, 1, 1, 1, 1, 1, 1, 1, 1, -1, -1, -1, -1, 1, 1, -1, -1, -1, -1, 1, 1, -1, -1, 1, 1, -1, -1, 1, 1]"
video_conferencing,VLC_Teams,/indian-slp/Users/ug/ZEPA/Kritik/net_data/5G_Traffic_Datasets/VLC_Teams/teams_linux_20m_02.csv,pretrain,0,0.037241,True,0,0,0,22,3,29,0.2431,"[116, 116, 105, 105, 66, 66]","[0.0, 0.0, 0.037241, 0.0, 0.001489, 0.0]","[1, 1, -1, -1, 1, 1]"
video_conferencing,VLC_Teams,/indian-slp/Users/ug/ZEPA/Kritik/net_data/5G_Traffic_Datasets/VLC_Teams/teams_linux_20m_02.csv,pretrain,0,0.005551,True,2,0,0,22,3,29,0.2431,"[74, 74, 66, 66, 60, 187, 1494, 1494, 187, 60, 60, 60, 319, 319, 134, 60, 224, 224, 60, 134, 60, 116, 60, 116, 85, 85, 85, 85, 60, 60, 167, 167, 1494, 1494, 60, 60, 60, 60, 363, 363, 611, 611, 560, 574, 528, 574, 528, 560, 95, 85, 85, 95, 60, 60, 60, 60, 60, 60, 60, 60, 60, 60, 60, 60]","[0.0, 0.0, 0.005551, 0.0, 0.002271, 0.0, 0.0, 0.0, 0.0, 0.0, 0.006063, 0.0, 0.002171, 0.0, 0.001829, 0.0, 0.0, 0.0, 0.0, 0.0, 0.005494, 0.0, 0.0, 0.0, 0.001572, 0.0, 0.004852, 0.0, 0.042007, 0.0, 18.643692, 0.0, 0.0, 0.0, 0.006513, 0.0, 0.0, 0.0, 1.052689, 0.0, 0.0, 0.0, 0.000209, 0.0, 0.0, 0.0, 0.0, 0.0, 0.000104, 0.0, 0.0, 0.0, 0.001126, 0.0, 0.0, 0.0, 0.0, 0.0, 0.0, 0.0, 0.0, 0.0, 2e-05, 0.0]","[1, 1, -1, -1, 1, 1, 1, 1, 1, 1, -1, -1, -1, -1, 1, 1, 1, 1, 1, 1, -1, -1, -1, -1, 1, 1, -1, -1, 1, 1, 1, 1, 1, 1, -1, -1, -1, -1, -1, -1, -1, -1, -1, -1, -1, -1, -1, -1, -1, -1, -1, -1, 1, 1, 1, 1, 1, 1, 1, 1, 1, 1, 1, 1]"
video_conferencing,VLC_Teams,/indian-slp/Users/ug/ZEPA/Kritik/net_data/5G_Traffic_Datasets/VLC_Teams/teams_linux_20m_02.csv,pretrain,0,0.032461,True,0,0,0,22,3,29,0.2431,"[117, 117, 106, 106, 66, 66]","[0.0, 0.0, 0.032461, 0.0, 0.001505, 0.0]","[1, 1, -1, -1, 1, 1]"
video_conferencing,VLC_Teams,/indian-slp/Users/ug/ZEPA/Kritik/net_data/5G_Traffic_Datasets/VLC_Teams/teams_linux_20m_02.csv,pretrain,0,0.037859,True,0,0,0,22,3,29,0.2431,"[116, 116, 105, 105, 66, 66]","[0.0, 0.0, 0.037859, 0.0, 0.001466, 0.0]","[1, 1, -1, -1, 1, 1]"
video_conferencing,VLC_Teams,/indian-slp/Users/ug/ZEPA/Kritik/net_data/5G_Traffic_Datasets/VLC_Teams/teams_linux_20m_02.csv,pretrain,0,0.092808,True,2,0,0,22,3,29,0.2431,"[74, 74, 74, 74, 66, 66, 943, 943, 1506, 1506, 1506, 1506, 673, 673, 1506, 1506, 1506, 1506, 66, 66, 66, 66, 66, 66, 66, 66, 66, 66, 236, 236, 750, 750, 146, 146, 1494, 1494, 1494, 354, 354, 1494, 1494, 1494, 169, 128, 128, 66, 66, 169, 97, 97, 66, 66, 66, 66, 97, 97, 365, 365, 66, 66, 1219, 1219, 827, 827]","[0.0, 0.0, 0.092808, 0.0, 0.001243, 0.0, 0.002006, 0.000174, 0.094102, 0.0, 0.0, 0.0, 8.5e-05, 0.0, 0.0, 0.0, 0.0, 0.0, 0.001631, 0.0, 0.0, 0.0, 0.0, 0.0, 0.0, 0.0, 0.0, 0.0, 0.00551, 0.0, 0.0, 0.0, 0.0, 0.0, 0.0, 0.0, 0.0, 8.8e-05, 0.0, 0.0, 0.0, 0.0, 0.092731, 0.0, 0.0, 0.0, 0.0, 0.0, 0.0002, 0.0, 0.000337, 0.0, 0.0, 0.0, 0.001702, 0.0, 0.091973, 0.0, 0.042174, 0.0, 19.80624, 0.0, 0.0, 0.0]","[1, 1, -1, -1, 1, 1, 1, 1, -1, -1, -1, -1, -1, -1, -1, -1, -1, -1, 1, 1, 1, 1, 1, 1, 1, 1, 1, 1, 1, 1, 1, 1, 1, 1, 1, 1, 1, 1, 1, 1, 1, 1, -1, -1, -1, -1, -1, -1, -1, -1, -1, -1, -1, -1, 1, 1, -1, -1, 1, 1, 1, 1, 1, 1]"
video_conferencing,VLC_Teams,/indian-slp/Users/ug/ZEPA/Kritik/net_data/5G_Traffic_Datasets/VLC_Teams/teams_linux_20m_02.csv,pretrain,0,0.037086,True,0,0,0,22,3,29,0.2431,"[116, 116, 105, 105, 66, 66]","[0.0, 0.0, 0.037086, 0.0, 0.001187, 0.0]","[1, 1, -1, -1, 1, 1]"
video_conferencing,VLC_Teams,/indian-slp/Users/ug/ZEPA/Kritik/net_data/5G_Traffic_Datasets/VLC_Teams/teams_linux_20m_02.csv,pretrain,0,0.005476,True,0,0,0,22,3,29,0.2431,"[93, 93, 60, 93, 93, 60, 60, 60]","[0.0, 0.0, 0.005476, 0.0, 0.0, 0.0, 0.041904, 0.0]","[1, 1, -1, -1, -1, -1, 1, 1]"
video_conferencing,VLC_Teams,/indian-slp/Users/ug/ZEPA/Kritik/net_data/5G_Traffic_Datasets/VLC_Teams/teams_linux_20m_02.csv,pretrain,0,0.011155,True,2,0,0,22,3,29,0.2431,"[74, 74, 74, 74, 1388, 1388, 66, 66, 330, 330, 396, 174, 396, 174, 66, 146, 146, 66, 236, 236, 178, 178, 66, 66, 66, 66, 369, 369, 66, 66, 66, 66, 127, 127, 97, 97, 876, 876, 1310, 1310, 876, 876, 1506, 1506, 1506, 1506, 1506, 1506, 1506, 1506, 1506, 1506, 66, 97, 425, 425, 97, 66, 66, 66, 66, 66, 66, 66]","[0.0, 0.0, 0.011155, 0.0, 0.00226, 0.0, 0.0, 0.0, 0.0074, 0.0, 0.001838, 0.0, 0.0, 0.0, 0.0, 0.0, 0.0, 0.0, 0.0, 0.0, 0.001855, 0.0, 0.013835, 0.0, 0.0, 0.0, 0.0, 0.0, 0.0, 0.0, 0.0, 0.0, 0.002952, 0.0, 0.0, 0.0, 0.0, 0.0, 0.0, 0.0, 0.0, 0.0, 4.9e-05, 0.0, 0.0, 0.0, 0.0, 0.0, 0.0, 0.0, 0.0, 0.0, 5.6e-05, 0.0, 0.0, 0.0, 0.0, 0.0, 0.0, 0.0, 0.0, 0.0, 2.3e-05, 0.0]","[1, 1, -1, -1, 1, 1, 1, 1, -1, -1, 1, 1, 1, 1, 1, 1, 1, 1, 1, 1, 1, 1, -1, -1, -1, -1, -1, -1, -1, -1, -1, -1, -1, -1, -1, -1, -1, -1, -1, -1, -1, -1, -1, -1, -1, -1, -1, -1, -1, -1, -1, -1, 1, 1, -1, -1, 1, 1, 1, 1, 1, 1, 1, 1]"
video_conferencing,VLC_Teams,/indian-slp/Users/ug/ZEPA/Kritik/net_data/5G_Traffic_Datasets/VLC_Teams/teams_linux_20m_02.csv,pretrain,0,0.037896,True,0,0,0,22,3,29,0.2431,"[116, 116, 105, 105, 66, 66]","[0.0, 0.0, 0.037896, 0.0, 0.001455, 0.0]","[1, 1, -1, -1, 1, 1]"
video_conferencing,VLC_Teams,/indian-slp/Users/ug/ZEPA/Kritik/net_data/5G_Traffic_Datasets/VLC_Teams/teams_linux_20m_02.csv,pretrain,0,0.092424,True,0,0,0,22,3,29,0.2431,"[105, 105, 105, 105, 66, 66, 220, 1145, 220, 1145, 1494, 1494, 1494, 1494, 228, 228, 1494, 1494, 1494, 1494, 66, 66, 66, 66, 66, 66, 66, 66, 165, 165, 66, 66]","[0.0, 0.0, 0.092424, 0.0, 0.001371, 0.0, 23.797871, 0.0, 0.0, 0.0, 5e-05, 0.0, 0.000132, 0.0, 0.0, 0.0, 0.0, 0.0, 0.0, 0.0, 0.092734, 0.0, 0.000777, 0.0, 0.0004, 0.0, 0.207241, 0.0, 0.068063, 0.0, 0.001399, 0.0]","[1, 1, -1, -1, 1, 1, 1, 1, 1, 1, 1, 1, 1, 1, 1, 1, 1, 1, 1, 1, -1, -1, -1, -1, -1, -1, -1, -1, -1, -1, 1, 1]"
video_conferencing,VLC_Teams,/indian-slp/Users/ug/ZEPA/Kritik/net_data/5G_Traffic_Datasets/VLC_Teams/teams_linux_20m_02.csv,pretrain,0,0.034728,True,0,0,0,22,3,29,0.2431,"[117, 117, 106, 106, 66, 66, 1437, 1464, 1464, 1437, 66, 66, 66, 66, 326, 117, 326, 117, 66, 66, 106, 106, 1464, 1464, 1464, 1464, 573, 573, 66, 66, 329, 117, 329, 117, 66, 66, 106, 106, 66, 66, 1171, 1171, 66, 66, 117, 328, 328, 117, 66, 66, 106, 106, 66, 66, 1171, 1171, 66, 66, 328, 117, 117, 328, 66, 66]","[0.0, 0.0, 0.034728, 0.0, 0.0, 0.0, 19.371966, 0.0, 0.0, 0.0, 0.001508, 0.0, 0.0, 0.0, 0.009439, 0.0, 0.0, 0.0, 0.033798, 0.0, 0.000421, 0.0, 0.01446, 0.0, 0.0, 0.0, 0.0, 0.0, 0.001808, 0.0, 0.003981, 0.0, 0.0, 0.0, 0.032158, 0.0, 0.00263, 0.0, 0.04171, 0.0, 0.119589, 0.0, 0.001425, 0.0, 0.001833, 0.0, 0.0, 0.0, 0.032314, 0.0, 0.000386, 0.0, 0.043305, 0.0, 0.888247, 0.0, 0.001518, 0.0, 0.001723, 0.0, 0.0, 0.0, 0.032348, 0.0]","[1, 1, -1, -1, 1, 1, -1, -1, -1, -1, 1, 1, 1, 1, 1, 1, 1, 1, -1, -1, -1, -1, -1, -1, -1, -1, -1, -1, 1, 1, 1, 1, 1, 1, -1, -1, -1, -1, 1, 1, -1, -1, 1, 1, 1, 1, 1, 1, -1, -1, -1, -1, 1, 1, -1, -1, 1, 1, 1, 1, 1, 1, -1, -1]"
video_conferencing,VLC_Teams,/indian-slp/Users/ug/ZEPA/Kritik/net_data/5G_Traffic_Datasets/VLC_Teams/teams_linux_20m_02.csv,pretrain,0,0.036773,True,0,0,0,22,3,29,0.2431,"[116, 116, 105, 105, 66, 66]","[0.0, 0.0, 0.036773, 0.0, 0.0015, 0.0]","[1, 1, -1, -1, 1, 1]"
video_conferencing,VLC_Teams,/indian-slp/Users/ug/ZEPA/Kritik/net_data/5G_Traffic_Datasets/VLC_Teams/teams_linux_20m_02.csv,pretrain,0,0.006342,True,0,0,0,22,3,29,0.2431,"[105, 105, 105, 105, 66, 66]","[0.0, 0.0, 0.006342, 0.0, 0.001533, 0.0]","[1, 1, -1, -1, 1, 1]"
video_conferencing,VLC_Teams,/indian-slp/Users/ug/ZEPA/Kritik/net_data/5G_Traffic_Datasets/VLC_Teams/teams_linux_20m_02.csv,pretrain,0,0.097052,True,0,0,0,22,3,29,0.2431,"[276, 1220, 1472, 1472, 1220, 276, 66, 66, 165, 165, 66, 66]","[0.0, 0.0, 0.0, 0.0, 0.0, 0.0, 0.097052, 0.0, 1.7e-05, 0.0, 0.001531, 0.0]","[1, 1, 1, 1, 1, 1, -1, -1, -1, -1, 1, 1]"
video_conferencing,VLC_Teams,/indian-slp/Users/ug/ZEPA/Kritik/net_data/5G_Traffic_Datasets/VLC_Teams/teams_linux_20m_02.csv,pretrain,0,0.032729,True,0,0,0,22,3,29,0.2431,"[117, 117, 106, 106, 66, 66]","[0.0, 0.0, 0.032729, 0.0, 0.001455, 0.0]","[1, 1, -1, -1, 1, 1]"
video_conferencing,VLC_Teams,/indian-slp/Users/ug/ZEPA/Kritik/net_data/5G_Traffic_Datasets/VLC_Teams/teams_linux_20m_02.csv,pretrain,0,0.037378,True,0,0,0,22,3,29,0.2431,"[116, 116, 105, 105, 66, 66]","[0.0, 0.0, 0.037378, 0.0, 0.001498, 0.0]","[1, 1, -1, -1, 1, 1]"
video_conferencing,VLC_Teams,/indian-slp/Users/ug/ZEPA/Kritik/net_data/5G_Traffic_Datasets/VLC_Teams/teams_linux_20m_02.csv,pretrain,0,0.0925,True,0,0,0,22,3,29,0.2431,"[105, 105, 105, 105, 66, 66]","[0.0, 0.0, 0.0925, 0.0, 0.00156, 0.0]","[1, 1, -1, -1, 1, 1]"
video_conferencing,VLC_Teams,/indian-slp/Users/ug/ZEPA/Kritik/net_data/5G_Traffic_Datasets/VLC_Teams/teams_linux_20m_02.csv,pretrain,0,0.037426,True,0,0,0,22,3,29,0.2431,"[116, 116, 105, 105, 66, 66]","[0.0, 0.0, 0.037426, 0.0, 0.001375, 0.0]","[1, 1, -1, -1, 1, 1]"
video_conferencing,VLC_Teams,/indian-slp/Users/ug/ZEPA/Kritik/net_data/5G_Traffic_Datasets/VLC_Teams/teams_linux_20m_02.csv,pretrain,0,0.032896,True,0,0,0,22,3,29,0.2431,"[117, 117, 106, 106, 66, 66, 1345, 1345, 1464, 1464, 66, 66, 66, 66, 1464, 1464, 1464, 565, 565, 1464, 66, 66, 66, 66, 66, 66, 117, 326, 117, 326, 329, 329, 66, 66, 106, 106, 66, 66, 66, 66, 1355, 1355, 66, 66, 117, 328, 328, 117, 66, 66, 106, 106, 66, 66, 1355, 1355, 66, 328, 117, 117, 66, 328, 66, 66]","[0.0, 0.0, 0.032896, 0.0, 0.001477, 0.0, 16.375181, 0.0, 0.0, 0.0, 0.001585, 0.0, 0.0, 0.0, 0.001941, 0.0, 0.0, 0.0, 0.0, 0.0, 0.001607, 0.0, 0.0, 0.0, 0.0, 0.0, 0.002875, 0.0, 0.0, 0.0, 0.026279, 0.0, 0.005846, 0.0, 0.000385, 0.0, 0.041998, 0.0, 0.038739, 0.0, 0.197274, 0.0, 0.00145, 0.0, 0.001853, 0.0, 0.0, 0.0, 0.03261, 0.0, 0.000462, 0.0, 0.044631, 0.0, 0.920756, 0.0, 0.001783, 0.0, 0.0, 0.0, 0.0, 0.0, 0.033268, 0.0]","[1, 1, -1, -1, 1, 1, -1, -1, -1, -1, 1, 1, 1, 1, -1, -1, -1, -1, -1, -1, 1, 1, 1, 1, 1, 1, 1, 1, 1, 1, 1, 1, -1, -1, -1, -1, 1, 1, -1, -1, -1, -1, 1, 1, 1, 1, 1, 1, -1, -1, -1, -1, 1, 1, -1, -1, 1, 1, 1, 1, 1, 1, -1, -1]"
video_conferencing,VLC_Teams,/indian-slp/Users/ug/ZEPA/Kritik/net_data/5G_Traffic_Datasets/VLC_Teams/teams_linux_20m_02.csv,pretrain,0,0.037347,True,0,0,0,22,3,29,0.2431,"[116, 116, 105, 105, 66, 66]","[0.0, 0.0, 0.037347, 0.0, 0.001391, 0.0]","[1, 1, -1, -1, 1, 1]"
video_conferencing,VLC_Teams,/indian-slp/Users/ug/ZEPA/Kritik/net_data/5G_Traffic_Datasets/VLC_Teams/teams_linux_20m_02.csv,pretrain,0,0.005859,True,2,0,0,22,3,29,0.2431,"[74, 74, 66, 66, 60, 60, 732, 732, 60, 60, 1506, 1506, 1506, 1506, 1506, 256, 256, 1506, 1506, 1506, 60, 60, 60, 60, 60, 60, 60, 60, 60, 60, 134, 134, 224, 914, 224, 914, 513, 85, 60, 60, 116, 116, 513, 60, 60, 85, 89, 85, 85, 89, 60, 60]","[0.0, 0.0, 0.005859, 0.0, 0.002185, 0.0, 0.0, 0.0, 0.005662, 0.0, 0.003682, 0.0, 0.0, 0.0, 9.1e-05, 0.0, 0.0, 0.0, 0.0, 0.0, 0.001357, 0.0, 0.0, 0.0, 0.0, 0.0, 0.0, 0.0, 0.0, 0.0, 0.002562, 0.0, 0.0, 0.0, 0.0, 5.9e-05, 0.006347, 0.0, 0.0, 0.0, 0.0, 0.0, 0.0, 0.0, 0.0, 0.0, 0.001481, 0.0, 0.0, 0.0, 0.005379, 0.0]","[1, 1, -1, -1, 1, 1, 1, 1, -1, -1, -1, -1, -1, -1, -1, -1, -1, -1, -1, -1, 1, 1, 1, 1, 1, 1, 1, 1, 1, 1, 1, 1, 1, 1, 1, 1, -1, -1, -1, -1, -1, -1, -1, -1, -1, -1, 1, 1, 1, 1, -1, -1]"
video_conferencing,VLC_Teams,/indian-slp/Users/ug/ZEPA/Kritik/net_data/5G_Traffic_Datasets/VLC_Teams/teams_linux_20m_02.csv,pretrain,0,0.007235,True,2,0,0,22,3,29,0.2431,"[74, 74, 74, 74, 66, 66, 1388, 1388, 66, 66, 330, 330, 174, 397, 236, 236, 66, 66, 146, 146, 175, 174, 174, 174, 175, 397, 175, 175, 175, 175, 185, 185, 66, 66, 369, 369, 66, 66, 66, 66, 127, 127, 97, 97, 66, 66, 1157, 875, 875, 875, 1157, 875, 875, 875, 1506, 97, 66, 1506, 97, 66, 1506, 66, 66, 66]","[0.0, 0.0, 0.007235, 0.0, 0.001284, 0.0, 0.000149, 0.0, 0.00656, 0.0, 0.000434, 0.0, 0.001658, 0.0, 0.0, 0.0, 0.0, 0.0, 0.0, 0.0, 2.2e-05, 0.0, 0.0, 0.0, 0.0, 0.0, 0.001595, 0.0, 0.0, 0.0, 0.004052, 0.0, 0.000639, 0.0, 0.000114, 0.0, 0.000105, 0.0, 0.0, 0.0, 0.00012, 0.0, 0.0, 0.0, 0.000249, 0.0, 0.000726, 0.0, 0.0, 0.000148, 0.0, 0.0, 0.000106, 0.0, 0.0, 9.4e-05, 0.0, 0.0, 0.0, 0.0, 0.0, 0.0, 0.0, 0.0]","[1, 1, -1, -1, 1, 1, 1, 1, -1, -1, -1, -1, 1, 1, 1, 1, 1, 1, 1, 1, 1, 1, 1, 1, 1, 1, 1, 1, 1, 1, 1, 1, -1, -1, -1, -1, -1, -1, -1, -1, -1, -1, -1, -1, -1, -1, -1, -1, -1, -1, -1, -1, -1, -1, -1, 1, 1, -1, 1, 1, -1, 1, 1, 1]"
video_conferencing,VLC_Teams,/indian-slp/Users/ug/ZEPA/Kritik/net_data/5G_Traffic_Datasets/VLC_Teams/teams_linux_20m_02.csv,pretrain,0,0.091844,True,0,0,0,22,3,29,0.2431,"[105, 105, 105, 105, 66, 66, 384, 384, 1494, 1494, 1494, 1494, 1070, 1070, 275, 1494, 1494, 275, 66, 66, 66, 66, 66, 66, 169, 169, 66, 66]","[0.0, 0.0, 0.091844, 0.0, 0.001433, 0.0, 7.998739, 0.0, 8.2e-05, 0.0, 0.0, 0.0, 0.0, 0.0, 0.000129, 0.0, 0.000195, 0.0, 0.092113, 0.0, 0.000732, 0.0, 0.0, 0.0, 0.008392, 0.0, 0.001116, 0.0]","[1, 1, -1, -1, 1, 1, 1, 1, 1, 1, 1, 1, 1, 1, 1, 1, 1, 1, -1, -1, -1, -1, -1, -1, -1, -1, 1, 1]"
video_conferencing,VLC_Teams,/indian-slp/Users/ug/ZEPA/Kritik/net_data/5G_Traffic_Datasets/VLC_Teams/teams_linux_20m_02.csv,pretrain,0,0.032566,True,0,0,0,22,3,29,0.2431,"[117, 117, 106, 106, 66, 66]","[0.0, 0.0, 0.032566, 0.0, 0.001184, 0.0]","[1, 1, -1, -1, 1, 1]"
video_conferencing,VLC_Teams,/indian-slp/Users/ug/ZEPA/Kritik/net_data/5G_Traffic_Datasets/VLC_Teams/teams_linux_20m_02.csv,pretrain,0,0.036842,True,0,0,0,22,3,29,0.2431,"[116, 116, 105, 105, 66, 66]","[0.0, 0.0, 0.036842, 0.0, 0.000458, 0.0]","[1, 1, -1, -1, 1, 1]"
video_conferencing,VLC_Teams,/indian-slp/Users/ug/ZEPA/Kritik/net_data/5G_Traffic_Datasets/VLC_Teams/teams_linux_20m_02.csv,pretrain,0,0.01398,True,2,0,0,22,3,29,0.2431,"[74, 74, 74, 74, 66, 66, 583, 583, 66, 66, 1466, 1466, 714, 714, 1023, 1023, 66, 66, 66, 66, 66, 66, 159, 159, 376, 135, 376, 135, 243, 104, 318, 66, 104, 243, 318, 66, 66, 104, 66, 104, 398, 398, 1466, 1466, 1466, 1466, 1466, 1466, 1339, 1339, 112, 112, 112, 66, 66, 66, 112, 66, 66, 66, 66, 66]","[0.0, 0.0, 0.01398, 0.0, 0.001102, 0.0, 0.0, 0.0, 0.014545, 0.0, 0.021131, 0.0, 0.0, 0.0, 0.000119, 0.0, 0.001378, 0.0, 0.0, 0.0, 0.0, 0.0, 0.001626, 0.0, 0.013969, 0.0, 0.0, 0.0, 0.00178, 0.0, 0.0, 0.0, 0.0, 0.0, 0.0, 0.0, 0.013919, 0.0, 0.0, 0.0, 0.0007, 0.0, 0.000148, 0.0, 0.000106, 0.0, 0.0, 0.0, 0.000158, 0.0, 0.000339, 0.0, 0.000735, 0.0, 0.0, 0.0, 0.0, 0.0, 0.0, 0.0, 0.018806, 0.0]","[1, 1, -1, -1, 1, 1, 1, 1, -1, -1, -1, -1, -1, -1, -1, -1, 1, 1, 1, 1, 1, 1, 1, 1, -1, -1, -1, -1, 1, 1, 1, 1, 1, 1, 1, 1, -1, -1, -1, -1, -1, -1, -1, -1, -1, -1, -1, -1, -1, -1, -1, -1, 1, 1, 1, 1, 1, 1, 1, 1, -1, -1]"
video_conferencing,VLC_Teams,/indian-slp/Users/ug/ZEPA/Kritik/net_data/5G_Traffic_Datasets/VLC_Teams/teams_linux_20m_02.csv,pretrain,0,0.007608,True,2,0,0,22,3,29,0.2431,"[74, 74, 74, 74, 66, 66, 583, 583, 66, 66, 1466, 1466, 343, 1466, 343, 1466, 66, 66, 66, 66, 66, 66, 159, 159, 135, 135, 361, 361, 104, 339, 104, 339, 243, 243, 66, 66, 104, 104, 66, 66, 355, 394, 394, 355, 112, 112, 112, 66, 112, 66, 239, 239, 66, 66, 66, 66, 151, 151, 1466, 1466, 1075, 112, 112, 1075]","[0.0, 0.0, 0.007608, 0.0, 0.001396, 0.0, 0.0, 0.0, 0.006081, 0.0, 0.022463, 0.0, 0.0, 0.0, 0.0, 0.0, 0.001181, 0.0, 0.0, 0.0, 0.0, 0.0, 0.002094, 0.0, 0.006324, 0.0, 0.0, 0.0, 0.00194, 0.0, 0.0, 0.0, 0.0, 0.0, 0.0, 0.0, 0.005977, 0.0, 0.000421, 0.0, 0.001824, 0.0, 0.0, 0.0, 0.000154, 0.0, 0.001402, 0.0, 0.0, 0.0, 0.010918, 0.0, 0.0, 0.0, 0.005847, 0.0, 0.001737, 0.0, 0.000152, 0.0, 0.000127, 0.0, 0.0, 0.0]","[1, 1, -1, -1, 1, 1, 1, 1, -1, -1, -1, -1, -1, -1, -1, -1, 1, 1, 1, 1, 1, 1, 1, 1, -1, -1, -1, -1, 1, 1, 1, 1, 1, 1, 1, 1, -1, -1, -1, -1, -1, -1, -1, -1, -1, -1, 1, 1, 1, 1, 1, 1, -1, -1, -1, -1, -1, -1, -1, -1, -1, -1, -1, -1]"
video_conferencing,VLC_Teams,/indian-slp/Users/ug/ZEPA/Kritik/net_data/5G_Traffic_Datasets/VLC_Teams/teams_linux_20m_02.csv,pretrain,0,0.006815,True,2,0,0,22,3,29,0.2431,"[74, 74, 74, 74, 66, 66, 1365, 1365, 66, 66, 278, 278, 236, 130, 130, 66, 66, 236, 684, 97, 97, 684, 97, 66, 97, 66, 66, 66]","[0.0, 0.0, 0.006815, 0.0, 0.001437, 0.0, 0.002128, 0.0, 0.006413, 0.0, 0.020477, 0.0, 0.001882, 0.0, 0.0, 0.0, 0.0, 0.0, 0.00706, 0.0, 0.0, 0.0, 0.001958, 0.0, 0.0, 0.0, 0.011951, 0.0]","[1, 1, -1, -1, 1, 1, 1, 1, -1, -1, -1, -1, 1, 1, 1, 1, 1, 1, -1, -1, -1, -1, 1, 1, 1, 1, -1, -1]"
video_conferencing,VLC_Teams,/indian-slp/Users/ug/ZEPA/Kritik/net_data/5G_Traffic_Datasets/VLC_Teams/teams_linux_20m_02.csv,pretrain,0,0.006589,True,0,0,0,22,3,29,0.2431,"[105, 105, 105, 105, 66, 66]","[0.0, 0.0, 0.006589, 0.0, 0.042771, 0.0]","[1, 1, -1, -1, 1, 1]"
video_conferencing,VLC_Teams,/indian-slp/Users/ug/ZEPA/Kritik/net_data/5G_Traffic_Datasets/VLC_Teams/teams_linux_20m_02.csv,pretrain,0,0.040289,True,0,0,0,22,3,29,0.2431,"[1464, 1464, 1407, 1407, 66, 66, 66, 66, 117, 117, 328, 328, 66, 66, 106, 106, 66, 66, 117, 117, 106, 106, 66, 66]","[0.0, 0.0, 0.0, 0.0, 0.001579, 0.0, 0.0, 0.0, 0.007924, 0.0, 0.0, 0.0, 0.032365, 0.0, 0.000181, 0.0, 0.042198, 0.0, 9.061892, 0.0, 0.032472, 0.0, 0.0014, 0.0]","[-1, -1, -1, -1, 1, 1, 1, 1, 1, 1, 1, 1, -1, -1, -1, -1, 1, 1, 1, 1, -1, -1, 1, 1]"
video_conferencing,VLC_Teams,/indian-slp/Users/ug/ZEPA/Kritik/net_data/5G_Traffic_Datasets/VLC_Teams/teams_linux_20m_02.csv,pretrain,0,0.037592,True,0,0,0,22,3,29,0.2431,"[116, 116, 105, 105, 66, 66]","[0.0, 0.0, 0.037592, 0.0, 0.001456, 0.0]","[1, 1, -1, -1, 1, 1]"
video_conferencing,VLC_Teams,/indian-slp/Users/ug/ZEPA/Kritik/net_data/5G_Traffic_Datasets/VLC_Teams/teams_linux_20m_02.csv,pretrain,0,0.100233,True,0,0,0,22,3,29,0.2431,"[105, 105, 105, 105, 66, 66]","[0.0, 0.0, 0.100233, 0.0, 0.001837, 0.0]","[1, 1, -1, -1, 1, 1]"
video_conferencing,VLC_Teams,/indian-slp/Users/ug/ZEPA/Kritik/net_data/5G_Traffic_Datasets/VLC_Teams/teams_linux_20m_02.csv,pretrain,0,0.00571,True,0,0,0,22,3,29,0.2431,"[93, 93, 60, 93, 93, 60, 60, 60, 331, 331, 60, 60, 495, 495, 60, 60]","[0.0, 0.0, 0.00571, 0.0, 0.0, 0.0, 0.041978, 0.0, 28.627899, 0.0, 0.005861, 0.0, 0.038213, 0.0, 0.001451, 0.0]","[1, 1, -1, -1, -1, -1, 1, 1, 1, 1, -1, -1, -1, -1, 1, 1]"
video_conferencing,VLC_Teams,/indian-slp/Users/ug/ZEPA/Kritik/net_data/5G_Traffic_Datasets/VLC_Teams/teams_linux_20m_02.csv,pretrain,0,0.013877,True,0,0,0,22,3,29,0.2431,"[112, 112, 112, 66, 112, 66, 66, 66]","[0.0, 0.0, 0.013877, 0.0, 0.0, 0.0, 0.042102, 0.0]","[1, 1, -1, -1, -1, -1, 1, 1]"
video_conferencing,VLC_Teams,/indian-slp/Users/ug/ZEPA/Kritik/net_data/5G_Traffic_Datasets/VLC_Teams/teams_linux_20m_02.csv,pretrain,0,0.006677,True,0,0,0,22,3,29,0.2431,"[105, 105, 66, 66, 105, 105, 66, 66]","[0.0, 0.0, 0.006677, 0.0, 0.000236, 0.0, 0.042153, 0.0]","[1, 1, -1, -1, -1, -1, 1, 1]"
video_conferencing,VLC_Teams,/indian-slp/Users/ug/ZEPA/Kritik/net_data/5G_Traffic_Datasets/VLC_Teams/teams_linux_20m_02.csv,pretrain,0,0.006363,True,0,0,0,22,3,29,0.2431,"[112, 112, 66, 66, 112, 112, 66, 66]","[0.0, 0.0, 0.006363, 0.0, 0.001913, 0.0, 0.042606, 0.0]","[1, 1, -1, -1, -1, -1, 1, 1]"
video_conferencing,VLC_Teams,/indian-slp/Users/ug/ZEPA/Kritik/net_data/5G_Traffic_Datasets/VLC_Teams/teams_linux_20m_02.csv,pretrain,0,0.037809,True,0,0,0,22,3,29,0.2431,"[116, 116, 105, 105, 66, 66]","[0.0, 0.0, 0.037809, 0.0, 0.001406, 0.0]","[1, 1, -1, -1, 1, 1]"
video_conferencing,VLC_Teams,/indian-slp/Users/ug/ZEPA/Kritik/net_data/5G_Traffic_Datasets/VLC_Teams/teams_linux_20m_02.csv,pretrain,0,0.0061,True,0,0,0,22,3,29,0.2431,"[93, 93, 60, 93, 93, 60, 60, 60]","[0.0, 0.0, 0.0061, 0.0, 0.0, 0.0, 0.001429, 0.0]","[1, 1, -1, -1, -1, -1, 1, 1]"
video_conferencing,VLC_Teams,/indian-slp/Users/ug/ZEPA/Kritik/net_data/5G_Traffic_Datasets/VLC_Teams/teams_linux_20m_02.csv,pretrain,0,0.034513,True,0,0,0,22,3,29,0.2431,"[1355, 1355, 66, 66, 328, 117, 328, 117, 66, 66, 106, 106, 66, 66, 1427, 1427, 66, 66, 328, 328, 117, 117, 106, 66, 66, 106, 66, 66, 117, 117, 106, 106, 66, 66, 1355, 1355, 66, 66, 117, 117, 328, 328, 66, 66, 106, 106, 66, 66, 1355, 1355, 66, 66, 328, 328, 117, 117, 66, 66, 106, 106, 66, 66, 1464, 1464]","[0.0, 0.0, 0.001483, 0.0, 0.002209, 0.0, 0.0, 0.0, 0.032304, 0.0, 0.00031, 0.0, 0.041876, 0.0, 0.972329, 0.0, 0.001438, 0.0, 0.002009, 0.0, 0.0, 0.0, 0.033332, 0.0, 0.0, 0.0, 0.040877, 0.0, 7.642451, 0.0, 0.032831, 0.0, 0.001524, 0.0, 15.57751, 0.0, 0.001469, 0.0, 0.003282, 0.0, 0.0, 0.0, 0.033488, 0.0, 0.000168, 0.0, 0.045546, 0.0, 0.923632, 0.000104, 0.001807, 0.0, 0.001742, 0.0, 0.0, 0.0, 0.032137, 0.0, 0.000133, 0.0, 0.042428, 0.0, 8.454043, 0.0]","[-1, -1, 1, 1, 1, 1, 1, 1, -1, -1, -1, -1, 1, 1, -1, -1, 1, 1, 1, 1, 1, 1, -1, -1, -1, -1, 1, 1, 1, 1, -1, -1, 1, 1, -1, -1, 1, 1, 1, 1, 1, 1, -1, -1, -1, -1, 1, 1, -1, -1, 1, 1, 1, 1, 1, 1, -1, -1, -1, -1, 1, 1, -1, -1]"
video_conferencing,VLC_Teams,/indian-slp/Users/ug/ZEPA/Kritik/net_data/5G_Traffic_Datasets/VLC_Teams/teams_linux_20m_02.csv,pretrain,0,0.037966,True,0,0,0,22,3,29,0.2431,"[116, 116, 105, 105, 66, 66]","[0.0, 0.0, 0.037966, 0.0, 0.000487, 0.0]","[1, 1, -1, -1, 1, 1]"
video_conferencing,VLC_Teams,/indian-slp/Users/ug/ZEPA/Kritik/net_data/5G_Traffic_Datasets/VLC_Teams/teams_linux_20m_02.csv,pretrain,0,0.006732,True,0,0,0,22,3,29,0.2431,"[105, 105, 105, 105, 66, 66]","[0.0, 0.0, 0.006732, 0.0, 0.001385, 0.0]","[1, 1, -1, -1, 1, 1]"
video_conferencing,VLC_Teams,/indian-slp/Users/ug/ZEPA/Kritik/net_data/5G_Traffic_Datasets/VLC_Teams/teams_linux_20m_02.csv,pretrain,0,0.013906,True,0,0,0,22,3,29,0.2431,"[112, 112, 112, 112, 66, 66]","[0.0, 0.0, 0.013906, 0.0, 0.001442, 0.0]","[1, 1, -1, -1, 1, 1]"
video_conferencing,VLC_Teams,/indian-slp/Users/ug/ZEPA/Kritik/net_data/5G_Traffic_Datasets/VLC_Teams/teams_linux_20m_02.csv,pretrain,0,0.006732,True,0,0,0,22,3,29,0.2431,"[112, 112, 112, 112, 66, 66]","[0.0, 0.0, 0.006732, 0.0, 0.001385, 0.0]","[1, 1, -1, -1, 1, 1]"
video_conferencing,VLC_Teams,/indian-slp/Users/ug/ZEPA/Kritik/net_data/5G_Traffic_Datasets/VLC_Teams/teams_linux_20m_02.csv,pretrain,0,0.034776,True,2,0,0,22,3,29,0.2431,"[74, 74, 74, 74, 66, 66, 943, 943, 1506, 1506, 1506, 1506, 1506, 1506, 1506, 676, 676, 1506, 66, 66, 66, 66, 66, 66, 66, 66, 66, 66, 236, 146, 236, 146, 722, 722, 1494, 1494, 1494, 1494, 1494, 359, 359, 1494, 128, 128, 169, 169, 66, 66, 97, 97, 97, 66, 66, 97, 364, 364, 66, 66]","[0.0, 0.0, 0.034776, 0.0, 0.001907, 0.0, 0.001423, 0.0, 0.032562, 0.0, 0.0, 0.0, 0.0001, 0.0, 0.000211, 0.0, 0.0, 0.0, 0.001428, 0.0, 0.0, 0.0, 0.0, 0.0, 0.0, 0.0, 0.0, 0.0, 0.005985, 0.0, 0.0, 0.0, 3.8e-05, 0.0, 1.6e-05, 0.0, 9.6e-05, 0.0, 0.000114, 0.0, 0.0, 0.0, 0.043753, 0.0, 0.0, 0.0, 0.0, 0.0, 0.000121, 0.0, 0.004287, 0.0, 0.0, 0.0, 0.028653, 0.0, 0.041776, 0.0]","[1, 1, -1, -1, 1, 1, 1, 1, -1, -1, -1, -1, -1, -1, -1, -1, -1, -1, 1, 1, 1, 1, 1, 1, 1, 1, 1, 1, 1, 1, 1, 1, 1, 1, 1, 1, 1, 1, 1, 1, 1, 1, -1, -1, -1, -1, -1, -1, -1, -1, 1, -1, -1, 1, -1, -1, 1, 1]"
video_conferencing,VLC_Teams,/indian-slp/Users/ug/ZEPA/Kritik/net_data/5G_Traffic_Datasets/VLC_Teams/teams_linux_20m_02.csv,pretrain,0,0.032877,True,0,0,0,22,3,29,0.2431,"[117, 117, 106, 106, 66, 66]","[0.0, 0.0, 0.032877, 0.0, 0.001457, 0.0]","[1, 1, -1, -1, 1, 1]"
video_conferencing,VLC_Teams,/indian-slp/Users/ug/ZEPA/Kritik/net_data/5G_Traffic_Datasets/VLC_Teams/teams_linux_20m_02.csv,pretrain,0,0.037453,True,0,0,0,22,3,29,0.2431,"[116, 116, 105, 105, 66, 66]","[0.0, 0.0, 0.037453, 0.0, 0.001636, 0.0]","[1, 1, -1, -1, 1, 1]"
video_conferencing,VLC_Teams,/indian-slp/Users/ug/ZEPA/Kritik/net_data/5G_Traffic_Datasets/VLC_Teams/teams_linux_20m_02.csv,pretrain,0,0.03262,True,0,0,0,22,3,29,0.2431,"[117, 117, 106, 106, 66, 66]","[0.0, 0.0, 0.03262, 0.0, 0.001525, 0.0]","[1, 1, -1, -1, 1, 1]"
video_conferencing,VLC_Teams,/indian-slp/Users/ug/ZEPA/Kritik/net_data/5G_Traffic_Datasets/VLC_Teams/teams_linux_20m_02.csv,pretrain,0,0.038199,True,0,0,0,22,3,29,0.2431,"[116, 116, 105, 105, 66, 66]","[0.0, 0.0, 0.038199, 0.0, 0.001598, 0.0]","[1, 1, -1, -1, 1, 1]"
video_conferencing,VLC_Teams,/indian-slp/Users/ug/ZEPA/Kritik/net_data/5G_Traffic_Datasets/VLC_Teams/teams_linux_20m_02.csv,pretrain,0,0.031188,True,0,0,0,22,3,29,0.2431,"[105, 105, 105, 105, 66, 66]","[0.0, 0.0, 0.031188, 0.0, 0.001516, 0.0]","[1, 1, -1, -1, 1, 1]"
video_conferencing,VLC_Teams,/indian-slp/Users/ug/ZEPA/Kritik/net_data/5G_Traffic_Datasets/VLC_Teams/teams_linux_20m_02.csv,pretrain,0,0.033037,True,0,0,0,22,3,29,0.2431,"[117, 117, 106, 106, 66, 66, 565, 1464, 1464, 1464, 565, 1464, 66, 66, 66, 66, 66, 66, 1347, 1464, 1464, 1347, 66, 66, 66, 117, 66, 329, 329, 117, 106, 106, 66, 66, 328, 328, 66, 66, 1354, 1354, 117, 117, 327, 327, 66, 66, 106, 106, 66, 66, 1354, 1354, 66, 66, 117, 117, 327, 327, 66, 66, 106, 106, 66, 66]","[0.0, 0.0, 0.033037, 0.0, 0.001434, 0.0, 3.476533, 0.0, 0.0, 0.0, 0.0, 0.0, 0.001467, 0.0, 0.0, 0.0, 0.0, 0.0, 0.006546, 0.0, 0.0, 0.0, 0.001521, 0.0, 0.0, 0.0, 0.0, 0.0, 0.0, 0.0, 0.032491, 0.0, 0.0, 0.0, 0.001495, 0.0, 0.08487, 0.0, 0.282525, 0.0, 0.003343, 0.0, 0.0, 0.0, 0.032883, 0.0, 0.000132, 0.0, 0.046581, 0.0, 0.934244, 0.0, 0.001425, 0.0, 0.010563, 0.0, 0.0, 0.0, 0.032565, 0.0, 9.2e-05, 0.0, 0.042397, 0.0]","[1, 1, -1, -1, 1, 1, -1, -1, -1, -1, -1, -1, 1, 1, 1, 1, 1, 1, -1, -1, -1, -1, 1, 1, 1, 1, 1, 1, 1, 1, -1, -1, -1, -1, 1, 1, -1, -1, -1, -1, 1, 1, 1, 1, -1, -1, -1, -1, 1, 1, -1, -1, 1, 1, 1, 1, 1, 1, -1, -1, -1, -1, 1, 1]"
video_conferencing,VLC_Teams,/indian-slp/Users/ug/ZEPA/Kritik/net_data/5G_Traffic_Datasets/VLC_Teams/teams_linux_20m_02.csv,pretrain,0,0.037112,True,0,0,0,22,3,29,0.2431,"[116, 116, 105, 105, 66, 66]","[0.0, 0.0, 0.037112, 0.0, 0.001451, 0.0]","[1, 1, -1, -1, 1, 1]"
video_conferencing,VLC_Teams,/indian-slp/Users/ug/ZEPA/Kritik/net_data/5G_Traffic_Datasets/VLC_Teams/teams_linux_20m_02.csv,pretrain,0,0.007562,True,2,0,0,22,3,29,0.2431,"[74, 74, 74, 74, 66, 66, 1312, 1312, 66, 66, 284, 284, 130, 696, 66, 66, 130, 696, 66, 66, 898, 898, 205, 205, 66, 66, 258, 258, 66, 66]","[0.0, 0.0, 0.007562, 0.0, 0.001463, 0.0, 0.001516, 0.0, 0.006877, 0.0, 0.021581, 0.0, 0.001446, 0.0, 0.0, 0.0, 0.0, 0.0, 0.007307, 0.0, 0.15794, 0.0, 0.009292, 0.0, 0.010978, 0.0, 0.148901, 0.0, 0.042138, 0.0]","[1, 1, -1, -1, 1, 1, 1, 1, -1, -1, -1, -1, 1, 1, 1, 1, 1, 1, -1, -1, -1, -1, 1, 1, -1, -1, -1, -1, 1, 1]"
video_conferencing,VLC_Teams,/indian-slp/Users/ug/ZEPA/Kritik/net_data/5G_Traffic_Datasets/VLC_Teams/teams_linux_20m_02.csv,pretrain,0,0.033335,True,0,0,0,22,3,29,0.2431,"[117, 117, 106, 106, 66, 66]","[0.0, 0.0, 0.033335, 0.0, 0.001572, 0.0]","[1, 1, -1, -1, 1, 1]"
video_conferencing,VLC_Teams,/indian-slp/Users/ug/ZEPA/Kritik/net_data/5G_Traffic_Datasets/VLC_Teams/teams_linux_20m_02.csv,pretrain,0,0.037808,True,0,0,0,22,3,29,0.2431,"[116, 116, 105, 105, 66, 66]","[0.0, 0.0, 0.037808, 0.0, 0.00144, 0.0]","[1, 1, -1, -1, 1, 1]"
video_conferencing,VLC_Teams,/indian-slp/Users/ug/ZEPA/Kritik/net_data/5G_Traffic_Datasets/VLC_Teams/teams_linux_20m_02.csv,pretrain,0,0.096723,True,2,0,0,22,3,29,0.2431,"[74, 74, 74, 74, 66, 66, 943, 943, 1506, 1506, 1506, 1506, 1506, 1506, 1506, 1506, 673, 673, 66, 66, 66, 66, 66, 66, 66, 66, 66, 66, 146, 146, 236, 236, 722, 1494, 722, 1494, 1494, 1494, 804, 804, 1494, 1494, 66, 66, 169, 169, 128, 128, 97, 97, 66, 66, 66, 66, 66, 66, 97, 97, 365, 365, 66, 66]","[0.0, 0.0, 0.096723, 0.0, 0.001369, 0.0, 0.001724, 0.0, 0.09831, 0.0, 0.0, 0.0, 7.9e-05, 0.0, 0.0, 0.0, 0.00022, 0.0, 0.001306, 0.0, 0.0, 0.0, 0.0, 0.0, 0.0, 0.0, 0.0, 0.0, 0.005791, 0.0, 0.0, 0.0, 0.000119, 0.0, 0.0, 0.0, 0.0, 0.0, 0.000144, 0.0, 0.0, 0.0, 0.095868, 0.0, 0.000253, 0.0, 0.000154, 0.0, 0.00042, 0.0, 0.000598, 0.0, 0.0, 0.0, 0.0, 0.0, 0.000963, 0.0, 0.096088, 0.0, 0.042024, 0.0]","[1, 1, -1, -1, 1, 1, 1, 1, -1, -1, -1, -1, -1, -1, -1, -1, -1, -1, 1, 1, 1, 1, 1, 1, 1, 1, 1, 1, 1, 1, 1, 1, 1, 1, 1, 1, 1, 1, 1, 1, 1, 1, -1, -1, -1, -1, -1, -1, -1, -1, -1, -1, -1, -1, -1, -1, 1, 1, -1, -1, 1, 1]"
video_conferencing,VLC_Teams,/indian-slp/Users/ug/ZEPA/Kritik/net_data/5G_Traffic_Datasets/VLC_Teams/teams_linux_20m_02.csv,pretrain,0,0.032548,True,0,0,0,22,3,29,0.2431,"[117, 117, 106, 106, 66, 66]","[0.0, 0.0, 0.032548, 0.0, 0.00065, 0.0]","[1, 1, -1, -1, 1, 1]"
video_conferencing,VLC_Teams,/indian-slp/Users/ug/ZEPA/Kritik/net_data/5G_Traffic_Datasets/VLC_Teams/teams_linux_20m_02.csv,pretrain,0,0.037223,True,0,0,0,22,3,29,0.2431,"[116, 116, 105, 105, 66, 66]","[0.0, 0.0, 0.037223, 0.0, 0.001341, 0.0]","[1, 1, -1, -1, 1, 1]"
video_conferencing,VLC_Teams,/indian-slp/Users/ug/ZEPA/Kritik/net_data/5G_Traffic_Datasets/VLC_Teams/teams_linux_20m_02.csv,pretrain,0,0.104757,True,0,0,0,22,3,29,0.2431,"[105, 105, 105, 105, 66, 66]","[0.0, 0.0, 0.104757, 0.0, 0.001427, 0.0]","[1, 1, -1, -1, 1, 1]"
video_conferencing,VLC_Teams,/indian-slp/Users/ug/ZEPA/Kritik/net_data/5G_Traffic_Datasets/VLC_Teams/teams_linux_20m_02.csv,pretrain,0,0.011287,True,0,0,0,22,3,29,0.2431,"[1464, 1347, 1347, 1464, 66, 66, 66, 66, 117, 328, 117, 328, 1464, 1464, 1464, 1464, 563, 563, 66, 66, 327, 327, 66, 66, 106, 106, 66, 66, 66, 66, 1464, 567, 567, 1464, 1464, 1464, 66, 66, 66, 66, 66, 66, 327, 117, 327, 117, 1319, 1464, 1464, 1319, 66, 66, 66, 66, 328, 106, 328, 106, 66, 66, 66, 66, 1354, 1354]","[0.0, 0.0, 0.0, 0.0, 0.001492, 0.0, 0.0, 0.0, 0.00688, 0.0, 0.0, 0.0, 0.004407, 0.0, 0.0, 0.0, 0.0, 0.0, 0.001799, 0.0, 0.01914, 0.0, 0.007938, 0.0, 0.0, 0.0, 0.042379, 0.0, 0.035272, 0.0, 0.184617, 0.0, 0.0, 0.0, 0.0, 0.0, 0.001123, 0.0, 0.0, 0.0, 0.0, 0.0, 0.002713, 0.0, 0.0, 0.0, 0.015844, 0.0, 0.0, 0.0, 0.001467, 0.0, 0.015306, 0.0, 0.000498, 0.0, 0.0, 0.0, 0.04157, 0.0, 0.036806, 0.0, 0.611282, 0.0]","[-1, -1, -1, -1, 1, 1, 1, 1, 1, 1, 1, 1, -1, -1, -1, -1, -1, -1, 1, 1, 1, 1, -1, -1, -1, -1, 1, 1, -1, -1, -1, -1, -1, -1, -1, -1, 1, 1, 1, 1, 1, 1, 1, 1, 1, 1, -1, -1, -1, -1, 1, 1, -1, -1, 1, -1, 1, -1, 1, 1, -1, -1, -1, -1]"
video_conferencing,VLC_Teams,/indian-slp/Users/ug/ZEPA/Kritik/net_data/5G_Traffic_Datasets/VLC_Teams/teams_linux_20m_02.csv,pretrain,0,0.040741,True,0,0,0,22,3,29,0.2431,"[116, 116, 105, 105, 66, 66]","[0.0, 0.0, 0.040741, 0.0, 0.001415, 0.0]","[1, 1, -1, -1, 1, 1]"
video_conferencing,VLC_Teams,/indian-slp/Users/ug/ZEPA/Kritik/net_data/5G_Traffic_Datasets/VLC_Teams/teams_linux_20m_02.csv,pretrain,0,0.00596,True,2,0,0,22,3,29,0.2431,"[74, 74, 66, 66, 60, 60, 1494, 1494, 187, 187, 60, 60, 60, 60, 1506, 1506, 1506, 1506, 1506, 1506, 1506, 1506, 256, 256, 60, 60, 60, 60, 60, 60, 60, 60, 134, 224, 134, 224, 60, 513, 60, 513, 116, 116, 60, 85, 60, 85, 85, 85, 60, 60]","[0.0, 0.0, 0.00596, 0.0, 0.001424, 0.0, 0.001315, 0.0, 0.0, 0.0, 0.005647, 0.0, 0.000256, 0.0, 0.003575, 0.0, 0.0, 0.0, 0.000119, 0.0, 0.0, 0.0, 0.0, 0.0, 0.001372, 0.0, 0.0, 0.0, 0.0, 0.0, 0.0, 0.0, 0.003411, 0.0, 0.0, 0.0, 0.005545, 0.0, 0.0, 0.0, 0.000148, 0.0, 0.001738, 0.0, 0.0, 0.0, 0.005312, 0.0, 0.042761, 0.0]","[1, 1, -1, -1, 1, 1, 1, 1, 1, 1, -1, -1, -1, -1, -1, -1, -1, -1, -1, -1, -1, -1, -1, -1, 1, 1, 1, 1, 1, 1, 1, 1, 1, 1, 1, 1, -1, -1, -1, -1, -1, -1, 1, 1, 1, 1, -1, -1, 1, 1]"
video_conferencing,VLC_Teams,/indian-slp/Users/ug/ZEPA/Kritik/net_data/5G_Traffic_Datasets/VLC_Teams/teams_linux_20m_02.csv,pretrain,0,0.036975,True,0,0,0,22,3,29,0.2431,"[116, 116, 105, 105, 66, 66]","[0.0, 0.0, 0.036975, 0.0, 0.001589, 0.0]","[1, 1, -1, -1, 1, 1]"
video_conferencing,VLC_Teams,/indian-slp/Users/ug/ZEPA/Kritik/net_data/5G_Traffic_Datasets/VLC_Teams/teams_linux_20m_02.csv,pretrain,0,0.032686,True,0,0,0,22,3,29,0.2431,"[117, 117, 106, 106, 66, 66]","[0.0, 0.0, 0.032686, 0.0, 0.001474, 0.0]","[1, 1, -1, -1, 1, 1]"
video_conferencing,VLC_Teams,/indian-slp/Users/ug/ZEPA/Kritik/net_data/5G_Traffic_Datasets/VLC_Teams/teams_linux_20m_02.csv,pretrain,0,0.09845,True,0,0,0,22,3,29,0.2431,"[219, 1183, 219, 1183, 549, 1494, 1494, 1494, 1494, 1494, 1494, 549, 66, 66, 66, 66, 66, 66, 168, 168, 66, 66]","[0.0, 0.0, 0.0, 0.0, 0.000159, 0.0, 0.0, 0.0, 0.0, 0.0, 0.0, 0.0, 0.098291, 0.0, 0.000287, 0.0, 0.0, 0.0, 0.013481, 0.0, 0.001458, 0.0]","[1, 1, 1, 1, 1, 1, 1, 1, 1, 1, 1, 1, -1, -1, -1, -1, -1, -1, -1, -1, 1, 1]"
video_conferencing,VLC_Teams,/indian-slp/Users/ug/ZEPA/Kritik/net_data/5G_Traffic_Datasets/VLC_Teams/teams_linux_20m_02.csv,pretrain,0,0.005526,True,0,0,0,22,3,29,0.2431,"[93, 93, 60, 93, 60, 93, 60, 60]","[0.0, 0.0, 0.005526, 0.0, 0.0, 0.0, 0.00172, 0.0]","[1, 1, -1, -1, -1, -1, 1, 1]"
video_conferencing,VLC_Teams,/indian-slp/Users/ug/ZEPA/Kritik/net_data/5G_Traffic_Datasets/VLC_Teams/teams_linux_20m_02.csv,pretrain,0,0.032804,True,0,0,0,22,3,29,0.2431,"[117, 117, 106, 106, 66, 66]","[0.0, 0.0, 0.032804, 0.0, 0.00153, 0.0]","[1, 1, -1, -1, 1, 1]"
video_conferencing,VLC_Teams,/indian-slp/Users/ug/ZEPA/Kritik/net_data/5G_Traffic_Datasets/VLC_Teams/teams_linux_20m_02.csv,pretrain,0,0.044209,True,0,0,0,22,3,29,0.2431,"[1464, 1464, 1464, 1464, 992, 1464, 1464, 992, 66, 66, 66, 66, 66, 66, 66, 66, 116, 351, 351, 116, 66, 66, 105, 105, 66, 66, 1464, 1464, 1464, 1464, 993, 1464, 1464, 993, 66, 66, 66, 66, 66, 66, 66, 66, 116, 351, 351, 116, 66, 66, 105, 105, 66, 66, 116, 116, 105, 105, 66, 66]","[0.0, 0.0, 0.0, 0.0, 0.000111, 0.0, 0.0, 0.000131, 0.001476, 0.0, 0.0, 0.0, 0.0, 0.0, 0.0, 0.0, 0.007681, 0.0, 0.0, 0.0, 0.036528, 0.0, 0.000344, 0.0, 0.041868, 0.0, 0.07664, 0.0, 0.0, 0.0, 0.000133, 0.0, 0.0, 0.0, 0.001314, 0.0, 0.0, 0.0, 0.0, 0.0, 0.0, 0.0, 0.001602, 0.0, 0.0, 0.0, 0.036814, 0.0, 0.000138, 0.0, 0.042279, 0.0, 0.709871, 0.0, 0.037762, 0.0, 0.001581, 0.0]","[-1, -1, -1, -1, -1, -1, -1, -1, 1, 1, 1, 1, 1, 1, 1, 1, 1, 1, 1, 1, -1, -1, -1, -1, 1, 1, -1, -1, -1, -1, -1, -1, -1, -1, 1, 1, 1, 1, 1, 1, 1, 1, 1, 1, 1, 1, -1, -1, -1, -1, 1, 1, 1, 1, -1, -1, 1, 1]"
video_conferencing,VLC_Teams,/indian-slp/Users/ug/ZEPA/Kritik/net_data/5G_Traffic_Datasets/VLC_Teams/teams_linux_20m_02.csv,pretrain,0,0.156632,True,0,0,0,22,3,29,0.2431,"[105, 105, 105, 105, 66, 66]","[0.0, 0.0, 0.156632, 0.0, 0.001458, 0.0]","[1, 1, -1, -1, 1, 1]"
video_conferencing,VLC_Teams,/indian-slp/Users/ug/ZEPA/Kritik/net_data/5G_Traffic_Datasets/VLC_Teams/teams_linux_20m_02.csv,pretrain,0,0.04266,True,0,0,0,22,3,29,0.2431,"[661, 1464, 1464, 1464, 661, 1464, 66, 66, 66, 66, 66, 66, 328, 117, 328, 117, 66, 66, 106, 106, 66, 66, 117, 117, 106, 106, 66, 66]","[0.0, 0.0, 0.0, 0.0, 0.0, 0.0, 0.001858, 0.0, 0.0, 0.0, 0.0, 0.0, 0.009849, 0.0, 0.0, 0.0, 0.032811, 0.0, 0.000198, 0.0, 0.041322, 0.0, 5.155977, 0.0, 0.032416, 0.0, 0.00158, 0.0]","[-1, -1, -1, -1, -1, -1, 1, 1, 1, 1, 1, 1, 1, 1, 1, 1, -1, -1, -1, -1, 1, 1, 1, 1, -1, -1, 1, 1]"
video_conferencing,VLC_Teams,/indian-slp/Users/ug/ZEPA/Kritik/net_data/5G_Traffic_Datasets/VLC_Teams/teams_linux_20m_02.csv,pretrain,0,0.037617,True,0,0,0,22,3,29,0.2431,"[116, 116, 105, 105, 66, 66]","[0.0, 0.0, 0.037617, 0.0, 0.001549, 0.0]","[1, 1, -1, -1, 1, 1]"
video_conferencing,VLC_Teams,/indian-slp/Users/ug/ZEPA/Kritik/net_data/5G_Traffic_Datasets/VLC_Teams/teams_linux_20m_02.csv,pretrain,0,0.032853,True,0,0,0,22,3,29,0.2431,"[117, 117, 106, 106, 66, 66]","[0.0, 0.0, 0.032853, 0.0, 0.001493, 0.0]","[1, 1, -1, -1, 1, 1]"
video_conferencing,VLC_Teams,/indian-slp/Users/ug/ZEPA/Kritik/net_data/5G_Traffic_Datasets/VLC_Teams/teams_linux_20m_02.csv,pretrain,0,0.041467,True,0,0,0,22,3,29,0.2431,"[116, 116, 105, 105, 66, 66]","[0.0, 0.0, 0.041467, 0.0, 0.001424, 0.0]","[1, 1, -1, -1, 1, 1]"
video_conferencing,VLC_Teams,/indian-slp/Users/ug/ZEPA/Kritik/net_data/5G_Traffic_Datasets/VLC_Teams/teams_linux_20m_02.csv,pretrain,0,0.106086,True,0,0,0,22,3,29,0.2431,"[105, 105, 105, 105, 66, 66, 1258, 1258, 275, 275, 1213, 1213, 66, 66, 164, 164, 66, 66]","[0.0, 0.0, 0.106086, 0.0, 0.00166, 0.0, 0.9026, 0.0, 0.0, 0.0, 0.000153, 0.0, 0.097599, 0.0, 0.000608, 0.0, 0.001587, 0.0]","[1, 1, -1, -1, 1, 1, 1, 1, 1, 1, 1, 1, -1, -1, -1, -1, 1, 1]"
video_conferencing,VLC_Teams,/indian-slp/Users/ug/ZEPA/Kritik/net_data/5G_Traffic_Datasets/VLC_Teams/teams_linux_20m_02.csv,pretrain,0,0.033198,True,0,0,0,22,3,29,0.2431,"[117, 117, 106, 106, 66, 66]","[0.0, 0.0, 0.033198, 0.0, 0.00152, 0.0]","[1, 1, -1, -1, 1, 1]"
video_conferencing,VLC_Teams,/indian-slp/Users/ug/ZEPA/Kritik/net_data/5G_Traffic_Datasets/VLC_Teams/teams_linux_20m_02.csv,pretrain,0,0.03726,True,0,0,0,22,3,29,0.2431,"[116, 116, 105, 105, 66, 66]","[0.0, 0.0, 0.03726, 0.0, 0.001514, 0.0]","[1, 1, -1, -1, 1, 1]"
video_conferencing,VLC_Teams,/indian-slp/Users/ug/ZEPA/Kritik/net_data/5G_Traffic_Datasets/VLC_Teams/teams_linux_20m_02.csv,pretrain,0,0.096346,True,0,0,0,22,3,29,0.2431,"[105, 105, 105, 105, 66, 66]","[0.0, 0.0, 0.096346, 0.0, 0.001466, 0.0]","[1, 1, -1, -1, 1, 1]"
video_conferencing,VLC_Teams,/indian-slp/Users/ug/ZEPA/Kritik/net_data/5G_Traffic_Datasets/VLC_Teams/teams_linux_20m_02.csv,pretrain,0,0.033082,True,0,0,0,22,3,29,0.2431,"[117, 117, 106, 106, 66, 66]","[0.0, 0.0, 0.033082, 0.0, 0.00133, 0.0]","[1, 1, -1, -1, 1, 1]"
video_conferencing,VLC_Teams,/indian-slp/Users/ug/ZEPA/Kritik/net_data/5G_Traffic_Datasets/VLC_Teams/teams_linux_20m_02.csv,pretrain,0,0.037035,True,0,0,0,22,3,29,0.2431,"[116, 116, 105, 105, 66, 66]","[0.0, 0.0, 0.037035, 0.0, 0.001356, 0.0]","[1, 1, -1, -1, 1, 1]"
video_conferencing,VLC_Teams,/indian-slp/Users/ug/ZEPA/Kritik/net_data/5G_Traffic_Datasets/VLC_Teams/teams_linux_20m_02.csv,pretrain,0,0.032862,True,0,0,0,22,3,29,0.2431,"[117, 117, 106, 106, 66, 66]","[0.0, 0.0, 0.032862, 0.0, 0.001456, 0.0]","[1, 1, -1, -1, 1, 1]"
video_conferencing,VLC_Teams,/indian-slp/Users/ug/ZEPA/Kritik/net_data/5G_Traffic_Datasets/VLC_Teams/teams_linux_20m_02.csv,pretrain,0,0.03819,True,0,0,0,22,3,29,0.2431,"[116, 116, 105, 105, 66, 66]","[0.0, 0.0, 0.03819, 0.0, 0.001512, 0.0]","[1, 1, -1, -1, 1, 1]"
video_conferencing,VLC_Teams,/indian-slp/Users/ug/ZEPA/Kritik/net_data/5G_Traffic_Datasets/VLC_Teams/teams_linux_20m_02.csv,pretrain,0,0.034917,True,0,0,0,22,3,29,0.2431,"[117, 117, 106, 106, 66, 66]","[0.0, 0.0, 0.034917, 0.0, 0.000122, 0.0]","[1, 1, -1, -1, 1, 1]"
video_conferencing,VLC_Teams,/indian-slp/Users/ug/ZEPA/Kritik/net_data/5G_Traffic_Datasets/VLC_Teams/teams_linux_20m_02.csv,pretrain,0,0.037119,True,0,0,0,22,3,29,0.2431,"[116, 116, 105, 105, 66, 66]","[0.0, 0.0, 0.037119, 0.0, 0.001501, 0.0]","[1, 1, -1, -1, 1, 1]"
video_conferencing,VLC_Teams,/indian-slp/Users/ug/ZEPA/Kritik/net_data/5G_Traffic_Datasets/VLC_Teams/teams_linux_20m_02.csv,pretrain,0,0.15372,True,2,0,0,22,3,29,0.2431,"[74, 74, 74, 74, 66, 66, 943, 943, 1506, 1506, 1506, 1506, 1506, 1506, 1506, 1506, 675, 675, 66, 66, 66, 66, 66, 66, 66, 66, 66, 66, 669, 669, 146, 146, 236, 236, 964, 1494, 964, 1494, 66, 169, 66, 66, 169, 66, 128, 128, 97, 97, 66, 66, 396, 396, 66, 66, 66, 66]","[0.0, 0.0, 0.15372, 0.0, 0.001546, 0.0, 0.002039, 0.0, 0.162735, 0.0, 0.0, 0.0, 0.000105, 0.0, 0.0, 0.0, 0.00022, 0.0, 0.0013, 0.0, 0.0, 0.0, 0.0, 0.0, 0.0, 0.0, 0.0, 0.0, 0.006705, 0.0, 0.0, 0.0, 0.0, 0.0, 0.000129, 0.0, 0.0, 0.0, 0.153457, 0.0, 0.0, 0.0, 0.0, 0.0, 0.002042, 0.0, 0.001958, 0.0, 0.0, 0.0, 0.153323, 0.0, 0.041809, 0.0, 0.001516, 0.0]","[1, 1, -1, -1, 1, 1, 1, 1, -1, -1, -1, -1, -1, -1, -1, -1, -1, -1, 1, 1, 1, 1, 1, 1, 1, 1, 1, 1, 1, 1, 1, 1, 1, 1, 1, 1, 1, 1, -1, -1, -1, -1, -1, -1, -1, -1, 1, 1, 1, 1, -1, -1, 1, 1, -1, -1]"
video_conferencing,VLC_Teams,/indian-slp/Users/ug/ZEPA/Kritik/net_data/5G_Traffic_Datasets/VLC_Teams/teams_linux_20m_02.csv,pretrain,0,0.032614,True,0,0,0,22,3,29,0.2431,"[117, 117, 106, 106, 66, 66]","[0.0, 0.0, 0.032614, 0.0, 0.001607, 0.0]","[1, 1, -1, -1, 1, 1]"
video_conferencing,VLC_Teams,/indian-slp/Users/ug/ZEPA/Kritik/net_data/5G_Traffic_Datasets/VLC_Teams/teams_linux_20m_02.csv,pretrain,0,0.036666,True,0,0,0,22,3,29,0.2431,"[116, 116, 105, 105, 66, 66]","[0.0, 0.0, 0.036666, 0.0, 0.001528, 0.0]","[1, 1, -1, -1, 1, 1]"
video_conferencing,VLC_Teams,/indian-slp/Users/ug/ZEPA/Kritik/net_data/5G_Traffic_Datasets/VLC_Teams/teams_linux_20m_02.csv,pretrain,1,0.011647,True,0,0,0,22,3,29,0.2431,"[198, 198, 202, 202, 158, 158, 198, 198, 198, 198, 198, 198, 194, 194, 198, 198, 198, 198, 158, 158, 210, 210, 202, 202, 210, 210, 202, 202, 202, 202, 198, 198, 198, 198, 202, 202, 194, 194, 198, 198, 202, 202, 194, 194, 190, 190, 198, 198, 190, 190, 190, 190, 194, 194, 198, 198, 198, 198, 198, 198, 202, 202, 198, 198]","[0.0, 0.0, 0.011392, 0.0, 0.000255, 0.0, 0.020813, 0.0, 0.021751, 0.0, 0.021039, 0.0, 0.021129, 0.0, 0.021853, 0.0, 0.020946, 0.0, 0.004132, 0.0, 0.017002, 0.0, 0.010678, 0.0, 0.021499, 0.0, 0.021484, 0.0, 0.02101, 0.0, 0.02131, 0.0, 0.022552, 0.0, 0.020091, 0.0, 0.021425, 0.0, 0.010841, 0.0, 0.020847, 0.0, 0.022301, 0.0, 0.020621, 0.0, 0.021901, 0.0, 0.021302, 0.0, 0.020726, 0.0, 0.021213, 0.0, 0.011003, 0.0, 0.021294, 0.0, 0.021184, 0.0, 0.021406, 0.0, 0.021312, 0.0]","[1, 1, 1, 1, -1, -1, 1, 1, 1, 1, 1, 1, 1, 1, 1, 1, 1, 1, 1, 1, 1, 1, 1, 1, 1, 1, 1, 1, 1, 1, 1, 1, 1, 1, 1, 1, 1, 1, 1, 1, 1, 1, 1, 1, 1, 1, 1, 1, 1, 1, 1, 1, 1, 1, 1, 1, 1, 1, 1, 1, 1, 1, 1, 1]"
video_conferencing,VLC_Teams,/indian-slp/Users/ug/ZEPA/Kritik/net_data/5G_Traffic_Datasets/VLC_Teams/teams_linux_20m_02.csv,pretrain,0,0.030514,True,0,0,0,22,3,29,0.2431,"[97, 97, 93, 93, 60, 60, 97, 97, 93, 93, 60, 60, 97, 97, 93, 93, 60, 60, 97, 97, 93, 93, 60, 60, 97, 97, 93, 93, 60, 60, 97, 97, 93, 93, 60, 60, 97, 97, 93, 93, 60, 60, 97, 97, 93, 93, 60, 60, 97, 97, 93, 93, 60, 60, 97, 97, 93, 93, 60, 60, 97, 97, 93, 93]","[0.0, 0.0, 0.030514, 0.0, 0.001405, 0.0, 15.006224, 0.0, 0.030791, 0.0, 0.003968, 0.0, 14.998601, 0.0, 0.030292, 0.0, 0.001419, 0.0, 15.004055, 0.0, 0.03399, 0.0, 0.001354, 0.0, 15.011022, 0.0, 0.030217, 0.0, 0.001426, 0.0, 15.005696, 9.2e-05, 0.030148, 0.0, 0.001483, 0.0, 15.00626, 0.0, 0.030897, 0.0, 0.001428, 0.0, 15.009928, 0.0, 0.03021, 0.0, 0.001435, 0.0, 15.001553, 0.0, 0.030415, 0.0, 0.001402, 0.0, 15.00316, 0.0, 0.030894, 0.0, 0.001455, 0.0, 15.001401, 0.0, 0.030292, 0.0]","[1, 1, -1, -1, 1, 1, 1, 1, -1, -1, 1, 1, 1, 1, -1, -1, 1, 1, 1, 1, -1, -1, 1, 1, 1, 1, -1, -1, 1, 1, 1, 1, -1, -1, 1, 1, 1, 1, -1, -1, 1, 1, 1, 1, -1, -1, 1, 1, 1, 1, -1, -1, 1, 1, 1, 1, -1, -1, 1, 1, 1, 1, -1, -1]"
video_conferencing,VLC_Teams,/indian-slp/Users/ug/ZEPA/Kritik/net_data/5G_Traffic_Datasets/VLC_Teams/teams_linux_20m_02.csv,pretrain,0,0.03843,True,0,0,0,22,3,29,0.2431,"[502, 502, 255, 255, 66, 66, 181, 181, 1134, 288, 1134, 288, 150, 150, 301, 301, 380, 380, 1494, 1494, 1494, 1494, 1494, 1494, 1494, 1494, 1494, 1494, 1494, 1494, 66, 66, 1494, 1494, 1494, 1494, 1494, 1494, 1494, 1494, 195, 195, 66, 66, 66, 66, 66, 66, 66, 66, 1494, 1494, 803, 803, 66, 66, 66, 66, 66, 66, 159, 159, 66, 66]","[0.0, 0.0, 0.033004, 0.0, 0.005426, 0.0, 0.001416, 0.0, 0.001973, 0.0, 0.0, 0.0, 0.029535, 0.0, 0.002232, 0.0, 0.0, 0.0, 9.6e-05, 0.0, 0.0, 0.0, 0.0, 0.0, 0.000111, 0.0, 0.0, 0.0, 0.0, 0.0, 0.00582, 0.0, 0.001318, 0.0, 0.00013, 0.0, 0.0, 0.0, 0.0, 0.0, 0.027913, 0.0, 0.002476, 0.0, 0.000264, 0.0, 0.000429, 0.0, 0.0, 0.0, 0.000665, 0.0, 0.0, 0.0, 0.006284, 0.0, 0.000518, 0.0, 0.031818, 0.0, 0.026641, 0.0, 0.047507, 0.0]","[1, 1, 1, 1, -1, -1, -1, -1, 1, 1, 1, 1, -1, -1, 1, 1, 1, 1, 1, 1, 1, 1, 1, 1, 1, 1, 1, 1, 1, 1, -1, -1, 1, 1, 1, 1, 1, 1, 1, 1, -1, -1, -1, -1, -1, -1, -1, -1, -1, -1, 1, 1, 1, 1, -1, -1, -1, -1, -1, -1, -1, -1, 1, 1]"
video_conferencing,VLC_Teams,/indian-slp/Users/ug/ZEPA/Kritik/net_data/5G_Traffic_Datasets/VLC_Teams/teams_linux_20m_02.csv,pretrain,0,0.011185,True,0,0,2,22,3,29,0.2431,"[93, 93, 93, 93, 60, 60, 60, 60, 60, 60]","[0.0, 0.0, 0.011185, 0.0, 0.0, 0.0, 0.001504, 0.0, 5.401476, 0.0]","[1, 1, -1, -1, -1, -1, 1, 1, -1, -1]"
video_conferencing,VLC_Teams,/indian-slp/Users/ug/ZEPA/Kritik/net_data/5G_Traffic_Datasets/VLC_Teams/teams_linux_20m_02.csv,pretrain,0,0.101323,True,2,4,0,22,3,29,0.2431,"[74, 74, 74, 74, 66, 154, 154, 66, 255, 255, 66, 66, 66, 66, 66, 66, 66, 66, 66, 66]","[0.0, 0.0, 0.101323, 0.0, 0.001074, 0.0, 0.0, 0.0, 0.10115, 0.0, 0.000682, 0.0, 0.000751, 0.0, 0.0, 0.0, 0.0, 0.0, 0.100882, 0.0]","[1, 1, -1, -1, 1, 1, 1, 1, -1, -1, -1, -1, 1, 1, 1, 1, 1, 1, -1, -1]"
video_conferencing,VLC_Teams,/indian-slp/Users/ug/ZEPA/Kritik/net_data/5G_Traffic_Datasets/VLC_Teams/teams_linux_20m_02.csv,pretrain,0,0.162597,True,0,0,2,22,3,29,0.2431,"[105, 105, 105, 105, 66, 66, 60, 60]","[0.0, 0.0, 0.162597, 0.0, 0.001533, 0.0, 6.803205, 0.0]","[1, 1, -1, -1, 1, 1, -1, -1]"
video_conferencing,VLC_Teams,/indian-slp/Users/ug/ZEPA/Kritik/net_data/5G_Traffic_Datasets/VLC_Teams/teams_linux_20m_02.csv,pretrain,0,0.00524,True,0,0,2,22,3,29,0.2431,"[93, 93, 60, 60, 93, 93, 60, 60, 60, 60]","[0.0, 0.0, 0.00524, 0.0, 0.0, 0.0, 0.001539, 0.0, 7.001426, 0.0]","[1, 1, -1, -1, -1, -1, 1, 1, -1, -1]"
video_conferencing,VLC_Teams,/indian-slp/Users/ug/ZEPA/Kritik/net_data/5G_Traffic_Datasets/VLC_Teams/teams_linux_20m_02.csv,pretrain,0,0.009549,True,0,4,2,22,3,29,0.2431,"[105, 105, 105, 105, 66, 66, 90, 90, 66, 66, 105, 66, 66, 90, 66, 90, 105, 66, 60, 60]","[0.0, 0.0, 0.009549, 0.0, 0.001694, 0.0, 3.795984, 0.0, 0.0, 0.0, 0.001614, 0.0, 0.0, 0.0, 0.0, 0.0, 0.0, 0.0, 0.005928, 0.0]","[1, 1, -1, -1, 1, 1, -1, -1, -1, -1, 1, 1, 1, 1, 1, 1, 1, 1, -1, -1]"
video_conferencing,VLC_Teams,/indian-slp/Users/ug/ZEPA/Kritik/net_data/5G_Traffic_Datasets/VLC_Teams/teams_linux_20m_02.csv,pretrain,0,0.031805,True,2,4,0,22,3,29,0.2431,"[74, 74, 74, 74, 66, 66, 154, 154, 255, 255, 66, 66, 66, 66, 66, 66, 66, 66]","[0.0, 0.0, 0.031805, 0.0, 0.00154, 0.0, 0.0, 0.0, 0.032587, 0.0, 0.0, 0.0, 0.001482, 0.0, 0.0, 0.0, 0.031925, 0.0]","[1, 1, -1, -1, 1, 1, 1, 1, -1, -1, -1, -1, 1, 1, 1, 1, -1, -1]"
video_conferencing,VLC_Teams,/indian-slp/Users/ug/ZEPA/Kritik/net_data/5G_Traffic_Datasets/VLC_Teams/teams_linux_20m_02.csv,pretrain,0,0.034117,True,2,4,0,22,3,29,0.2431,"[74, 74, 74, 74, 66, 66, 846, 846, 1322, 1322, 72, 72, 66, 66, 66, 66, 66, 66, 128, 128, 834, 834, 97, 97, 1428, 1428, 305, 305, 105, 105, 66, 66, 66, 66, 66, 66, 66, 66, 66, 66, 66, 150, 66, 150, 97, 105, 105, 97, 66, 90, 90, 66, 66, 66, 66, 66, 66, 66]","[0.0, 0.0, 0.034117, 0.0, 0.000668, 0.0, 0.001586, 0.0, 0.0, 0.0, 0.0, 0.0, 0.032526, 0.0, 0.0, 0.0, 0.000323, 0.0, 0.020132, 0.0, 0.0, 0.0, 0.000174, 0.0, 0.000573, 0.0, 0.0, 0.0, 0.000146, 0.0, 0.000532, 0.0, 0.0, 0.0, 0.0, 0.0, 0.0, 0.0, 0.0, 0.0, 4.4e-05, 0.0, 0.0, 0.0, 0.001564, 0.0, 0.0, 0.0, 0.002014, 0.0, 0.0, 0.0, 0.031373, 0.0, 0.001045, 0.0, 0.001328, 0.0]","[1, 1, -1, -1, 1, 1, 1, 1, 1, 1, 1, 1, -1, -1, -1, -1, -1, -1, -1, -1, -1, -1, -1, -1, -1, -1, -1, -1, -1, -1, 1, 1, 1, 1, 1, 1, 1, 1, 1, 1, 1, 1, 1, 1, 1, 1, 1, 1, 1, 1, 1, 1, -1, -1, -1, -1, 1, 1]"
video_conferencing,VLC_Teams,/indian-slp/Users/ug/ZEPA/Kritik/net_data/5G_Traffic_Datasets/VLC_Teams/teams_linux_20m_02.csv,pretrain,2,0.028268,True,0,0,0,22,3,29,0.2431,"[1294, 1294, 1294, 1294, 559, 559, 613, 613, 166, 166, 73, 73, 73, 73, 74, 74, 99, 99, 1290, 1290, 78, 78, 69, 69]","[0.0, 0.0, 0.028268, 0.0, 0.002061, 0.0, 0.006248, 0.0, 0.00015, 0.0, 0.001791, 0.0, 0.023658, 0.0, 0.021036, 0.0, 0.178373, 0.0, 0.0, 0.0, 0.001752, 0.0, 0.037486, 0.0]","[1, 1, -1, -1, 1, 1, -1, -1, -1, -1, 1, 1, -1, -1, 1, 1, -1, -1, -1, -1, 1, 1, -1, -1]"
video_conferencing,VLC_Teams,/indian-slp/Users/ug/ZEPA/Kritik/net_data/5G_Traffic_Datasets/VLC_Teams/teams_linux_20m_02.csv,pretrain,0,0.006452,True,0,4,6,22,3,29,0.2431,"[105, 105, 105, 105, 66, 66, 90, 66, 90, 66, 105, 90, 66, 66, 66, 105, 90, 66, 60, 60, 60, 60, 60, 60]","[0.0, 0.0, 0.006452, 0.0, 0.001514, 0.0, 2.599157, 0.0, 0.0, 0.0, 0.001451, 0.0, 0.0, 0.0, 0.0, 0.0, 0.0, 0.0, 0.006307, 0.0, 0.0, 0.0, 0.000361, 0.0]","[1, 1, -1, -1, 1, 1, -1, -1, -1, -1, 1, 1, 1, 1, 1, 1, 1, 1, -1, -1, -1, -1, -1, -1]"
video_conferencing,VLC_Teams,/indian-slp/Users/ug/ZEPA/Kritik/net_data/5G_Traffic_Datasets/VLC_Teams/teams_linux_20m_02.csv,pretrain,0,0.129367,True,0,0,2,22,3,29,0.2431,"[105, 105, 105, 105, 66, 66, 60, 60]","[0.0, 0.0, 0.129367, 0.0, 0.001449, 0.0, 9.604724, 0.0]","[1, 1, -1, -1, 1, 1, -1, -1]"
video_conferencing,VLC_Teams,/indian-slp/Users/ug/ZEPA/Kritik/net_data/5G_Traffic_Datasets/VLC_Teams/teams_linux_20m_02.csv,pretrain,0,0.008587,True,0,0,2,22,3,29,0.2431,"[93, 93, 93, 60, 93, 60, 60, 60, 60, 60]","[0.0, 0.0, 0.008587, 0.0, 0.0, 0.0, 0.001532, 0.0, 12.051798, 0.0]","[1, 1, -1, -1, -1, -1, 1, 1, -1, -1]"
video_conferencing,VLC_Teams,/indian-slp/Users/ug/ZEPA/Kritik/net_data/5G_Traffic_Datasets/VLC_Teams/teams_linux_20m_02.csv,pretrain,0,0.006742,True,0,4,0,22,3,29,0.2431,"[90, 105, 66, 66, 105, 90, 66, 66, 66, 66, 66, 66, 66, 66]","[0.0, 0.0, 0.0, 0.0, 0.0, 0.0, 0.006742, 0.0, 0.0, 0.0, 0.000265, 0.0, 0.001143, 0.0]","[1, 1, 1, 1, 1, 1, -1, -1, -1, -1, -1, -1, 1, 1]"
video_conferencing,VLC_Teams,/indian-slp/Users/ug/ZEPA/Kritik/net_data/5G_Traffic_Datasets/VLC_Teams/teams_linux_20m_02.csv,pretrain,0,0.014789,True,0,4,0,22,3,29,0.2431,"[97, 112, 112, 66, 66, 97, 66, 66, 66, 66, 66, 66, 66, 66]","[0.0, 0.0, 0.0, 0.0, 0.0, 0.0, 0.014789, 0.0, 0.0, 0.0, 0.0, 0.0, 0.001729, 0.0]","[1, 1, 1, 1, 1, 1, -1, -1, -1, -1, -1, -1, 1, 1]"
video_conferencing,VLC_Teams,/indian-slp/Users/ug/ZEPA/Kritik/net_data/5G_Traffic_Datasets/VLC_Teams/teams_linux_20m_02.csv,pretrain,0,0.006554,True,0,4,0,22,3,29,0.2431,"[112, 66, 112, 97, 66, 97, 66, 66, 66, 66, 66, 66]","[0.0, 0.0, 0.0, 0.0, 4.7e-05, 0.0, 0.006507, 0.0, 3.8e-05, 0.0, 0.001584, 0.0]","[1, 1, 1, 1, 1, 1, -1, -1, -1, -1, 1, 1]"
video_conferencing,VLC_Teams,/indian-slp/Users/ug/ZEPA/Kritik/net_data/5G_Traffic_Datasets/VLC_Teams/teams_linux_20m_02.csv,pretrain,0,0.032284,True,2,4,2,22,3,29,0.2431,"[74, 74, 74, 74, 66, 334, 66, 334, 1506, 1506, 1506, 742, 1506, 742, 66, 66, 66, 146, 66, 146, 66, 66, 445, 445, 145, 145, 145, 145, 66, 66, 1259, 1259, 66, 66, 66, 90, 66, 90, 66, 90, 90, 66, 66, 66, 60, 60]","[0.0, 0.0, 0.032284, 0.0, 0.001982, 0.0, 0.0, 0.0, 0.033066, 0.0, 0.0, 0.0, 0.0, 0.0, 0.001744, 0.0, 0.0, 0.0, 0.0, 0.0, 0.0, 0.0, 0.001698, 0.0, 0.031115, 0.0, 0.0, 0.0, 0.00217, 0.0, 0.000519, 0.0, 0.04301, 0.0, 4.956701, 0.0, 0.0, 0.0, 0.001527, 0.0, 0.0, 0.0, 0.0, 0.0, 0.032061, 0.0]","[1, 1, -1, -1, 1, 1, 1, 1, -1, -1, -1, -1, -1, -1, 1, 1, 1, 1, 1, 1, 1, 1, 1, 1, -1, -1, -1, -1, 1, 1, -1, -1, 1, 1, -1, -1, -1, -1, 1, 1, 1, 1, 1, 1, -1, -1]"
video_conferencing,VLC_Teams,/indian-slp/Users/ug/ZEPA/Kritik/net_data/5G_Traffic_Datasets/VLC_Teams/teams_linux_20m_02.csv,pretrain,0,0.028581,True,2,4,4,22,3,29,0.2431,"[74, 74, 74, 74, 66, 334, 334, 66, 1506, 1506, 1506, 742, 1506, 742, 146, 66, 471, 66, 66, 146, 66, 471, 66, 66, 145, 145, 145, 145, 329, 90, 329, 90, 66, 66, 90, 66, 90, 66, 66, 66, 60, 60, 60, 60]","[0.0, 0.0, 0.028581, 0.0, 0.001277, 0.0, 0.0, 0.0, 0.034648, 0.0, 0.0, 0.0, 0.0, 0.000153, 0.001544, 0.0, 0.0, 0.0, 0.0, 0.0, 0.0, 0.0, 0.0, 0.0, 0.028928, 0.0, 0.0, 0.0, 0.001048, 0.0, 0.0, 0.0, 0.001375, 0.0, 0.0, 0.0, 0.0, 0.0, 0.0, 0.0, 0.028966, 0.0, 0.0, 0.0]","[1, 1, -1, -1, 1, 1, 1, 1, -1, -1, -1, -1, -1, -1, 1, 1, 1, 1, 1, 1, 1, 1, 1, 1, -1, -1, -1, -1, -1, -1, -1, -1, 1, 1, 1, 1, 1, 1, 1, 1, -1, -1, -1, -1]"
video_conferencing,VLC_Teams,/indian-slp/Users/ug/ZEPA/Kritik/net_data/5G_Traffic_Datasets/VLC_Teams/teams_linux_20m_02.csv,pretrain,0,0.100907,True,2,4,0,22,3,29,0.2431,"[74, 74, 74, 74, 154, 66, 66, 154, 255, 255, 66, 66, 66, 66, 66, 66, 66, 66]","[0.0, 0.0, 0.100907, 0.0, 0.001718, 0.0, 0.0, 0.0, 0.101342, 0.0, 0.000366, 0.0, 0.001216, 0.0, 0.0, 0.0, 0.10192, 0.0]","[1, 1, -1, -1, 1, 1, 1, 1, -1, -1, -1, -1, 1, 1, 1, 1, -1, -1]"
video_conferencing,VLC_Teams,/indian-slp/Users/ug/ZEPA/Kritik/net_data/5G_Traffic_Datasets/VLC_Teams/teams_linux_20m_02.csv,pretrain,0,0.032814,True,0,0,2,22,3,29,0.2431,"[105, 105, 105, 105, 66, 66, 60, 60]","[0.0, 0.0, 0.032814, 0.0, 0.001412, 0.0, 9.882014, 0.0]","[1, 1, -1, -1, 1, 1, -1, -1]"
video_conferencing,VLC_Teams,/indian-slp/Users/ug/ZEPA/Kritik/net_data/5G_Traffic_Datasets/VLC_Teams/teams_linux_20m_02.csv,pretrain,0,0.006339,True,0,0,0,22,3,29,0.2431,"[90, 90, 94, 66, 94, 66, 66, 66]","[0.0, 0.0, 0.001533, 0.0, 0.0, 0.0, 0.006339, 0.0]","[-1, -1, 1, 1, 1, 1, -1, -1]"
video_conferencing,VLC_Teams,/indian-slp/Users/ug/ZEPA/Kritik/net_data/5G_Traffic_Datasets/VLC_Teams/teams_linux_20m_02.csv,pretrain,2,0.028188,True,0,0,0,22,3,29,0.2431,"[1294, 1294, 1294, 1294, 219, 219, 166, 613, 166, 613, 73, 73, 69, 69]","[0.0, 0.0, 0.028188, 0.0, 0.004301, 0.0, 0.009612, 0.0, 0.0, 0.0, 0.002302, 0.0, 0.023371, 0.0]","[1, 1, -1, -1, 1, 1, -1, -1, -1, -1, 1, 1, -1, -1]"
video_conferencing,VLC_Teams,/indian-slp/Users/ug/ZEPA/Kritik/net_data/5G_Traffic_Datasets/VLC_Teams/teams_linux_20m_02.csv,pretrain,0,0.005362,True,0,0,2,22,3,29,0.2431,"[93, 93, 60, 60, 93, 93, 60, 60, 60, 60]","[0.0, 0.0, 0.005362, 0.0, 0.0, 0.0, 0.001607, 0.0, 6.560087, 0.0]","[1, 1, -1, -1, -1, -1, 1, 1, -1, -1]"
video_conferencing,VLC_Teams,/indian-slp/Users/ug/ZEPA/Kritik/net_data/5G_Traffic_Datasets/VLC_Teams/teams_linux_20m_02.csv,pretrain,0,0.031806,True,2,4,0,22,3,29,0.2431,"[74, 74, 74, 74, 66, 154, 66, 154, 66, 255, 255, 66, 66, 66, 66, 66, 66, 66]","[0.0, 0.0, 0.031806, 0.0, 0.001641, 0.0, 0.0, 0.0, 0.03225, 0.0, 0.0, 0.0, 0.001466, 0.0, 0.0, 0.0, 0.031524, 0.0]","[1, 1, -1, -1, 1, 1, 1, 1, -1, -1, -1, -1, 1, 1, 1, 1, -1, -1]"
video_conferencing,VLC_Teams,/indian-slp/Users/ug/ZEPA/Kritik/net_data/5G_Traffic_Datasets/VLC_Teams/teams_linux_20m_02.csv,pretrain,0,0.096518,True,0,0,2,22,3,29,0.2431,"[105, 105, 105, 105, 66, 66, 60, 60]","[0.0, 0.0, 0.096518, 0.0, 0.00158, 0.0, 7.964931, 0.0]","[1, 1, -1, -1, 1, 1, -1, -1]"
video_conferencing,VLC_Teams,/indian-slp/Users/ug/ZEPA/Kritik/net_data/5G_Traffic_Datasets/VLC_Teams/teams_linux_20m_02.csv,pretrain,0,0.153447,True,0,0,0,22,3,29,0.2431,"[105, 105, 105, 105, 66, 66]","[0.0, 0.0, 0.153447, 0.0, 0.001455, 0.0]","[1, 1, -1, -1, 1, 1]"
video_conferencing,VLC_Teams,/indian-slp/Users/ug/ZEPA/Kritik/net_data/5G_Traffic_Datasets/VLC_Teams/teams_linux_20m_02.csv,pretrain,0,0.02918,True,0,0,0,22,3,29,0.2431,"[117, 117, 106, 106, 66, 66]","[0.0, 0.0, 0.02918, 0.0, 0.001524, 0.0]","[1, 1, -1, -1, 1, 1]"
video_conferencing,VLC_Teams,/indian-slp/Users/ug/ZEPA/Kritik/net_data/5G_Traffic_Datasets/VLC_Teams/teams_linux_20m_02.csv,pretrain,0,0.051016,True,0,0,0,22,3,29,0.2431,"[116, 116, 66, 105, 66, 105]","[0.0, 0.0, 0.051016, 0.0, 0.0, 0.0]","[1, 1, 1, -1, 1, -1]"
video_conferencing,VLC_Teams,/indian-slp/Users/ug/ZEPA/Kritik/net_data/5G_Traffic_Datasets/VLC_Teams/teams_linux_20m_03.csv,pretrain,0,0.250146,True,0,0,0,38,4,52,0.131952,"[568, 1494, 208, 208, 105, 1494, 105, 568, 66, 66, 105, 105, 66, 66, 66, 66, 66, 66, 165, 165, 66, 66, 101, 101, 66, 66]","[0.0, 0.0, 0.0, 0.0, 0.0, 0.0, 0.0, 7.2e-05, 0.250074, 0.0, 0.0, 0.0, 0.000132, 0.0, 0.000457, 0.0, 0.049578, 0.0, 0.53979, 0.0, 0.001376, 0.0, 0.002716, 0.0, 0.466232, 0.0]","[1, 1, 1, 1, 1, 1, 1, 1, -1, -1, -1, -1, -1, -1, -1, -1, 1, 1, -1, -1, 1, 1, 1, 1, -1, -1]"
video_conferencing,VLC_Teams,/indian-slp/Users/ug/ZEPA/Kritik/net_data/5G_Traffic_Datasets/VLC_Teams/teams_linux_20m_03.csv,pretrain,0,0.014885,True,2,0,0,38,4,52,0.131952,"[74, 74, 74, 74, 66, 1506, 66, 1506, 747, 747, 66, 66, 330, 330, 66, 66, 158, 524, 185, 165, 524, 146, 158, 146, 181, 185, 181, 165, 66, 66, 66, 66, 66, 66, 66, 66, 66, 66, 66, 66, 369, 369, 127, 127, 875, 97, 875, 97, 66, 66, 97, 97, 66, 66, 1506, 1506, 66, 66, 1506, 1506, 1506, 1506, 1506, 1506]","[0.0, 0.0, 0.014885, 0.0, 0.001843, 0.0, 0.0, 0.0, 0.0, 0.0, 0.014268, 0.0, 0.483716, 0.0, 0.001548, 0.0, 0.004352, 0.0, 0.0, 0.0, 0.0, 0.0, 0.0, 0.0, 2.8e-05, 0.0, 0.0, 0.0, 0.013855, 0.0, 0.0, 0.0, 0.000137, 0.0, 0.0, 0.0, 0.0, 0.0, 8.8e-05, 0.0, 0.04713, 0.0, 0.021512, 0.0, 0.0, 0.0, 0.0, 0.0, 0.001408, 0.0, 0.0, 0.0, 0.0, 0.0, 0.013936, 0.0, 0.0, 0.0, 0.0, 0.0, 0.0, 0.0, 0.0, 0.0]","[1, 1, -1, -1, 1, 1, 1, 1, 1, 1, -1, -1, -1, -1, 1, 1, 1, 1, 1, 1, 1, 1, 1, 1, 1, 1, 1, 1, -1, -1, -1, -1, -1, -1, -1, -1, -1, -1, -1, -1, -1, -1, -1, -1, -1, -1, -1, -1, 1, 1, 1, 1, 1, 1, -1, -1, -1, -1, -1, -1, -1, -1, -1, -1]"
video_conferencing,VLC_Teams,/indian-slp/Users/ug/ZEPA/Kritik/net_data/5G_Traffic_Datasets/VLC_Teams/teams_linux_20m_03.csv,pretrain,0,0.005592,True,0,0,0,38,4,52,0.131952,"[66, 66, 66, 66, 198, 105, 105, 198, 66, 66, 66, 66, 105, 105, 66, 66, 268, 268, 104, 104, 66, 101, 101, 101, 66, 66, 66, 193, 101, 193, 1506, 1506, 1506, 1506, 1506, 1301, 1301, 1506, 1301, 1301, 78, 78, 277, 277, 97, 97, 101, 101, 66, 66, 66, 66]","[0.0, 0.0, 0.005592, 0.0, 14.736703, 0.0, 0.0, 0.0, 0.005564, 0.0, 0.0, 0.0, 0.002234, 0.0, 0.001834, 0.0, 0.002177, 0.0, 0.0, 0.0, 0.001333, 0.0, 0.0, 0.0, 0.0, 0.0, 0.0, 1.6e-05, 0.0, 0.0, 4.5e-05, 1e-05, 1.9e-05, 1.2e-05, 3e-05, 2.8e-05, 0.0, 0.0, 0.027742, 0.0, 0.00552, 0.0, 0.622966, 0.0, 0.001779, 0.0, 2.2e-05, 0.0, 0.005692, 0.0, 0.037409, 0.0]","[1, 1, -1, -1, 1, 1, 1, 1, -1, -1, -1, -1, -1, -1, 1, 1, -1, -1, -1, -1, 1, 1, 1, 1, 1, 1, 1, 1, 1, 1, 1, 1, 1, 1, 1, 1, 1, 1, 1, 1, -1, -1, -1, -1, -1, -1, 1, 1, -1, -1, 1, 1]"
video_conferencing,VLC_Teams,/indian-slp/Users/ug/ZEPA/Kritik/net_data/5G_Traffic_Datasets/VLC_Teams/teams_linux_20m_03.csv,pretrain,0,0.013432,True,2,0,0,38,4,52,0.131952,"[74, 74, 74, 74, 66, 66, 1466, 1466, 910, 910, 66, 66, 66, 66, 1466, 1466, 130, 130, 66, 140, 66, 66, 140, 66, 158, 158, 1466, 1466, 1466, 1466, 1152, 1466, 1466, 1152, 1026, 66, 97, 97, 66, 1026, 66, 66, 97, 66, 97, 66, 66, 66, 66, 66, 632, 632, 603, 603, 105, 105, 66, 66, 105, 105, 66, 66]","[0.0, 0.0, 0.013432, 0.0, 0.001847, 0.0, 5.7e-05, 1e-05, 1e-05, 0.0, 0.013107, 0.0, 0.000436, 0.0, 0.022814, 0.0, 0.0, 0.0, 0.001279, 0.0, 0.0, 0.0, 0.0, 0.0, 1.2e-05, 0.0, 6.5e-05, 1e-05, 2.8e-05, 8e-06, 4.2e-05, 0.0, 0.0, 1e-05, 0.013945, 0.0, 0.0, 0.0, 0.0, 0.0, 0.000795, 0.0, 0.000637, 0.0, 0.0, 0.0, 0.004905, 0.0, 0.008666, 0.0, 0.019218, 0.0, 5.5e-05, 0.0, 8e-05, 0.0, 0.001282, 0.0, 0.001454, 0.0, 0.018273, 0.0]","[1, 1, -1, -1, 1, 1, 1, 1, 1, 1, -1, -1, -1, -1, -1, -1, -1, -1, 1, 1, 1, 1, 1, 1, 1, 1, 1, 1, 1, 1, 1, 1, 1, 1, -1, -1, -1, -1, -1, -1, -1, -1, 1, 1, 1, 1, -1, -1, -1, -1, -1, -1, -1, -1, -1, -1, 1, 1, 1, 1, -1, -1]"
video_conferencing,VLC_Teams,/indian-slp/Users/ug/ZEPA/Kritik/net_data/5G_Traffic_Datasets/VLC_Teams/teams_linux_20m_03.csv,pretrain,0,0.044326,True,0,0,0,38,4,52,0.131952,"[1464, 1464, 1464, 1464, 1464, 1464, 894, 894, 66, 66, 66, 66, 66, 66, 66, 66, 115, 370, 115, 370, 1464, 841, 841, 1464, 66, 66, 104, 104, 66, 66, 371, 371, 66, 66, 1464, 1464, 889, 889, 66, 386, 115, 66, 115, 386, 66, 104, 66, 104, 66, 66, 115, 115, 104, 104, 66, 66]","[0.0, 0.0, 0.0, 0.0, 0.0, 0.000149, 0.0, 0.0, 0.001295, 0.0, 0.0, 0.0, 0.0, 0.0, 0.0, 0.0, 0.001805, 0.0, 0.0, 0.0, 0.042521, 0.0, 0.0, 0.0, 0.000387, 0.0, 0.000336, 0.0, 0.000598, 0.0, 0.001479, 0.0, 0.09417, 0.0, 0.507836, 0.0, 0.000891, 0.0, 0.002202, 0.0, 0.0, 0.0, 0.0, 0.0, 0.043716, 0.0, 0.0, 0.0, 0.042235, 0.0, 20.619479, 0.0, 0.043567, 0.0, 0.001428, 0.0]","[-1, -1, -1, -1, -1, -1, -1, -1, 1, 1, 1, 1, 1, 1, 1, 1, 1, 1, 1, 1, -1, -1, -1, -1, -1, -1, -1, -1, 1, 1, 1, 1, -1, -1, -1, -1, -1, -1, 1, 1, 1, 1, 1, 1, -1, -1, -1, -1, 1, 1, 1, 1, -1, -1, 1, 1]"
video_conferencing,VLC_Teams,/indian-slp/Users/ug/ZEPA/Kritik/net_data/5G_Traffic_Datasets/VLC_Teams/teams_linux_20m_03.csv,pretrain,0,0.002348,True,0,0,0,38,4,52,0.131952,"[1464, 1464, 1464, 1464, 1464, 1464, 1464, 1461, 1461, 1464, 66, 66, 66, 66, 66, 66, 66, 66, 1464, 1464, 455, 455, 1464, 1464, 66, 66, 66, 66, 66, 66, 326, 116, 326, 116, 326, 326, 105, 105, 66, 66, 66, 66, 66, 66, 1464, 1464, 1464, 1464, 1464, 1464, 1327, 1327, 66, 66, 66, 66, 66, 66, 66, 66, 116, 326, 326, 116]","[0.0, 0.0, 0.0, 0.0, 0.0, 0.0, 0.0, 0.000199, 0.0, 0.0, 0.001348, 0.0, 0.0, 0.0, 0.0, 0.0, 0.0, 0.0, 0.002348, 0.0, 0.0, 0.0, 0.0, 0.0, 0.00162, 0.0, 0.0, 0.0, 0.0, 0.0, 0.001735, 0.0, 0.0, 0.0, 0.032279, 0.0, 0.011452, 0.0, 0.0, 0.0, 0.04243, 0.0, 0.038022, 0.0, 0.189424, 0.0, 0.0, 0.0, 0.000134, 0.0, 0.0, 0.0, 0.001507, 0.0, 0.0, 0.0, 0.0, 0.0, 0.0, 0.0, 0.004229, 0.0, 0.0, 0.0]","[-1, -1, -1, -1, -1, -1, -1, -1, -1, -1, 1, 1, 1, 1, 1, 1, 1, 1, -1, -1, -1, -1, -1, -1, 1, 1, 1, 1, 1, 1, 1, 1, 1, 1, 1, 1, -1, -1, -1, -1, 1, 1, -1, -1, -1, -1, -1, -1, -1, -1, -1, -1, 1, 1, 1, 1, 1, 1, 1, 1, 1, 1, 1, 1]"
video_conferencing,VLC_Teams,/indian-slp/Users/ug/ZEPA/Kritik/net_data/5G_Traffic_Datasets/VLC_Teams/teams_linux_20m_03.csv,pretrain,0,0.249819,True,0,0,0,38,4,52,0.131952,"[1494, 1494, 1494, 321, 1494, 105, 321, 1494, 1494, 105, 1494, 1494, 97, 1494, 97, 1494, 66, 66, 105, 105, 66, 66, 66, 66, 66, 66, 66, 66, 66, 66, 66, 66, 66, 66, 165, 165, 66, 66, 101, 101, 66, 66]","[0.0, 0.0, 0.0, 0.0, 0.0, 0.0, 0.0, 0.0, 0.0, 0.0, 2.8e-05, 0.0, 0.0, 0.0, 0.0, 0.0, 0.249791, 0.0, 0.0, 0.0, 0.000147, 0.0, 0.0005, 0.0, 0.000304, 0.0, 0.0, 0.0, 0.000139, 0.0, 0.0, 0.0, 0.040497, 0.0, 0.250226, 0.0, 0.00149, 0.0, 0.002185, 0.0, 0.294944, 0.0]","[1, 1, 1, 1, 1, 1, 1, 1, 1, 1, 1, 1, 1, 1, 1, 1, -1, -1, -1, -1, -1, -1, -1, -1, -1, -1, -1, -1, -1, -1, -1, -1, 1, 1, -1, -1, 1, 1, 1, 1, -1, -1]"
video_conferencing,VLC_Teams,/indian-slp/Users/ug/ZEPA/Kritik/net_data/5G_Traffic_Datasets/VLC_Teams/teams_linux_20m_03.csv,pretrain,0,0.005461,True,0,0,0,38,4,52,0.131952,"[515, 93, 515, 93, 60, 60, 93, 60, 60, 93, 60, 60, 464, 464, 60, 60, 1494, 102, 1494, 102, 60, 60, 60, 60, 507, 507, 85, 85, 89, 60, 89, 60, 60, 60, 222, 222, 60, 60, 85, 85, 508, 508, 60, 60, 222, 222, 60, 60, 85, 85, 593, 593, 60, 60, 222, 222, 60, 60, 85, 85, 290, 290, 652, 652]","[0.0, 0.0, 0.0, 0.0, 0.005461, 0.0, 0.000339, 0.0, 0.0, 0.0, 0.042394, 0.0, 0.013708, 0.0, 0.001268, 0.0, 0.030417, 0.0, 0.0, 0.0, 0.005258, 0.0, 0.001255, 0.0, 0.101963, 0.0, 0.0, 0.0, 0.002315, 0.0, 0.0, 0.0, 0.006033, 0.0, 1.50234, 0.0, 0.005102, 0.0, 0.103, 0.0, 0.0, 0.0, 0.001472, 0.0, 3.004992, 0.0, 0.005294, 0.0, 0.067676, 0.0, 0.0, 0.0, 0.00123, 0.0, 6.005581, 0.0, 0.005154, 0.0, 0.304233, 0.0, 0.0, 0.0, 0.0, 0.0]","[1, 1, 1, 1, -1, -1, -1, -1, -1, -1, 1, 1, -1, -1, 1, 1, 1, 1, 1, 1, -1, -1, -1, -1, -1, -1, -1, -1, 1, 1, 1, 1, -1, -1, 1, 1, -1, -1, -1, -1, -1, -1, 1, 1, 1, 1, -1, -1, -1, -1, -1, -1, 1, 1, 1, 1, -1, -1, -1, -1, -1, -1, -1, -1]"
video_conferencing,VLC_Teams,/indian-slp/Users/ug/ZEPA/Kritik/net_data/5G_Traffic_Datasets/VLC_Teams/teams_linux_20m_03.csv,pretrain,0,0.104911,True,2,0,0,38,4,52,0.131952,"[74, 74, 74, 74, 1506, 400, 66, 66, 400, 1506, 66, 66, 1506, 1506, 1506, 1506, 1506, 1506, 1191, 1191, 66, 66, 66, 66, 66, 66, 66, 66, 192, 1506, 425, 165, 425, 165, 1506, 192, 1506, 1506, 541, 541, 1506, 1506, 66, 66, 237, 237, 66, 135, 66, 135, 66, 104, 104, 66, 66, 66, 66, 104, 66, 104, 438, 438, 66, 66]","[0.0, 0.0, 0.104911, 0.0, 0.00225, 0.0, 0.0, 0.0, 0.0, 0.0, 0.108007, 0.0, 0.0, 0.000105, 0.0, 0.0, 0.0, 0.000121, 0.000925, 0.0, 0.000315, 0.0, 0.0, 0.0, 0.0, 0.0, 2.4e-05, 0.0, 0.004273, 0.0, 0.0, 0.0, 0.0, 0.0, 0.0, 0.0, 0.0, 0.000117, 0.0, 0.0, 0.0, 0.0, 0.10564, 0.0, 0.0, 0.0, 0.000107, 0.0, 0.0, 0.0, 0.000102, 0.0, 0.0, 0.0, 0.00027, 0.0, 0.001183, 0.0, 0.0, 0.0, 0.014526, 0.0, 0.042169, 0.0]","[1, 1, -1, -1, 1, 1, 1, 1, 1, 1, -1, -1, -1, -1, -1, -1, -1, -1, -1, -1, 1, 1, 1, 1, 1, 1, 1, 1, 1, 1, 1, 1, 1, 1, 1, 1, 1, 1, 1, 1, 1, 1, -1, -1, -1, -1, -1, -1, -1, -1, -1, -1, -1, -1, -1, -1, 1, 1, 1, 1, -1, -1, 1, 1]"
video_conferencing,VLC_Teams,/indian-slp/Users/ug/ZEPA/Kritik/net_data/5G_Traffic_Datasets/VLC_Teams/teams_linux_20m_03.csv,pretrain,0,0.043993,True,0,0,0,38,4,52,0.131952,"[115, 115, 104, 104, 66, 66]","[0.0, 0.0, 0.043993, 0.0, 0.001502, 0.0]","[1, 1, -1, -1, 1, 1]"
video_conferencing,VLC_Teams,/indian-slp/Users/ug/ZEPA/Kritik/net_data/5G_Traffic_Datasets/VLC_Teams/teams_linux_20m_03.csv,pretrain,0,0.005584,True,0,0,0,38,4,52,0.131952,"[93, 515, 93, 515, 60, 60, 60, 60, 93, 93, 60, 60, 369, 369, 60, 60]","[0.0, 0.0, 0.0, 0.0, 0.005584, 0.0, 0.0, 0.0, 0.000149, 0.0, 0.043126, 0.0, 0.016439, 0.0, 0.001523, 0.0]","[1, 1, 1, 1, -1, -1, -1, -1, -1, -1, 1, 1, -1, -1, 1, 1]"
video_conferencing,VLC_Teams,/indian-slp/Users/ug/ZEPA/Kritik/net_data/5G_Traffic_Datasets/VLC_Teams/teams_linux_20m_03.csv,pretrain,0,0.04396,True,0,0,0,38,4,52,0.131952,"[116, 116, 105, 105, 66, 66]","[0.0, 0.0, 0.04396, 0.0, 0.001307, 0.0]","[1, 1, -1, -1, 1, 1]"
video_conferencing,VLC_Teams,/indian-slp/Users/ug/ZEPA/Kritik/net_data/5G_Traffic_Datasets/VLC_Teams/teams_linux_20m_03.csv,pretrain,0,0.04376,True,0,0,0,38,4,52,0.131952,"[116, 116, 105, 105, 66, 66, 1357, 1357, 1464, 1464, 66, 66, 66, 66, 116, 116, 326, 326, 66, 66, 105, 105, 66, 66, 116, 116, 105, 105, 66, 66]","[0.0, 0.0, 0.04376, 0.0, 0.001341, 0.0, 12.102458, 0.0, 0.0, 0.0, 0.001538, 0.0, 0.0, 0.0, 0.003239, 0.0, 0.0, 0.0, 0.043292, 0.0, 0.000243, 0.0, 0.041579, 0.0, 27.761162, 0.0, 0.043952, 0.0, 0.00148, 0.0]","[1, 1, -1, -1, 1, 1, -1, -1, -1, -1, 1, 1, 1, 1, 1, 1, 1, 1, -1, -1, -1, -1, 1, 1, 1, 1, -1, -1, 1, 1]"
video_conferencing,VLC_Teams,/indian-slp/Users/ug/ZEPA/Kritik/net_data/5G_Traffic_Datasets/VLC_Teams/teams_linux_20m_03.csv,pretrain,0,0.005768,True,0,0,0,38,4,52,0.131952,"[66, 66, 66, 66, 198, 105, 198, 105, 66, 66, 66, 66, 268, 268, 104, 104, 105, 105, 66, 66, 193, 101, 101, 66, 101, 193, 66, 101, 1506, 1506, 1307, 1307, 1506, 1506, 1506, 1506, 66, 66, 66, 66, 66, 66, 276, 97, 97, 276, 66, 66, 101, 101, 66, 66]","[0.0, 0.0, 0.005768, 0.0, 28.313805, 0.0, 0.0, 0.0, 0.005573, 0.0, 0.000327, 0.0, 0.001401, 0.0, 0.0, 0.0, 0.000764, 0.0, 0.000695, 0.0, 0.0, 0.0, 0.0, 0.0, 0.0, 0.0, 0.0, 0.0, 0.000124, 0.0, 0.0, 0.0, 0.0, 0.0, 0.0, 0.0, 0.006393, 0.0, 0.001125, 0.0, 0.00364, 0.0, 0.431821, 0.0, 0.0, 0.0, 0.002119, 0.0, 0.0, 0.0, 0.047342, 0.0]","[1, 1, -1, -1, 1, 1, 1, 1, -1, -1, -1, -1, -1, -1, -1, -1, -1, -1, 1, 1, 1, 1, 1, 1, 1, 1, 1, 1, 1, 1, 1, 1, 1, 1, 1, 1, -1, -1, -1, -1, -1, -1, -1, -1, -1, -1, 1, 1, 1, 1, -1, -1]"
video_conferencing,VLC_Teams,/indian-slp/Users/ug/ZEPA/Kritik/net_data/5G_Traffic_Datasets/VLC_Teams/teams_linux_20m_03.csv,pretrain,0,0.043845,True,0,0,0,38,4,52,0.131952,"[116, 116, 105, 105, 66, 66]","[0.0, 0.0, 0.043845, 0.0, 0.001517, 0.0]","[1, 1, -1, -1, 1, 1]"
video_conferencing,VLC_Teams,/indian-slp/Users/ug/ZEPA/Kritik/net_data/5G_Traffic_Datasets/VLC_Teams/teams_linux_20m_03.csv,pretrain,0,0.043585,True,0,0,0,38,4,52,0.131952,"[116, 116, 105, 105, 66, 66]","[0.0, 0.0, 0.043585, 0.0, 0.001687, 0.0]","[1, 1, -1, -1, 1, 1]"
video_conferencing,VLC_Teams,/indian-slp/Users/ug/ZEPA/Kritik/net_data/5G_Traffic_Datasets/VLC_Teams/teams_linux_20m_03.csv,pretrain,0,0.006363,True,2,0,0,38,4,52,0.131952,"[74, 74, 74, 74, 594, 66, 66, 1494, 1494, 594, 66, 66, 300, 300, 66, 66, 158, 874, 158, 130, 130, 874, 212, 66, 137, 137, 66, 212, 433, 433, 97, 101, 66, 97, 66, 101, 66, 66]","[0.0, 0.0, 0.006363, 0.0, 0.001881, 0.0, 0.0, 0.0, 0.0, 0.0, 0.006168, 0.0, 0.000405, 0.0, 0.001442, 0.0, 0.003939, 0.0, 0.0, 0.0, 0.0, 0.0, 0.006186, 0.0, 0.0, 0.0, 0.0, 0.0, 0.000372, 0.0, 0.00113, 0.0, 0.0, 0.0, 0.0, 0.0, 0.006359, 0.0]","[1, 1, -1, -1, 1, 1, 1, 1, 1, 1, -1, -1, -1, -1, 1, 1, 1, 1, 1, 1, 1, 1, -1, -1, -1, -1, -1, -1, -1, -1, 1, 1, 1, 1, 1, 1, -1, -1]"
video_conferencing,VLC_Teams,/indian-slp/Users/ug/ZEPA/Kritik/net_data/5G_Traffic_Datasets/VLC_Teams/teams_linux_20m_03.csv,pretrain,0,0.043517,True,0,0,0,38,4,52,0.131952,"[116, 116, 105, 105, 66, 66]","[0.0, 0.0, 0.043517, 0.0, 0.001076, 0.0]","[1, 1, -1, -1, 1, 1]"
video_conferencing,VLC_Teams,/indian-slp/Users/ug/ZEPA/Kritik/net_data/5G_Traffic_Datasets/VLC_Teams/teams_linux_20m_03.csv,pretrain,0,0.044157,True,0,0,0,38,4,52,0.131952,"[116, 116, 105, 105, 66, 66]","[0.0, 0.0, 0.044157, 0.0, 0.001259, 0.0]","[1, 1, -1, -1, 1, 1]"
video_conferencing,VLC_Teams,/indian-slp/Users/ug/ZEPA/Kritik/net_data/5G_Traffic_Datasets/VLC_Teams/teams_linux_20m_03.csv,pretrain,0,0.043747,True,0,0,0,38,4,52,0.131952,"[116, 116, 105, 105, 66, 66, 1464, 1464, 1365, 1365, 66, 66, 66, 66, 326, 116, 116, 326, 66, 66, 105, 105, 66, 66, 116, 116, 105, 105, 66, 66]","[0.0, 0.0, 0.043747, 0.0, 0.001376, 0.0, 17.398433, 0.0, 0.0, 0.0, 0.001597, 0.0, 0.0, 0.0, 0.003323, 0.0, 0.0, 0.0, 0.043641, 0.0, 0.000533, 0.0, 0.042224, 0.0, 22.46348, 0.0, 0.043358, 0.0, 0.001533, 0.0]","[1, 1, -1, -1, 1, 1, -1, -1, -1, -1, 1, 1, 1, 1, 1, 1, 1, 1, -1, -1, -1, -1, 1, 1, 1, 1, -1, -1, 1, 1]"
video_conferencing,VLC_Teams,/indian-slp/Users/ug/ZEPA/Kritik/net_data/5G_Traffic_Datasets/VLC_Teams/teams_linux_20m_03.csv,pretrain,0,0.037926,True,2,0,0,38,4,52,0.131952,"[74, 74, 74, 74, 538, 1494, 66, 66, 538, 1494, 165, 66, 165, 66, 66, 66, 812, 812, 1506, 1506, 1506, 1506, 1506, 701, 701, 1506, 1506, 1506, 66, 66, 66, 66, 1494, 158, 764, 764, 896, 158, 896, 140, 140, 1494, 169, 66, 66, 169, 128, 128, 97, 97, 97, 97, 66, 66, 365, 365, 66, 66, 66, 66]","[0.0, 0.0, 0.037926, 0.0, 0.002222, 0.0, 0.0, 0.0, 0.000117, 0.0, 0.038002, 0.0, 0.0, 0.0, 0.001305, 0.0, 0.001821, 0.0, 0.038443, 0.0, 0.0, 0.0, 0.0, 0.000152, 0.0, 0.0, 0.0, 0.0, 0.001443, 0.0, 0.0, 0.0, 0.005076, 0.0, 0.0, 0.0, 0.0, 0.0, 0.0, 0.0, 0.0, 0.0, 0.037048, 0.0, 0.0, 0.0, 0.000732, 0.0, 0.000198, 0.0, 0.001104, 0.0, 0.0, 0.0, 0.037316, 0.0, 0.001354, 0.0, 0.0538, 0.0]","[1, 1, -1, -1, 1, 1, 1, 1, 1, 1, -1, -1, -1, -1, 1, 1, 1, 1, -1, -1, -1, -1, -1, -1, -1, -1, -1, -1, 1, 1, 1, 1, 1, 1, 1, 1, 1, 1, 1, 1, 1, 1, -1, -1, -1, -1, -1, -1, -1, -1, 1, 1, 1, 1, -1, -1, 1, 1, -1, -1]"
video_conferencing,VLC_Teams,/indian-slp/Users/ug/ZEPA/Kritik/net_data/5G_Traffic_Datasets/VLC_Teams/teams_linux_20m_03.csv,pretrain,0,0.043532,True,0,0,0,38,4,52,0.131952,"[116, 116, 105, 105, 66, 66]","[0.0, 0.0, 0.043532, 0.0, 0.001401, 0.0]","[1, 1, -1, -1, 1, 1]"
video_conferencing,VLC_Teams,/indian-slp/Users/ug/ZEPA/Kritik/net_data/5G_Traffic_Datasets/VLC_Teams/teams_linux_20m_03.csv,pretrain,0,0.043781,True,0,0,0,38,4,52,0.131952,"[116, 116, 105, 105, 66, 66]","[0.0, 0.0, 0.043781, 0.0, 0.00145, 0.0]","[1, 1, -1, -1, 1, 1]"
video_conferencing,VLC_Teams,/indian-slp/Users/ug/ZEPA/Kritik/net_data/5G_Traffic_Datasets/VLC_Teams/teams_linux_20m_03.csv,pretrain,0,0.043719,True,0,0,0,38,4,52,0.131952,"[116, 116, 105, 105, 66, 66]","[0.0, 0.0, 0.043719, 0.0, 0.001407, 0.0]","[1, 1, -1, -1, 1, 1]"
video_conferencing,VLC_Teams,/indian-slp/Users/ug/ZEPA/Kritik/net_data/5G_Traffic_Datasets/VLC_Teams/teams_linux_20m_03.csv,pretrain,0,0.043787,True,0,0,0,38,4,52,0.131952,"[116, 116, 105, 105, 66, 66]","[0.0, 0.0, 0.043787, 0.0, 0.001497, 0.0]","[1, 1, -1, -1, 1, 1]"
video_conferencing,VLC_Teams,/indian-slp/Users/ug/ZEPA/Kritik/net_data/5G_Traffic_Datasets/VLC_Teams/teams_linux_20m_03.csv,pretrain,0,0.044136,True,0,0,0,38,4,52,0.131952,"[116, 116, 105, 105, 66, 66]","[0.0, 0.0, 0.044136, 0.0, 0.001451, 0.0]","[1, 1, -1, -1, 1, 1]"
video_conferencing,VLC_Teams,/indian-slp/Users/ug/ZEPA/Kritik/net_data/5G_Traffic_Datasets/VLC_Teams/teams_linux_20m_03.csv,pretrain,0,0.043538,True,0,0,0,38,4,52,0.131952,"[116, 116, 105, 105, 66, 66]","[0.0, 0.0, 0.043538, 0.0, 0.001437, 0.0]","[1, 1, -1, -1, 1, 1]"
video_conferencing,VLC_Teams,/indian-slp/Users/ug/ZEPA/Kritik/net_data/5G_Traffic_Datasets/VLC_Teams/teams_linux_20m_03.csv,pretrain,0,0.043696,True,0,0,0,38,4,52,0.131952,"[116, 116, 105, 105, 66, 66]","[0.0, 0.0, 0.043696, 0.0, 0.001136, 0.0]","[1, 1, -1, -1, 1, 1]"
video_conferencing,VLC_Teams,/indian-slp/Users/ug/ZEPA/Kritik/net_data/5G_Traffic_Datasets/VLC_Teams/teams_linux_20m_03.csv,pretrain,0,0.005569,True,2,0,0,38,4,52,0.131952,"[74, 74, 74, 74, 715, 1506, 66, 66, 715, 1506, 66, 66, 330, 330, 146, 66, 453, 158, 66, 453, 146, 158, 66, 66, 66, 66, 66, 66, 369, 369, 127, 97, 268, 268, 97, 127, 104, 104, 101, 97, 66, 66, 212, 212, 101, 97, 66, 66, 1506, 1506, 1506, 1506, 1506, 1506, 1307, 1307, 66, 66, 66, 66, 289, 289, 375, 375]","[0.0, 0.0, 0.005569, 0.0, 0.001318, 0.0, 0.0, 0.0, 0.000114, 0.0, 0.005912, 0.0, 0.001979, 0.0, 0.001881, 0.0, 0.0, 0.0, 0.0, 0.0, 0.0, 0.0, 0.005758, 0.0, 0.0, 0.0, 0.000107, 0.0, 0.000379, 0.0, 0.001993, 0.0, 0.0, 0.0, 0.0, 0.0, 0.000149, 0.0, 0.001259, 0.0, 0.0, 0.0, 0.0, 0.0, 0.0, 0.0, 0.0, 0.0, 7.4e-05, 0.0, 0.0, 0.0, 0.0, 0.0, 2.4e-05, 0.0, 0.006335, 0.0, 0.002901, 0.0, 10.010424, 0.0, 0.000121, 0.0]","[1, 1, -1, -1, 1, 1, 1, 1, 1, 1, -1, -1, -1, -1, 1, 1, 1, 1, 1, 1, 1, 1, -1, -1, -1, -1, -1, -1, -1, -1, -1, -1, -1, -1, -1, -1, -1, -1, 1, 1, 1, 1, 1, 1, 1, 1, 1, 1, 1, 1, 1, 1, 1, 1, 1, 1, -1, -1, -1, -1, -1, -1, -1, -1]"
video_conferencing,VLC_Teams,/indian-slp/Users/ug/ZEPA/Kritik/net_data/5G_Traffic_Datasets/VLC_Teams/teams_linux_20m_03.csv,pretrain,0,0.043794,True,0,0,0,38,4,52,0.131952,"[116, 116, 105, 105, 66, 66]","[0.0, 0.0, 0.043794, 0.0, 0.001406, 0.0]","[1, 1, -1, -1, 1, 1]"
video_conferencing,VLC_Teams,/indian-slp/Users/ug/ZEPA/Kritik/net_data/5G_Traffic_Datasets/VLC_Teams/teams_linux_20m_03.csv,pretrain,0,0.043635,True,0,0,0,38,4,52,0.131952,"[116, 116, 105, 105, 66, 66, 1412, 1412, 66, 66, 116, 327, 116, 327, 66, 66, 105, 105, 66, 66, 1415, 1415, 116, 116, 66, 66, 327, 327, 66, 66, 105, 105, 66, 66, 1464, 89, 1464, 89, 66, 66, 66, 66, 327, 116, 327, 116, 105, 105, 66, 66, 66, 66, 1464, 1464, 89, 89, 66, 66, 66, 327, 327, 66, 116, 116]","[0.0, 0.0, 0.043635, 0.0, 0.001395, 0.0, 17.032163, 0.0, 0.001073, 0.0, 0.001539, 0.0, 0.0, 0.0, 0.043278, 0.0, 0.000345, 0.0, 0.043307, 0.0, 0.875909, 0.0, 0.001765, 0.0, 0.0, 0.0, 0.0, 0.0, 0.04407, 0.0, 0.000305, 0.0, 0.041551, 0.0, 0.942732, 0.0, 0.0, 0.0, 0.001367, 0.0, 0.0, 0.0, 0.001212, 0.0, 0.0, 0.0, 0.043677, 0.0, 0.0, 0.0, 0.042152, 0.0, 0.980205, 0.0, 0.0, 0.0, 0.001471, 0.0, 0.0, 0.0, 0.0, 0.0, 0.00129, 0.0]","[1, 1, -1, -1, 1, 1, -1, -1, 1, 1, 1, 1, 1, 1, -1, -1, -1, -1, 1, 1, -1, -1, 1, 1, 1, 1, 1, 1, -1, -1, -1, -1, 1, 1, -1, -1, -1, -1, 1, 1, 1, 1, 1, 1, 1, 1, -1, -1, -1, -1, 1, 1, -1, -1, -1, -1, 1, 1, 1, 1, 1, 1, 1, 1]"
video_conferencing,VLC_Teams,/indian-slp/Users/ug/ZEPA/Kritik/net_data/5G_Traffic_Datasets/VLC_Teams/teams_linux_20m_03.csv,pretrain,0,0.057853,True,0,0,0,38,4,52,0.131952,"[116, 116, 105, 105, 66, 66]","[0.0, 0.0, 0.057853, 0.0, 0.001302, 0.0]","[1, 1, -1, -1, 1, 1]"
video_conferencing,VLC_Teams,/indian-slp/Users/ug/ZEPA/Kritik/net_data/5G_Traffic_Datasets/VLC_Teams/teams_linux_20m_03.csv,pretrain,0,0.044227,True,0,0,0,38,4,52,0.131952,"[116, 116, 105, 105, 66, 66]","[0.0, 0.0, 0.044227, 0.0, 0.001516, 0.0]","[1, 1, -1, -1, 1, 1]"
video_conferencing,VLC_Teams,/indian-slp/Users/ug/ZEPA/Kritik/net_data/5G_Traffic_Datasets/VLC_Teams/teams_linux_20m_03.csv,pretrain,0,0.013681,True,2,0,0,38,4,52,0.131952,"[74, 74, 74, 74, 1494, 594, 66, 1494, 594, 66, 66, 66, 66, 66, 300, 300, 855, 66, 130, 158, 130, 158, 66, 855, 137, 137, 66, 66, 212, 212, 431, 431, 101, 66, 101, 97, 97, 66, 66, 66]","[0.0, 0.0, 0.013681, 0.0, 0.002301, 0.0, 0.0, 0.0, 0.0, 0.0, 0.013742, 0.0, 0.000217, 0.0, 0.000378, 0.0, 0.001341, 0.0, 0.0, 0.0, 0.0, 0.0, 0.0, 0.000109, 0.013585, 0.0, 0.0, 0.0, 0.0, 0.0, 0.000426, 0.0, 0.001041, 0.0, 0.0, 0.0, 0.0, 0.0, 0.013368, 0.0]","[1, 1, -1, -1, 1, 1, 1, 1, 1, 1, -1, -1, -1, -1, -1, -1, 1, 1, 1, 1, 1, 1, 1, 1, -1, -1, -1, -1, -1, -1, -1, -1, 1, 1, 1, 1, 1, 1, -1, -1]"
video_conferencing,VLC_Teams,/indian-slp/Users/ug/ZEPA/Kritik/net_data/5G_Traffic_Datasets/VLC_Teams/teams_linux_20m_03.csv,pretrain,0,0.043827,True,0,0,0,38,4,52,0.131952,"[116, 116, 105, 105, 66, 66]","[0.0, 0.0, 0.043827, 0.0, 0.001395, 0.0]","[1, 1, -1, -1, 1, 1]"
video_conferencing,VLC_Teams,/indian-slp/Users/ug/ZEPA/Kritik/net_data/5G_Traffic_Datasets/VLC_Teams/teams_linux_20m_03.csv,pretrain,0,0.043463,True,0,0,0,38,4,52,0.131952,"[116, 116, 105, 105, 66, 66]","[0.0, 0.0, 0.043463, 0.0, 0.001399, 0.0]","[1, 1, -1, -1, 1, 1]"
video_conferencing,VLC_Teams,/indian-slp/Users/ug/ZEPA/Kritik/net_data/5G_Traffic_Datasets/VLC_Teams/teams_linux_20m_03.csv,pretrain,0,0.043848,True,0,0,0,38,4,52,0.131952,"[116, 116, 105, 105, 66, 66]","[0.0, 0.0, 0.043848, 0.0, 0.001341, 0.0]","[1, 1, -1, -1, 1, 1]"
video_conferencing,VLC_Teams,/indian-slp/Users/ug/ZEPA/Kritik/net_data/5G_Traffic_Datasets/VLC_Teams/teams_linux_20m_03.csv,pretrain,0,0.04361,True,0,0,0,38,4,52,0.131952,"[116, 116, 105, 105, 66, 66]","[0.0, 0.0, 0.04361, 0.0, 0.001475, 0.0]","[1, 1, -1, -1, 1, 1]"
video_conferencing,VLC_Teams,/indian-slp/Users/ug/ZEPA/Kritik/net_data/5G_Traffic_Datasets/VLC_Teams/teams_linux_20m_03.csv,pretrain,0,0.013581,True,0,2,0,38,4,52,0.131952,"[66, 66, 66, 66, 66, 66, 66, 66]","[0.0, 0.0, 0.013581, 0.0, 21.221716, 0.0, 0.042544, 0.0]","[1, 1, -1, -1, -1, -1, 1, 1]"
video_conferencing,VLC_Teams,/indian-slp/Users/ug/ZEPA/Kritik/net_data/5G_Traffic_Datasets/VLC_Teams/teams_linux_20m_03.csv,pretrain,0,0.043973,True,0,0,0,38,4,52,0.131952,"[116, 116, 105, 105, 66, 66]","[0.0, 0.0, 0.043973, 0.0, 0.001347, 0.0]","[1, 1, -1, -1, 1, 1]"
video_conferencing,VLC_Teams,/indian-slp/Users/ug/ZEPA/Kritik/net_data/5G_Traffic_Datasets/VLC_Teams/teams_linux_20m_03.csv,pretrain,0,0.044549,True,0,0,0,38,4,52,0.131952,"[116, 116, 105, 105, 66, 66]","[0.0, 0.0, 0.044549, 0.0, 0.001414, 0.0]","[1, 1, -1, -1, 1, 1]"
video_conferencing,VLC_Teams,/indian-slp/Users/ug/ZEPA/Kritik/net_data/5G_Traffic_Datasets/VLC_Teams/teams_linux_20m_03.csv,pretrain,0,0.044251,True,0,0,0,38,4,52,0.131952,"[116, 116, 105, 105, 66, 66]","[0.0, 0.0, 0.044251, 0.0, 0.001281, 0.0]","[1, 1, -1, -1, 1, 1]"
video_conferencing,VLC_Teams,/indian-slp/Users/ug/ZEPA/Kritik/net_data/5G_Traffic_Datasets/VLC_Teams/teams_linux_20m_03.csv,pretrain,0,0.005928,True,2,0,0,38,4,52,0.131952,"[74, 74, 66, 66, 343, 1494, 1494, 60, 60, 343, 60, 60, 60, 60, 153, 153, 60, 629, 629, 60, 60, 60, 1506, 1506, 1506, 1506, 1506, 1506, 1506, 1506, 282, 282, 146, 60, 128, 60, 146, 128, 1057, 1057, 60, 60, 513, 513, 116, 116, 85, 85, 85, 60, 60, 85, 60, 60, 60, 60, 496, 496, 60, 60]","[0.0, 0.0, 0.005928, 0.0, 0.001859, 0.0, 0.0, 0.0, 0.0, 0.0, 0.005312, 0.0, 0.000413, 0.0, 9.5e-05, 0.0, 0.001217, 0.0, 0.0, 0.0, 0.005373, 0.0, 0.002286, 0.0, 9e-05, 0.0, 0.0, 6.1e-05, 0.0, 0.0, 6.8e-05, 0.0, 0.001723, 0.0, 0.0, 0.0, 0.0, 0.0, 6.9e-05, 0.0, 0.00512, 0.0, 0.000151, 0.0, 7.7e-05, 0.0, 0.000239, 0.0, 0.001113, 0.0, 0.0, 0.0, 0.005374, 0.0, 0.034753, 0.0, 0.005493, 0.0, 0.000994, 0.0]","[1, 1, -1, -1, 1, 1, 1, 1, 1, 1, -1, -1, -1, -1, -1, -1, 1, 1, 1, 1, -1, -1, -1, -1, -1, -1, -1, -1, -1, -1, -1, -1, 1, 1, 1, 1, 1, 1, 1, 1, -1, -1, -1, -1, -1, -1, -1, -1, 1, 1, 1, 1, -1, -1, 1, 1, -1, -1, 1, 1]"
video_conferencing,VLC_Teams,/indian-slp/Users/ug/ZEPA/Kritik/net_data/5G_Traffic_Datasets/VLC_Teams/teams_linux_20m_03.csv,pretrain,0,0.043767,True,0,0,0,38,4,52,0.131952,"[116, 116, 105, 105, 66, 66]","[0.0, 0.0, 0.043767, 0.0, 0.001471, 0.0]","[1, 1, -1, -1, 1, 1]"
video_conferencing,VLC_Teams,/indian-slp/Users/ug/ZEPA/Kritik/net_data/5G_Traffic_Datasets/VLC_Teams/teams_linux_20m_03.csv,pretrain,0,0.009784,True,2,0,0,38,4,52,0.131952,"[74, 74, 74, 74, 683, 1506, 683, 1506, 66, 66, 66, 66, 66, 66, 330, 330, 158, 66, 523, 66, 523, 167, 146, 146, 163, 158, 163, 167, 66, 66, 66, 66, 369, 66, 369, 66, 66, 66, 66, 66, 97, 127, 127, 97, 875, 1310, 1310, 875, 875, 875, 1506, 1506, 1506, 1506, 1506, 1506, 1506, 1506, 1506, 425, 1506, 425, 876, 876]","[0.0, 0.0, 0.009784, 0.0, 0.001311, 0.0, 0.0, 0.0, 0.0, 0.0, 0.010731, 0.0, 0.0, 0.0, 0.000143, 0.0, 0.001452, 0.0, 0.0, 0.0, 0.0, 0.0, 0.0, 0.0, 0.0, 0.0, 2.9e-05, 0.0, 0.009994, 0.0, 0.0, 0.0, 0.0, 0.0, 0.0, 0.0, 0.000191, 0.0, 0.0, 0.0, 0.002228, 0.0, 0.0, 0.0, 0.000164, 0.0, 0.0, 0.0, 0.0, 0.0, 0.000148, 0.0, 0.0, 0.0, 0.0, 0.000104, 0.0, 0.0, 0.0, 0.000117, 0.0, 0.0, 0.000282, 0.0]","[1, 1, -1, -1, 1, 1, 1, 1, 1, 1, -1, -1, -1, -1, -1, -1, 1, 1, 1, 1, 1, 1, 1, 1, 1, 1, 1, 1, -1, -1, -1, -1, -1, -1, -1, -1, -1, -1, -1, -1, -1, -1, -1, -1, -1, -1, -1, -1, -1, -1, -1, -1, -1, -1, -1, -1, -1, -1, -1, -1, -1, -1, -1, -1]"
video_conferencing,VLC_Teams,/indian-slp/Users/ug/ZEPA/Kritik/net_data/5G_Traffic_Datasets/VLC_Teams/teams_linux_20m_03.csv,pretrain,0,0.122256,True,2,0,0,38,4,52,0.131952,"[74, 74, 74, 74, 538, 1494, 66, 66, 538, 1494, 66, 165, 165, 66, 66, 812, 66, 812, 1506, 1506, 1506, 1506, 1506, 701, 1506, 1506, 701, 1506, 66, 66, 816, 140, 140, 158, 1494, 816, 158, 1494, 1494, 1494, 1485, 1494, 1494, 1494, 1494, 1485, 66, 66, 128, 169, 128, 169, 97, 97, 66, 66, 66, 66, 66, 66, 97, 97, 66, 66]","[0.0, 0.0, 0.122256, 0.0, 0.001812, 0.0, 0.0, 0.0, 0.0, 0.0, 0.123275, 0.0, 0.0, 0.0, 0.001874, 0.0, 0.0, 0.0, 0.125325, 0.0, 0.0, 0.0, 0.000116, 0.0, 0.0, 0.0, 0.0, 0.0, 0.001802, 0.0, 0.003543, 0.0, 0.0, 0.0, 0.0, 0.0, 0.0, 0.00012, 0.0, 0.0, 0.0, 0.0, 0.0, 0.0, 0.0, 0.000113, 0.121886, 0.0, 0.000137, 0.0, 0.0, 0.0, 0.000133, 0.0, 0.000457, 0.0, 0.000502, 0.0, 0.0, 0.0, 0.000351, 0.0, 0.0, 0.0]","[1, 1, -1, -1, 1, 1, 1, 1, 1, 1, -1, -1, -1, -1, 1, 1, 1, 1, -1, -1, -1, -1, -1, -1, -1, -1, -1, -1, 1, 1, 1, 1, 1, 1, 1, 1, 1, 1, 1, 1, 1, 1, 1, 1, 1, 1, -1, -1, -1, -1, -1, -1, -1, -1, -1, -1, -1, -1, -1, -1, 1, 1, 1, 1]"
video_conferencing,VLC_Teams,/indian-slp/Users/ug/ZEPA/Kritik/net_data/5G_Traffic_Datasets/VLC_Teams/teams_linux_20m_03.csv,pretrain,0,0.043398,True,0,0,0,38,4,52,0.131952,"[116, 116, 105, 105, 66, 66, 1408, 1408, 66, 66, 116, 326, 326, 116, 66, 66, 105, 105, 66, 66, 1408, 1408, 66, 66, 326, 116, 116, 326, 66, 66, 105, 105, 66, 66, 1464, 86, 1464, 86, 66, 66, 116, 66, 326, 66, 116, 326, 66, 66, 105, 105, 66, 66, 1412, 1412, 116, 326, 66, 116, 326, 66, 66, 66, 105, 105]","[0.0, 0.0, 0.043398, 0.0, 0.001466, 0.0, 17.600556, 0.0, 0.001641, 0.0, 0.001918, 0.0, 0.0, 0.0, 0.04375, 0.0, 0.000183, 0.0, 0.041522, 0.0, 0.962202, 0.0, 0.001572, 0.0, 0.001725, 0.0, 0.0, 0.0, 0.043516, 0.0, 0.000153, 0.0, 0.041733, 0.0, 0.978589, 0.0, 0.0, 0.0, 0.001489, 0.0, 0.0, 0.0, 0.0, 0.0, 0.0, 0.0, 0.044003, 0.0, 0.00027, 0.0, 0.041768, 0.0, 0.969457, 0.0, 0.001876, 0.0, 0.0, 0.0, 0.0, 0.0, 0.043419, 0.0, 0.0, 0.0]","[1, 1, -1, -1, 1, 1, -1, -1, 1, 1, 1, 1, 1, 1, -1, -1, -1, -1, 1, 1, -1, -1, 1, 1, 1, 1, 1, 1, -1, -1, -1, -1, 1, 1, -1, -1, -1, -1, 1, 1, 1, 1, 1, 1, 1, 1, -1, -1, -1, -1, 1, 1, -1, -1, 1, 1, 1, 1, 1, 1, -1, -1, -1, -1]"
video_conferencing,VLC_Teams,/indian-slp/Users/ug/ZEPA/Kritik/net_data/5G_Traffic_Datasets/VLC_Teams/teams_linux_20m_03.csv,pretrain,0,0.043874,True,0,0,0,38,4,52,0.131952,"[116, 116, 105, 105, 66, 66]","[0.0, 0.0, 0.043874, 0.0, 0.00131, 0.0]","[1, 1, -1, -1, 1, 1]"
video_conferencing,VLC_Teams,/indian-slp/Users/ug/ZEPA/Kritik/net_data/5G_Traffic_Datasets/VLC_Teams/teams_linux_20m_03.csv,pretrain,0,0.043594,True,0,0,0,38,4,52,0.131952,"[116, 116, 105, 105, 66, 66]","[0.0, 0.0, 0.043594, 0.0, 0.001396, 0.0]","[1, 1, -1, -1, 1, 1]"
video_conferencing,VLC_Teams,/indian-slp/Users/ug/ZEPA/Kritik/net_data/5G_Traffic_Datasets/VLC_Teams/teams_linux_20m_03.csv,pretrain,0,0.013886,True,2,0,0,38,4,52,0.131952,"[74, 74, 74, 74, 562, 562, 66, 1494, 1494, 66, 66, 66, 66, 66, 300, 300, 66, 158, 66, 130, 158, 130, 835, 835, 212, 66, 212, 66, 66, 66, 137, 137, 431, 431, 101, 97, 66, 97, 66, 101, 66, 66]","[0.0, 0.0, 0.013886, 0.0, 0.002102, 0.0, 0.0, 0.0, 0.0, 0.0, 0.013774, 0.0, 0.000241, 0.0, 0.000288, 0.0, 0.001463, 0.0, 0.0, 0.0, 0.0, 0.0, 0.0, 0.0, 0.013334, 0.0, 0.0, 0.0, 9.3e-05, 0.0, 9.4e-05, 0.0, 0.000846, 0.0, 0.000563, 0.0, 0.0, 0.0, 0.0, 0.0, 0.013034, 0.0]","[1, 1, -1, -1, 1, 1, 1, 1, 1, 1, -1, -1, -1, -1, -1, -1, 1, 1, 1, 1, 1, 1, 1, 1, -1, -1, -1, -1, -1, -1, -1, -1, -1, -1, 1, 1, 1, 1, 1, 1, -1, -1]"
video_conferencing,VLC_Teams,/indian-slp/Users/ug/ZEPA/Kritik/net_data/5G_Traffic_Datasets/VLC_Teams/teams_linux_20m_03.csv,pretrain,0,0.04457,True,0,0,0,38,4,52,0.131952,"[116, 116, 105, 105, 66, 66]","[0.0, 0.0, 0.04457, 0.0, 0.001193, 0.0]","[1, 1, -1, -1, 1, 1]"
video_conferencing,VLC_Teams,/indian-slp/Users/ug/ZEPA/Kritik/net_data/5G_Traffic_Datasets/VLC_Teams/teams_linux_20m_03.csv,pretrain,0,0.043754,True,0,0,0,38,4,52,0.131952,"[1412, 1412, 326, 326, 66, 66, 116, 116, 66, 66, 105, 105, 66, 66, 116, 116, 105, 105, 66, 66, 1168, 1168, 66, 66, 326, 116, 326, 116, 66, 66, 105, 105, 66, 66, 116, 116, 105, 105, 66, 66]","[0.0, 0.0, 0.002318, 0.0, 0.0, 0.0, 0.0, 0.0, 0.043754, 0.0, 0.00019, 0.0, 0.042755, 0.0, 2.518202, 0.0, 0.043526, 0.0, 0.001557, 0.0, 18.086241, 0.0, 0.00135, 0.0, 0.001868, 0.0, 0.0, 0.0, 0.043293, 0.0, 0.000314, 0.0, 0.042247, 0.0, 21.778964, 0.0, 0.043507, 0.0, 0.001532, 0.0]","[-1, -1, 1, 1, 1, 1, 1, 1, -1, -1, -1, -1, 1, 1, 1, 1, -1, -1, 1, 1, -1, -1, 1, 1, 1, 1, 1, 1, -1, -1, -1, -1, 1, 1, 1, 1, -1, -1, 1, 1]"
video_conferencing,VLC_Teams,/indian-slp/Users/ug/ZEPA/Kritik/net_data/5G_Traffic_Datasets/VLC_Teams/teams_linux_20m_03.csv,pretrain,0,0.033003,True,0,0,0,38,4,52,0.131952,"[92, 92, 92, 92, 66, 66]","[0.0, 0.0, 0.033003, 0.0, 0.001407, 0.0]","[1, 1, -1, -1, 1, 1]"
video_conferencing,VLC_Teams,/indian-slp/Users/ug/ZEPA/Kritik/net_data/5G_Traffic_Datasets/VLC_Teams/teams_linux_20m_03.csv,pretrain,0,0.043841,True,0,0,0,38,4,52,0.131952,"[116, 116, 105, 105, 66, 66]","[0.0, 0.0, 0.043841, 0.0, 0.001491, 0.0]","[1, 1, -1, -1, 1, 1]"
video_conferencing,VLC_Teams,/indian-slp/Users/ug/ZEPA/Kritik/net_data/5G_Traffic_Datasets/VLC_Teams/teams_linux_20m_03.csv,pretrain,0,0.043908,True,0,0,0,38,4,52,0.131952,"[116, 116, 105, 105, 66, 66]","[0.0, 0.0, 0.043908, 0.0, 0.001586, 0.0]","[1, 1, -1, -1, 1, 1]"
video_conferencing,VLC_Teams,/indian-slp/Users/ug/ZEPA/Kritik/net_data/5G_Traffic_Datasets/VLC_Teams/teams_linux_20m_03.csv,pretrain,0,0.006966,True,2,0,0,38,4,52,0.131952,"[74, 74, 74, 74, 1506, 715, 715, 66, 1506, 66, 66, 66, 330, 330, 453, 453, 146, 158, 146, 158, 66, 66, 66, 66, 66, 66, 66, 66, 369, 369, 127, 127, 97, 97, 268, 104, 268, 104, 212, 97, 212, 101, 66, 101, 66, 97, 1506, 1506, 1506, 1506, 1506, 1506, 1307, 1307, 66, 66, 277, 277, 97, 97, 101, 101, 66, 66]","[0.0, 0.0, 0.006966, 0.0, 0.002482, 0.0, 0.0, 0.0, 0.0, 0.0, 0.005902, 0.0, 0.00097, 0.0, 0.001405, 0.0, 0.0, 0.0, 0.0, 0.0, 0.0, 0.0, 0.006186, 0.0, 0.0, 0.0, 0.000136, 0.0, 0.009195, 0.0, 0.004303, 0.0, 0.0, 0.0, 0.000119, 0.0, 0.0, 0.0, 0.001928, 0.0, 0.0, 0.0, 0.0, 0.0, 0.0, 0.0, 0.000101, 0.0, 0.0, 0.0, 0.0, 3.3e-05, 0.0, 0.0, 0.00894, 0.0, 0.130025, 0.0, 0.000726, 0.0, 0.001273, 0.0, 0.040567, 0.0]","[1, 1, -1, -1, 1, 1, 1, 1, 1, 1, -1, -1, -1, -1, 1, 1, 1, 1, 1, 1, 1, 1, -1, -1, -1, -1, -1, -1, -1, -1, -1, -1, -1, -1, -1, -1, -1, -1, 1, 1, 1, 1, 1, 1, 1, 1, 1, 1, 1, 1, 1, 1, 1, 1, -1, -1, -1, -1, -1, -1, 1, 1, 1, 1]"
video_conferencing,VLC_Teams,/indian-slp/Users/ug/ZEPA/Kritik/net_data/5G_Traffic_Datasets/VLC_Teams/teams_linux_20m_03.csv,pretrain,0,0.043903,True,0,0,0,38,4,52,0.131952,"[116, 116, 105, 105, 66, 66]","[0.0, 0.0, 0.043903, 0.0, 0.001217, 0.0]","[1, 1, -1, -1, 1, 1]"
video_conferencing,VLC_Teams,/indian-slp/Users/ug/ZEPA/Kritik/net_data/5G_Traffic_Datasets/VLC_Teams/teams_linux_20m_03.csv,pretrain,0,0.043704,True,0,0,0,38,4,52,0.131952,"[116, 116, 105, 105, 66, 66]","[0.0, 0.0, 0.043704, 0.0, 0.001332, 0.0]","[1, 1, -1, -1, 1, 1]"
video_conferencing,VLC_Teams,/indian-slp/Users/ug/ZEPA/Kritik/net_data/5G_Traffic_Datasets/VLC_Teams/teams_linux_20m_03.csv,pretrain,0,0.043915,True,0,0,0,38,4,52,0.131952,"[116, 116, 105, 105, 66, 66, 1464, 1464, 737, 1464, 1464, 737, 66, 66, 66, 66, 66, 66, 325, 116, 116, 325, 1464, 1464, 1269, 1269, 66, 66, 326, 326, 66, 66, 105, 105, 66, 66, 66, 66, 1414, 1414, 116, 326, 116, 326, 66, 66, 66, 66, 105, 105, 66, 66, 116, 116, 105, 105, 66, 66]","[0.0, 0.0, 0.043915, 0.0, 0.001319, 0.0, 25.347764, 0.0, 0.0, 0.0, 0.0, 0.0, 0.001525, 0.0, 0.0, 0.0, 0.0, 0.0, 0.004593, 0.0, 0.0, 0.0, 0.037902, 0.0, 0.0, 0.0, 0.001465, 0.0, 0.003487, 0.0, 0.000262, 0.0, 0.000441, 0.0, 0.042583, 0.0, 0.042774, 0.0, 1.005916, 0.0, 0.002172, 0.0, 0.0, 0.0, 0.0, 0.0, 0.043511, 0.0, 0.000182, 0.0, 0.042255, 0.0, 13.376965, 0.0, 0.043803, 0.0, 0.001377, 0.0]","[1, 1, -1, -1, 1, 1, -1, -1, -1, -1, -1, -1, 1, 1, 1, 1, 1, 1, 1, 1, 1, 1, -1, -1, -1, -1, 1, 1, 1, 1, -1, -1, -1, -1, 1, 1, -1, -1, -1, -1, 1, 1, 1, 1, 1, 1, -1, -1, -1, -1, 1, 1, 1, 1, -1, -1, 1, 1]"
video_conferencing,VLC_Teams,/indian-slp/Users/ug/ZEPA/Kritik/net_data/5G_Traffic_Datasets/VLC_Teams/teams_linux_20m_03.csv,pretrain,0,0.130999,True,2,0,0,38,4,52,0.131952,"[74, 74, 74, 74, 1494, 66, 474, 66, 1494, 474, 66, 66, 165, 165, 66, 66, 748, 748, 1506, 1506, 1506, 1506, 1506, 1506, 1506, 701, 701, 1506, 66, 66, 66, 66, 140, 140, 763, 158, 158, 763, 1494, 1215, 1494, 1215, 66, 66, 66, 66, 169, 169, 128, 128, 97, 66, 66, 97, 97, 97, 66, 66, 365, 365, 66, 66]","[0.0, 0.0, 0.130999, 0.0, 0.00223, 0.0, 0.0, 0.0, 0.0, 0.0, 0.129544, 0.0, 0.015391, 0.0, 0.001395, 0.0, 0.001966, 0.0, 0.1354, 0.0, 0.0, 0.0, 0.0, 0.0, 0.000115, 0.0, 0.0, 0.0, 0.00139, 0.0, 0.0, 0.0, 0.002078, 0.0, 0.0, 0.0, 0.0, 0.0, 0.0, 0.00011, 0.0, 0.0, 0.130195, 0.0, 0.0, 0.0, 0.005399, 0.0, 0.012167, 0.0, 0.00145, 0.0, 0.0, 0.0, 0.130891, 0.0, 0.043041, 0.0, 0.493251, 0.0, 0.001472, 0.0]","[1, 1, -1, -1, 1, 1, 1, 1, 1, 1, -1, -1, -1, -1, 1, 1, 1, 1, -1, -1, -1, -1, -1, -1, -1, -1, -1, -1, 1, 1, 1, 1, 1, 1, 1, 1, 1, 1, 1, 1, 1, 1, -1, -1, -1, -1, -1, -1, -1, -1, 1, 1, 1, 1, -1, -1, 1, 1, -1, -1, 1, 1]"
video_conferencing,VLC_Teams,/indian-slp/Users/ug/ZEPA/Kritik/net_data/5G_Traffic_Datasets/VLC_Teams/teams_linux_20m_03.csv,pretrain,0,0.043327,True,0,0,0,38,4,52,0.131952,"[116, 116, 105, 105, 66, 66]","[0.0, 0.0, 0.043327, 0.0, 0.001559, 0.0]","[1, 1, -1, -1, 1, 1]"
video_conferencing,VLC_Teams,/indian-slp/Users/ug/ZEPA/Kritik/net_data/5G_Traffic_Datasets/VLC_Teams/teams_linux_20m_03.csv,pretrain,0,0.043535,True,0,0,0,38,4,52,0.131952,"[116, 116, 105, 105, 66, 66]","[0.0, 0.0, 0.043535, 0.0, 0.001289, 0.0]","[1, 1, -1, -1, 1, 1]"
video_conferencing,VLC_Teams,/indian-slp/Users/ug/ZEPA/Kritik/net_data/5G_Traffic_Datasets/VLC_Teams/teams_linux_20m_03.csv,pretrain,0,0.044251,True,0,0,0,38,4,52,0.131952,"[116, 116, 105, 105, 66, 66]","[0.0, 0.0, 0.044251, 0.0, 0.002324, 0.0]","[1, 1, -1, -1, 1, 1]"
video_conferencing,VLC_Teams,/indian-slp/Users/ug/ZEPA/Kritik/net_data/5G_Traffic_Datasets/VLC_Teams/teams_linux_20m_03.csv,pretrain,0,0.043968,True,0,0,0,38,4,52,0.131952,"[116, 116, 105, 105, 66, 66]","[0.0, 0.0, 0.043968, 0.0, 0.001389, 0.0]","[1, 1, -1, -1, 1, 1]"
video_conferencing,VLC_Teams,/indian-slp/Users/ug/ZEPA/Kritik/net_data/5G_Traffic_Datasets/VLC_Teams/teams_linux_20m_03.csv,pretrain,0,0.043889,True,0,0,0,38,4,52,0.131952,"[116, 116, 105, 105, 66, 66]","[0.0, 0.0, 0.043889, 0.0, 0.00152, 0.0]","[1, 1, -1, -1, 1, 1]"
video_conferencing,VLC_Teams,/indian-slp/Users/ug/ZEPA/Kritik/net_data/5G_Traffic_Datasets/VLC_Teams/teams_linux_20m_03.csv,pretrain,0,0.044052,True,0,0,0,38,4,52,0.131952,"[116, 116, 105, 105, 66, 66]","[0.0, 0.0, 0.044052, 0.0, 0.001583, 0.0]","[1, 1, -1, -1, 1, 1]"
video_conferencing,VLC_Teams,/indian-slp/Users/ug/ZEPA/Kritik/net_data/5G_Traffic_Datasets/VLC_Teams/teams_linux_20m_03.csv,pretrain,0,0.043764,True,0,0,0,38,4,52,0.131952,"[116, 116, 105, 105, 66, 66]","[0.0, 0.0, 0.043764, 0.0, 0.001375, 0.0]","[1, 1, -1, -1, 1, 1]"
video_conferencing,VLC_Teams,/indian-slp/Users/ug/ZEPA/Kritik/net_data/5G_Traffic_Datasets/VLC_Teams/teams_linux_20m_03.csv,pretrain,0,0.005933,True,2,0,0,38,4,52,0.131952,"[74, 74, 74, 74, 1494, 594, 1494, 594, 66, 66, 66, 66, 300, 300, 130, 66, 835, 66, 158, 158, 130, 835, 66, 66, 212, 212, 137, 137, 432, 432, 66, 101, 97, 66, 101, 97, 66, 66]","[0.0, 0.0, 0.005933, 0.0, 0.001649, 0.0, 0.0, 0.0, 0.0, 0.0, 0.006159, 0.0, 0.0, 0.0, 0.001611, 0.0, 0.0, 0.0, 0.0, 0.0, 0.0, 0.0, 0.005978, 0.0, 0.0, 0.0, 6.7e-05, 0.0, 0.000483, 0.0, 0.000961, 0.0, 0.0, 0.0, 0.0, 0.0, 0.006343, 0.0]","[1, 1, -1, -1, 1, 1, 1, 1, 1, 1, -1, -1, -1, -1, 1, 1, 1, 1, 1, 1, 1, 1, -1, -1, -1, -1, -1, -1, -1, -1, 1, 1, 1, 1, 1, 1, -1, -1]"
video_conferencing,VLC_Teams,/indian-slp/Users/ug/ZEPA/Kritik/net_data/5G_Traffic_Datasets/VLC_Teams/teams_linux_20m_03.csv,pretrain,1,0.079171,True,0,0,0,38,4,52,0.131952,"[111, 111, 90, 90, 118, 118, 87, 87, 146, 146, 118, 118, 90, 90, 118, 118, 87, 87, 158, 158, 111, 111, 118, 118, 87, 87, 94, 94, 118, 118, 87, 87, 90, 138, 138, 90, 94, 94, 118, 118, 87, 87, 158, 158, 111, 111, 90, 90, 118, 118, 87, 87, 118, 118, 90, 90, 87, 87, 146, 146, 158, 158, 118, 118]","[0.0, 0.0, 0.079171, 0.0, 0.1025, 0.0, 0.021134, 0.0, 0.015194, 0.0, 0.092003, 0.0, 0.281848, 0.0, 0.00571, 0.0, 0.021925, 0.0, 0.182619, 0.0, 0.202124, 0.0, 0.020178, 0.0, 0.021199, 0.0, 0.098334, 0.0, 0.296808, 0.0, 0.021214, 0.0, 0.20052, 0.0, 0.0, 0.0, 0.0, 0.0, 0.204227, 0.0, 0.01085, 0.0, 0.003703, 0.0, 0.202332, 0.0, 0.098684, 0.0, 0.100432, 0.0, 0.021533, 0.0, 0.39449, 0.0, 0.006848, 0.0, 0.014855, 0.0, 0.153854, 0.0, 0.196952, 0.0, 0.054234, 0.0]","[1, 1, -1, -1, 1, 1, 1, 1, 1, 1, -1, -1, -1, -1, 1, 1, 1, 1, -1, -1, 1, 1, 1, 1, 1, 1, -1, -1, 1, 1, 1, 1, -1, -1, -1, -1, -1, -1, 1, 1, 1, 1, -1, -1, 1, 1, -1, -1, 1, 1, 1, 1, 1, 1, -1, -1, 1, 1, 1, 1, -1, -1, 1, 1]"
video_conferencing,VLC_Teams,/indian-slp/Users/ug/ZEPA/Kritik/net_data/5G_Traffic_Datasets/VLC_Teams/teams_linux_20m_03.csv,pretrain,2,0.014523,True,0,0,0,38,4,52,0.131952,"[1292, 122, 122, 1292, 1292, 1292, 1292, 82, 1292, 82, 1292, 1292, 1292, 1292, 347, 347, 984, 984, 73, 120, 120, 73, 67, 67, 1292, 1292, 162, 162, 75, 75]","[0.0, 0.0, 0.0, 0.0, 0.0, 0.0, 0.014523, 0.0, 0.0, 0.0, 0.018216, 0.0, 0.001781, 0.0, 0.000237, 0.0, 0.0, 0.0, 0.001814, 0.0, 0.0, 0.0, 0.002618, 0.0, 0.007213, 0.0, 0.005506, 0.0, 0.001911, 0.0]","[1, 1, 1, 1, 1, 1, -1, -1, -1, -1, 1, 1, -1, -1, -1, -1, -1, -1, 1, 1, 1, 1, -1, -1, -1, -1, -1, -1, 1, 1]"
video_conferencing,VLC_Teams,/indian-slp/Users/ug/ZEPA/Kritik/net_data/5G_Traffic_Datasets/VLC_Teams/teams_linux_20m_03.csv,pretrain,1,0.042543,True,0,0,0,38,4,52,0.131952,"[138, 138, 114, 114, 199, 199, 138, 138, 114, 114, 138, 138, 199, 199, 114, 114, 158, 158, 106, 106, 199, 199, 1233, 1233, 112, 112, 588, 588, 612, 612, 123, 123, 114, 114, 116, 116, 117, 117, 117, 117, 117, 117, 117, 117, 117, 117, 117, 117, 179, 179, 171, 171, 117, 117, 117, 117, 139, 139, 183, 95, 131, 95, 131, 183]","[0.0, 0.0, 0.042543, 0.0, 0.002039, 0.0, 0.007199, 0.0, 0.044314, 0.0, 0.018375, 0.0, 0.031206, 0.0, 0.005699, 0.0, 0.109708, 0.0, 0.001597, 0.0, 0.070533, 0.0, 0.093413, 0.0, 0.0, 0.0, 0.002986, 0.0, 0.05006, 0.0, 0.002756, 0.0, 0.011643, 0.0, 0.020236, 0.0, 0.022033, 0.0, 0.021158, 0.0, 0.021891, 0.0, 0.021059, 0.0, 0.02156, 0.0, 0.010251, 0.0, 0.002796, 0.0, 0.001677, 0.0, 0.017256, 0.0, 0.02079, 0.0, 0.00957, 0.0, 0.002067, 0.0, 0.0, 0.0, 0.0, 0.0]","[1, 1, -1, -1, 1, 1, 1, 1, -1, -1, 1, 1, 1, 1, -1, -1, -1, -1, 1, 1, 1, 1, -1, -1, -1, -1, 1, 1, -1, -1, 1, 1, 1, 1, 1, 1, 1, 1, 1, 1, 1, 1, 1, 1, 1, 1, 1, 1, -1, -1, 1, 1, 1, 1, 1, 1, -1, -1, 1, 1, 1, 1, 1, 1]"
video_conferencing,VLC_Teams,/indian-slp/Users/ug/ZEPA/Kritik/net_data/5G_Traffic_Datasets/VLC_Teams/teams_linux_20m_03.csv,pretrain,0,0.03913,True,0,0,0,38,4,52,0.131952,"[345, 345, 66, 66, 345, 345, 1494, 261, 1494, 261, 1494, 1494, 1494, 1494, 1494, 1494, 1494, 1494, 1494, 1494, 1494, 1494, 1494, 1494, 1494, 1494, 66, 66, 66, 66, 66, 66, 1494, 1494, 1494, 1494, 76, 76, 1494, 1494, 66, 66, 66, 66, 260, 260, 66, 66, 253, 253, 151, 151, 66, 66, 287, 287, 288, 288, 66, 66, 189, 189, 66, 66]","[0.0, 0.0, 0.03913, 0.0, 0.0, 0.0, 0.002704, 0.0, 0.0, 0.0, 0.00012, 0.0, 0.0, 0.0, 0.0, 0.0, 0.0, 0.000125, 0.0, 0.0, 0.0, 0.0, 0.0, 0.0, 0.0, 0.000165, 0.039063, 0.0, 0.000615, 0.0, 0.000539, 0.0, 0.000138, 0.0, 0.0, 0.0, 0.0, 0.0, 0.0, 0.0, 0.038964, 0.0, 0.000881, 0.0, 0.084671, 0.0, 0.041948, 0.0, 0.243212, 0.0, 0.039289, 0.0, 0.001375, 0.0, 0.003081, 0.0, 0.0, 0.0, 0.041828, 0.0, 0.066447, 0.0, 0.042655, 0.0]","[1, 1, -1, -1, -1, -1, 1, 1, 1, 1, 1, 1, 1, 1, 1, 1, 1, 1, 1, 1, 1, 1, 1, 1, 1, 1, -1, -1, -1, -1, -1, -1, 1, 1, 1, 1, 1, 1, 1, 1, -1, -1, -1, -1, -1, -1, 1, 1, 1, 1, -1, -1, 1, 1, 1, 1, 1, 1, -1, -1, -1, -1, 1, 1]"
video_conferencing,VLC_Teams,/indian-slp/Users/ug/ZEPA/Kritik/net_data/5G_Traffic_Datasets/VLC_Teams/teams_linux_20m_03.csv,pretrain,1,0.054094,True,0,0,0,38,4,52,0.131952,"[62, 62, 74, 74, 62, 62, 74, 74, 62, 62, 74, 74, 62, 62, 74, 74, 62, 62, 74, 74, 62, 62, 74, 74, 62, 62, 74, 74, 62, 62, 74, 74, 62, 62, 74, 74, 62, 62, 74, 74, 62, 62, 74, 74, 62, 62, 74, 74, 62, 62, 74, 74, 62, 62, 74, 74, 62, 62, 74, 74, 62, 62, 74, 74]","[0.0, 0.0, 0.054094, 0.0, 10.014963, 0.0, 0.049317, 0.0, 10.01285, 0.0, 0.04665, 0.0, 10.01538, 0.0, 0.047119, 0.0, 10.014138, 0.0, 0.047815, 0.0, 10.015126, 0.0, 0.046832, 0.0, 10.015281, 0.0, 0.046951, 0.0, 10.015166, 0.0, 0.046747, 0.0, 10.015532, 0.0, 0.04715, 0.0, 10.014847, 0.0, 0.046926, 0.0, 10.015293, 0.0, 0.046553, 0.0, 10.015445, 0.0, 0.046672, 0.0, 10.01564, 0.0, 0.047472, 0.0, 10.014555, 0.0, 0.04839, 0.0, 10.013758, 0.0, 0.046529, 0.0, 10.015498, 0.0, 0.046957, 0.0]","[1, 1, -1, -1, 1, 1, -1, -1, 1, 1, -1, -1, 1, 1, -1, -1, 1, 1, -1, -1, 1, 1, -1, -1, 1, 1, -1, -1, 1, 1, -1, -1, 1, 1, -1, -1, 1, 1, -1, -1, 1, 1, -1, -1, 1, 1, -1, -1, 1, 1, -1, -1, 1, 1, -1, -1, 1, 1, -1, -1, 1, 1, -1, -1]"
video_conferencing,VLC_Teams,/indian-slp/Users/ug/ZEPA/Kritik/net_data/5G_Traffic_Datasets/VLC_Teams/teams_linux_20m_03.csv,pretrain,2,0.214052,True,0,0,0,38,4,52,0.131952,"[119, 119, 74, 74, 71, 71, 66, 66, 71, 71, 66, 66, 71, 71, 66, 66, 71, 71, 66, 66, 71, 71, 66, 66, 71, 71, 66, 66, 71, 71, 66, 66, 71, 71, 66, 66, 71, 71, 66, 66, 71, 71, 66, 66, 71, 71, 66, 66, 82, 82, 71, 71, 74, 74]","[0.0, 0.0, 0.027059, 0.0, 0.175509, 0.0, 0.038543, 0.0, 0.201465, 0.0, 0.039225, 0.0, 0.201922, 0.0, 0.039329, 0.0, 0.202127, 0.0, 0.039153, 0.0, 0.20208, 0.0, 0.038758, 0.0, 0.201653, 0.0, 0.038924, 0.0, 0.401967, 0.0, 0.041528, 0.0, 0.802605, 0.0, 0.038435, 0.0, 1.602109, 0.0, 0.041997, 0.0, 3.202028, 0.0, 0.038793, 0.0, 6.401551, 0.0, 0.038849, 0.0, 2.824149, 0.0, 0.013395, 0.0, 0.027761, 0.0]","[-1, -1, 1, 1, 1, 1, -1, -1, 1, 1, -1, -1, 1, 1, -1, -1, 1, 1, -1, -1, 1, 1, -1, -1, 1, 1, -1, -1, 1, 1, -1, -1, 1, 1, -1, -1, 1, 1, -1, -1, 1, 1, -1, -1, 1, 1, -1, -1, 1, 1, -1, -1, 1, 1]"
video_conferencing,VLC_Teams,/indian-slp/Users/ug/ZEPA/Kritik/net_data/5G_Traffic_Datasets/VLC_Teams/teams_linux_20m_03.csv,pretrain,0,0.029267,True,0,4,4,38,4,52,0.131952,"[247, 60, 60, 247, 60, 60, 135, 135, 60, 60, 60, 60, 60, 60]","[0.0, 0.0, 0.0, 0.0, 0.029267, 0.0, 0.002098, 0.0, 0.001335, 0.0, 0.00109, 0.0, 0.001244, 0.0]","[1, 1, 1, 1, -1, -1, -1, -1, 1, 1, -1, -1, 1, 1]"
video_conferencing,VLC_Teams,/indian-slp/Users/ug/ZEPA/Kritik/net_data/5G_Traffic_Datasets/VLC_Teams/teams_linux_20m_03.csv,pretrain,0,0.033787,True,0,4,4,38,4,52,0.131952,"[218, 60, 60, 218, 60, 106, 60, 60, 106, 60, 60, 60, 60, 60]","[0.0, 0.0, 0.0, 0.0, 0.033787, 0.0, 0.0, 0.0, 0.0, 0.0, 0.001207, 0.0, 0.0, 0.0]","[1, 1, 1, 1, -1, -1, -1, -1, -1, -1, 1, 1, 1, 1]"
video_conferencing,VLC_Teams,/indian-slp/Users/ug/ZEPA/Kritik/net_data/5G_Traffic_Datasets/VLC_Teams/teams_linux_20m_03.csv,pretrain,0,0.009918,True,2,2,4,38,4,52,0.131952,"[74, 74, 74, 74, 747, 747, 1506, 66, 1506, 66, 66, 66, 66, 66, 66, 66, 90, 90, 330, 330, 60, 60, 60, 60]","[0.0, 0.0, 0.009918, 0.0, 0.001447, 0.0, 0.0, 0.0, 0.0, 0.0, 0.009806, 0.0, 0.198375, 0.0, 0.050463, 0.0, 0.233429, 0.0, 0.0, 0.0, 0.001368, 0.0, 0.0, 0.0]","[1, 1, -1, -1, 1, 1, 1, 1, 1, 1, -1, -1, 1, 1, -1, -1, -1, -1, -1, -1, 1, 1, 1, 1]"
video_conferencing,VLC_Teams,/indian-slp/Users/ug/ZEPA/Kritik/net_data/5G_Traffic_Datasets/VLC_Teams/teams_linux_20m_03.csv,pretrain,0,0.013638,True,2,2,6,38,4,52,0.131952,"[74, 74, 74, 74, 66, 428, 1506, 66, 428, 1506, 66, 66, 66, 66, 66, 66, 1506, 1506, 1282, 1282, 1506, 1506, 60, 60, 60, 60, 60, 60]","[0.0, 0.0, 0.013638, 0.0, 0.001333, 0.0, 0.0, 0.0, 0.0, 0.0, 0.013671, 0.0, 0.190806, 0.0, 0.054329, 0.0, 0.232528, 0.0, 0.000118, 0.0, 0.0, 0.0, 0.001415, 0.0, 0.0, 0.0, 0.0, 0.0]","[1, 1, -1, -1, 1, 1, 1, 1, 1, 1, -1, -1, 1, 1, -1, -1, -1, -1, -1, -1, -1, -1, 1, 1, 1, 1, 1, 1]"
video_conferencing,VLC_Teams,/indian-slp/Users/ug/ZEPA/Kritik/net_data/5G_Traffic_Datasets/VLC_Teams/teams_linux_20m_03.csv,pretrain,0,0.039066,True,2,0,0,38,4,52,0.131952,"[74, 74, 66, 66, 1494, 448, 60, 60, 1494, 448, 60, 60, 1506, 1506, 1506, 1506, 1506, 441, 1506, 1506, 441, 1506, 60, 60, 60, 60, 60, 60, 60, 60, 60, 60, 212, 212, 825, 825, 60, 60, 105, 105, 466, 466, 60, 60, 1221, 1221, 60, 60, 97, 97, 93, 93, 60, 60, 97, 97, 93, 93, 60, 60, 97, 97, 93, 93]","[0.0, 0.0, 0.039066, 0.0, 0.002289, 0.0, 0.0, 0.0, 0.0, 0.0, 0.037692, 0.0, 0.00249, 0.0, 0.0, 0.0, 0.0, 0.000131, 0.0, 0.0, 0.0, 0.0, 0.001239, 0.0, 0.0, 0.0, 0.0, 0.0, 0.0, 0.0, 0.0, 0.0, 0.003714, 0.0, 0.0, 0.0, 0.03835, 0.0, 0.00216, 0.0, 0.002352, 0.0, 0.001486, 0.0, 0.157512, 0.0, 0.086459, 0.0, 14.909545, 0.0, 0.037797, 0.0, 0.041986, 0.0, 14.959735, 0.0, 0.037875, 0.0, 0.001441, 0.0, 15.000215, 0.0, 0.037605, 0.0]","[1, 1, -1, -1, 1, 1, 1, 1, 1, 1, -1, -1, -1, -1, -1, -1, -1, -1, -1, -1, -1, -1, 1, 1, 1, 1, 1, 1, 1, 1, 1, 1, 1, 1, 1, 1, -1, -1, -1, -1, -1, -1, 1, 1, 1, 1, -1, -1, 1, 1, -1, -1, 1, 1, 1, 1, -1, -1, 1, 1, 1, 1, -1, -1]"
video_conferencing,VLC_Teams,/indian-slp/Users/ug/ZEPA/Kritik/net_data/5G_Traffic_Datasets/VLC_Teams/teams_linux_20m_03.csv,pretrain,2,0.01361,True,0,0,0,38,4,52,0.131952,"[1292, 1292, 1292, 1292, 122, 122, 82, 82, 1292, 1292, 1292, 1292, 1292, 1292, 355, 355, 672, 672, 120, 120, 73, 73, 1288, 1288, 1292, 1292, 1288, 1288, 1292, 1292, 1292, 1292, 1292, 1292, 1292, 1292, 1292, 1292, 1292, 615, 1292, 615, 1195, 1195, 67, 67, 1292, 1292, 162, 162, 67, 67, 67, 67, 71, 71, 67, 67, 67, 67, 67, 67, 76, 75]","[0.0, 0.0, 0.0, 0.0, 0.003789, 0.0, 0.009821, 0.0, 0.00054, 0.0, 0.018854, 1.2e-05, 0.000757, 0.0, 0.000126, 0.0, 0.000108, 0.0, 0.001601, 0.0, 0.0, 0.0, 2e-05, 1.3e-05, 1.8e-05, 0.0, 8.1e-05, 0.0, 0.0, 9.4e-05, 0.0, 0.0, 0.0, 0.0, 0.0, 2.3e-05, 0.0, 1e-05, 2e-05, 0.0, 1.2e-05, 9e-06, 3.5e-05, 9e-06, 0.010077, 0.0, 0.000415, 0.0, 0.002536, 0.0, 7.1e-05, 0.0, 0.0, 0.0, 0.001051, 0.0, 0.000647, 0.0, 0.000106, 0.0, 4.9e-05, 0.0, 0.000381, 0.0]","[1, 1, 1, 1, 1, 1, -1, -1, -1, -1, 1, 1, -1, -1, -1, -1, -1, -1, 1, 1, 1, 1, 1, 1, 1, 1, 1, 1, 1, 1, 1, 1, 1, 1, 1, 1, 1, 1, 1, 1, 1, 1, 1, 1, -1, -1, -1, -1, -1, -1, -1, -1, -1, -1, -1, -1, -1, -1, -1, -1, -1, -1, 1, 1]"
video_conferencing,VLC_Teams,/indian-slp/Users/ug/ZEPA/Kritik/net_data/5G_Traffic_Datasets/VLC_Teams/teams_linux_20m_03.csv,pretrain,2,0.015064,True,0,0,0,38,4,52,0.131952,"[121, 1292, 1292, 1292, 1292, 121, 82, 82, 1292, 1292, 1292, 1292, 1292, 1292, 334, 334, 976, 976, 167, 1288, 120, 120, 1288, 73, 73, 167, 67, 67, 1292, 1292, 162, 162, 71, 71, 67, 67, 75, 75, 75, 75, 627, 627, 63, 63, 79, 79, 76, 76, 65, 65]","[0.0, 0.0, 0.0, 0.0, 0.0, 0.0, 0.015064, 0.0, 0.000242, 0.0, 0.018798, 0.0, 0.001372, 0.0, 0.000259, 0.0, 0.0, 9.6e-05, 0.001512, 0.0, 0.0, 0.0, 0.0, 0.0, 0.0, 0.0, 0.00276, 0.0, 0.009221, 0.0, 0.00076, 0.0, 0.001148, 0.0, 0.0, 0.0, 0.001059, 0.0, 0.0, 0.0, 0.019759, 0.0, 0.000163, 0.0, 0.001441, 0.0, 0.025496, 0.0, 0.013611, 0.0]","[1, 1, 1, 1, 1, 1, -1, -1, -1, -1, 1, 1, -1, -1, -1, -1, -1, -1, 1, 1, 1, 1, 1, 1, 1, 1, -1, -1, -1, -1, -1, -1, -1, -1, -1, -1, 1, 1, 1, 1, -1, -1, -1, -1, 1, 1, 1, 1, -1, -1]"
video_conferencing,VLC_Teams,/indian-slp/Users/ug/ZEPA/Kritik/net_data/5G_Traffic_Datasets/VLC_Teams/teams_linux_20m_03.csv,pretrain,2,0.006086,True,0,0,0,38,4,52,0.131952,"[1292, 1292, 1292, 1292, 124, 124, 82, 82, 1292, 1292, 1292, 1292, 1292, 1292, 1292, 1292, 344, 344, 69, 69, 990, 990, 120, 73, 120, 73, 1292, 283, 1288, 1288, 1292, 283, 66, 66, 162, 162, 67, 67, 71, 71, 67, 67, 73, 73, 306, 306, 821, 821, 77, 77, 66, 66, 342, 342, 70, 70, 285, 203, 285, 203, 77, 77, 74, 74]","[0.0, 0.0, 0.0, 0.0, 0.001614, 0.0, 0.004472, 0.0, 0.000674, 0.0, 0.008565, 0.0, 0.006126, 0.0, 0.005572, 0.0, 0.0, 0.0, 0.000122, 0.0, 0.0, 0.0, 0.001719, 0.0, 0.0, 0.0, 0.0, 0.0, 0.0, 0.0, 0.0, 0.0, 0.004995, 0.0, 0.000517, 0.0, 0.001565, 0.0, 0.0, 0.0, 0.0, 0.0, 0.001617, 0.0, 0.062956, 0.0, 0.0, 0.0, 0.001898, 0.0, 0.031503, 0.0, 22.173047, 0.0, 0.032019, 0.0, 0.002054, 0.0, 0.0, 0.0, 0.001473, 0.0, 0.026105, 0.0]","[1, 1, 1, 1, 1, 1, -1, -1, -1, -1, 1, 1, -1, -1, -1, -1, -1, -1, -1, -1, -1, -1, 1, 1, 1, 1, 1, 1, 1, 1, 1, 1, -1, -1, -1, -1, -1, -1, -1, -1, -1, -1, 1, 1, -1, -1, -1, -1, 1, 1, -1, -1, 1, 1, -1, -1, -1, -1, -1, -1, 1, 1, 1, 1]"
video_conferencing,VLC_Teams,/indian-slp/Users/ug/ZEPA/Kritik/net_data/5G_Traffic_Datasets/VLC_Teams/teams_linux_20m_03.csv,pretrain,0,0.013483,True,0,4,0,38,4,52,0.131952,"[66, 66, 66, 66, 66, 66, 66, 66, 66, 66]","[0.0, 0.0, 0.013483, 0.0, 1.888176, 0.0, 0.014478, 0.0, 0.000366, 0.0]","[1, 1, -1, -1, 1, 1, -1, -1, 1, 1]"
video_conferencing,VLC_Teams,/indian-slp/Users/ug/ZEPA/Kritik/net_data/5G_Traffic_Datasets/VLC_Teams/teams_linux_20m_03.csv,pretrain,0,0.013227,True,0,4,0,38,4,52,0.131952,"[66, 66, 66, 66, 66, 66, 66, 66, 66, 66]","[0.0, 0.0, 0.013227, 0.0, 1.888432, 0.0, 0.013793, 0.0, 0.001051, 0.0]","[1, 1, -1, -1, 1, 1, -1, -1, 1, 1]"
video_conferencing,VLC_Teams,/indian-slp/Users/ug/ZEPA/Kritik/net_data/5G_Traffic_Datasets/VLC_Teams/teams_linux_20m_03.csv,pretrain,2,0.014496,True,0,0,0,38,4,52,0.131952,"[121, 1292, 1292, 1292, 121, 1292, 82, 82, 1292, 1292, 1292, 1292, 1292, 1292, 984, 984, 350, 350, 120, 73, 73, 120, 67, 67, 1292, 1292, 162, 162, 75, 75]","[0.0, 0.0, 0.0, 0.0, 0.0, 0.0, 0.014496, 0.0, 0.000318, 0.0, 0.017939, 0.0, 0.001854, 0.0, 0.0, 0.0, 0.0, 0.0, 0.00214, 0.0, 0.0, 0.0, 0.003556, 0.0, 0.006753, 0.0, 0.003549, 0.0, 0.001569, 0.0]","[1, 1, 1, 1, 1, 1, -1, -1, -1, -1, 1, 1, -1, -1, -1, -1, -1, -1, 1, 1, 1, 1, -1, -1, -1, -1, -1, -1, 1, 1]"
video_conferencing,VLC_Teams,/indian-slp/Users/ug/ZEPA/Kritik/net_data/5G_Traffic_Datasets/VLC_Teams/teams_linux_20m_03.csv,pretrain,2,0.020938,True,0,0,0,38,4,52,0.131952,"[122, 1292, 1292, 1292, 122, 1292, 82, 82, 1292, 1292, 1292, 1292, 986, 986, 348, 348, 75, 75, 666, 666, 120, 73, 120, 73, 66, 66, 162, 162, 71, 71, 74, 74, 63, 63, 602, 602, 77, 77, 66, 66]","[0.0, 0.0, 0.0, 0.0, 0.0, 0.0, 0.020938, 0.0, 0.000224, 0.0, 0.015527, 0.0, 0.000156, 0.0, 0.0, 0.0, 0.0, 0.0, 0.002369, 0.0, 0.0, 0.0, 0.0, 0.0, 0.008428, 0.0, 0.012374, 0.0, 0.00068, 0.0, 0.001663, 0.0, 0.015719, 0.0, 0.0, 0.0, 0.001739, 0.0, 0.044805, 0.0]","[1, 1, 1, 1, 1, 1, -1, -1, -1, -1, -1, -1, -1, -1, -1, -1, -1, -1, 1, 1, 1, 1, 1, 1, -1, -1, -1, -1, -1, -1, 1, 1, -1, -1, -1, -1, 1, 1, -1, -1]"
video_conferencing,VLC_Teams,/indian-slp/Users/ug/ZEPA/Kritik/net_data/5G_Traffic_Datasets/VLC_Teams/teams_linux_20m_03.csv,pretrain,0,0.0134,True,0,4,0,38,4,52,0.131952,"[66, 66, 66, 66, 66, 66, 90, 90, 66, 66, 66, 66, 66, 66]","[0.0, 0.0, 0.0134, 0.0, 27.580956, 0.0, 0.0, 0.0, 0.001534, 0.0, 0.0, 0.0, 0.013336, 0.0]","[1, 1, -1, -1, -1, -1, -1, -1, 1, 1, 1, 1, -1, -1]"
video_conferencing,VLC_Teams,/indian-slp/Users/ug/ZEPA/Kritik/net_data/5G_Traffic_Datasets/VLC_Teams/teams_linux_20m_03.csv,pretrain,0,0.104656,True,0,4,0,38,4,52,0.131952,"[66, 66, 66, 66, 66, 97, 97, 112, 112, 66, 66, 66, 66, 66, 66, 66, 66, 66]","[0.0, 0.0, 0.104656, 0.0, 12.984595, 0.0, 0.0, 0.0, 0.0, 0.0, 0.00154, 0.0, 0.0, 0.0, 0.0, 0.0, 0.105104, 0.0]","[1, 1, -1, -1, -1, -1, -1, -1, -1, -1, 1, 1, 1, 1, 1, 1, -1, -1]"
video_conferencing,VLC_Teams,/indian-slp/Users/ug/ZEPA/Kritik/net_data/5G_Traffic_Datasets/VLC_Teams/teams_linux_20m_03.csv,pretrain,2,0.014375,True,0,0,0,38,4,52,0.131952,"[123, 1292, 123, 1292, 1292, 1292, 82, 82, 1292, 1292, 1292, 1292, 1292, 1292, 346, 346, 984, 984, 73, 1292, 73, 1292, 67, 67, 1292, 1292, 162, 162, 75, 75]","[0.0, 0.0, 0.0, 0.0, 0.0, 0.0, 0.014375, 0.0, 0.000235, 0.0, 0.01841, 0.0, 0.001073, 0.0, 0.000153, 0.0, 0.0, 0.0, 0.002738, 0.0, 0.0, 0.0, 0.002754, 0.0, 0.007446, 0.0, 0.003532, 0.0, 0.001449, 0.0]","[1, 1, 1, 1, 1, 1, -1, -1, -1, -1, 1, 1, -1, -1, -1, -1, -1, -1, 1, 1, 1, 1, -1, -1, -1, -1, -1, -1, 1, 1]"
video_conferencing,VLC_Teams,/indian-slp/Users/ug/ZEPA/Kritik/net_data/5G_Traffic_Datasets/VLC_Teams/teams_linux_20m_03.csv,pretrain,2,0.020752,True,0,0,0,38,4,52,0.131952,"[1292, 1292, 1292, 1292, 122, 1292, 122, 1292, 82, 82, 82, 82, 1292, 1292, 1292, 1292, 1292, 1292, 341, 341, 993, 993, 68, 68, 977, 977, 120, 73, 120, 73, 66, 66, 162, 162, 71, 71, 74, 74, 63, 63, 602, 602, 77, 77, 66, 66]","[0.0, 0.0, 0.0, 0.0, 0.0, 0.0, 0.0, 0.0, 0.020752, 0.0, 0.0, 0.0, 0.000756, 0.0, 0.0, 0.000112, 0.014581, 0.0, 6e-05, 0.0, 0.000121, 0.0, 0.0, 0.0, 0.002114, 0.0, 0.0, 0.0, 0.0, 0.0, 0.008389, 0.0, 0.01167, 0.0, 0.000311, 0.0, 0.00153, 0.0, 0.014607, 0.0, 0.0, 0.0, 0.001625, 0.0, 0.045029, 0.0]","[1, 1, 1, 1, 1, 1, 1, 1, -1, -1, -1, -1, -1, -1, -1, -1, -1, -1, -1, -1, -1, -1, -1, -1, 1, 1, 1, 1, 1, 1, -1, -1, -1, -1, -1, -1, 1, 1, -1, -1, -1, -1, 1, 1, -1, -1]"
video_conferencing,VLC_Teams,/indian-slp/Users/ug/ZEPA/Kritik/net_data/5G_Traffic_Datasets/VLC_Teams/teams_linux_20m_03.csv,pretrain,0,0.014613,True,0,4,0,38,4,52,0.131952,"[66, 66, 66, 66, 139, 139, 66, 66, 66, 66, 66, 66]","[0.0, 0.0, 0.014613, 0.0, 13.85563, 0.0, 0.001718, 0.0, 0.014354, 0.0, 0.001435, 0.0]","[1, 1, -1, -1, -1, -1, 1, 1, -1, -1, 1, 1]"
video_conferencing,VLC_Teams,/indian-slp/Users/ug/ZEPA/Kritik/net_data/5G_Traffic_Datasets/VLC_Teams/teams_linux_20m_03.csv,pretrain,2,0.022567,True,0,0,0,38,4,52,0.131952,"[118, 418, 118, 1292, 1292, 1292, 418, 1292, 82, 82, 1292, 1292, 1292, 1292, 91, 91, 66, 346, 66, 346, 988, 988, 153, 73, 153, 73, 162, 162, 64, 64, 73, 73, 629, 629, 64, 64, 77, 77, 67, 67]","[0.0, 0.0, 0.0, 0.0, 0.0, 0.0, 0.0, 0.0, 0.022567, 0.0, 0.000143, 0.0, 0.015578, 0.0, 0.0, 0.0, 0.00017, 0.0, 0.0, 0.0, 0.0, 0.0, 0.002519, 0.0, 0.0, 0.0, 0.020697, 0.0, 0.000271, 0.0, 0.001392, 0.0, 0.02728, 0.0, 0.001183, 0.0, 0.001825, 0.0, 0.019768, 0.0]","[1, 1, 1, 1, 1, 1, 1, 1, -1, -1, -1, -1, -1, -1, -1, -1, -1, -1, -1, -1, -1, -1, 1, 1, 1, 1, -1, -1, -1, -1, 1, 1, -1, -1, -1, -1, 1, 1, -1, -1]"
video_conferencing,VLC_Teams,/indian-slp/Users/ug/ZEPA/Kritik/net_data/5G_Traffic_Datasets/VLC_Teams/teams_linux_20m_03.csv,pretrain,0,0.020433,True,0,4,0,38,4,52,0.131952,"[66, 66, 66, 66, 139, 139, 66, 66, 66, 66, 66, 66]","[0.0, 0.0, 0.020433, 0.0, 12.466567, 0.0, 0.001879, 0.0, 0.019832, 0.0, 0.001524, 0.0]","[1, 1, -1, -1, -1, -1, 1, 1, -1, -1, 1, 1]"
video_conferencing,VLC_Teams,/indian-slp/Users/ug/ZEPA/Kritik/net_data/5G_Traffic_Datasets/VLC_Teams/teams_linux_20m_03.csv,pretrain,0,0.014207,True,0,4,0,38,4,52,0.131952,"[66, 66, 66, 66, 139, 139, 66, 66, 66, 66, 66, 66]","[0.0, 0.0, 0.014207, 0.0, 10.767956, 0.0, 0.001658, 0.0, 0.013386, 0.0, 0.001544, 0.0]","[1, 1, -1, -1, -1, -1, 1, 1, -1, -1, 1, 1]"
video_conferencing,VLC_Teams,/indian-slp/Users/ug/ZEPA/Kritik/net_data/5G_Traffic_Datasets/VLC_Teams/teams_linux_20m_03.csv,pretrain,0,0.031605,True,2,4,0,38,4,52,0.131952,"[74, 74, 74, 74, 66, 66, 154, 154, 66, 66, 251, 251, 66, 66, 66, 66, 66, 66]","[0.0, 0.0, 0.031605, 0.0, 0.001587, 0.0, 0.0, 0.0, 0.031652, 0.0, 0.0, 0.0, 0.0013, 0.0, 0.0, 0.0, 0.032107, 0.0]","[1, 1, -1, -1, 1, 1, 1, 1, -1, -1, -1, -1, 1, 1, 1, 1, -1, -1]"
video_conferencing,VLC_Teams,/indian-slp/Users/ug/ZEPA/Kritik/net_data/5G_Traffic_Datasets/VLC_Teams/teams_linux_20m_03.csv,pretrain,0,0.005759,True,0,4,0,38,4,52,0.131952,"[66, 66, 66, 66, 66, 66, 90, 90, 66, 66, 66, 66]","[0.0, 0.0, 0.005759, 0.0, 25.917993, 0.0, 0.0, 0.0, 0.001617, 0.0, 0.00541, 0.0]","[1, 1, -1, -1, -1, -1, -1, -1, 1, 1, -1, -1]"
video_conferencing,VLC_Teams,/indian-slp/Users/ug/ZEPA/Kritik/net_data/5G_Traffic_Datasets/VLC_Teams/teams_linux_20m_03.csv,pretrain,0,0.013794,True,0,4,0,38,4,52,0.131952,"[66, 66, 66, 66, 139, 139, 66, 66, 66, 66, 66, 66]","[0.0, 0.0, 0.013794, 0.0, 14.692816, 0.0, 0.00153, 0.0, 0.014869, 0.0, 0.001272, 0.0]","[1, 1, -1, -1, -1, -1, 1, 1, -1, -1, 1, 1]"
video_conferencing,VLC_Teams,/indian-slp/Users/ug/ZEPA/Kritik/net_data/5G_Traffic_Datasets/VLC_Teams/teams_linux_20m_03.csv,pretrain,2,0.013699,True,0,0,0,38,4,52,0.131952,"[1292, 117, 117, 1292, 1292, 1292, 82, 82, 1292, 1292, 1292, 1292, 1292, 1292, 351, 351, 983, 90, 983, 90, 66, 66, 120, 73, 476, 476, 73, 120, 1292, 1292, 162, 162, 71, 71, 75, 75, 75, 75, 262, 262, 110, 110, 261, 261, 79, 75, 75, 79, 76, 76, 66, 66]","[0.0, 0.0, 0.0, 0.0, 0.0, 0.0, 0.013699, 0.0, 0.001187, 0.0, 0.015674, 0.0, 0.007638, 0.0, 0.000126, 0.0, 0.000147, 0.0, 0.0, 0.0, 0.000515, 0.0, 0.00115, 0.0, 0.0, 0.0, 0.0, 0.0, 0.004812, 0.0, 0.008537, 0.0, 0.0, 0.0, 0.001451, 0.0, 0.0, 0.0, 0.028246, 0.0, 0.0, 0.0, 0.000237, 0.0, 0.001434, 0.0, 0.0, 0.0, 0.025379, 0.0, 0.013607, 0.0]","[1, 1, 1, 1, 1, 1, -1, -1, -1, -1, 1, 1, -1, -1, -1, -1, -1, -1, -1, -1, -1, -1, 1, 1, 1, 1, 1, 1, -1, -1, -1, -1, -1, -1, 1, 1, 1, 1, -1, -1, -1, -1, -1, -1, 1, 1, 1, 1, 1, 1, -1, -1]"
video_conferencing,VLC_Teams,/indian-slp/Users/ug/ZEPA/Kritik/net_data/5G_Traffic_Datasets/VLC_Teams/teams_linux_20m_03.csv,pretrain,0,0.005846,True,0,4,0,38,4,52,0.131952,"[66, 66, 66, 66, 105, 105, 66, 66, 66, 66, 66, 66]","[0.0, 0.0, 0.005846, 0.0, 13.792522, 0.0, 0.0, 0.0, 0.00143, 0.0, 0.00599, 0.0]","[1, 1, -1, -1, -1, -1, -1, -1, 1, 1, -1, -1]"
video_conferencing,VLC_Teams,/indian-slp/Users/ug/ZEPA/Kritik/net_data/5G_Traffic_Datasets/VLC_Teams/teams_linux_20m_03.csv,pretrain,0,0.005655,True,0,4,0,38,4,52,0.131952,"[66, 66, 66, 66, 66, 90, 90, 66, 66, 66, 66, 66]","[0.0, 0.0, 0.005655, 0.0, 29.759973, 0.0, 0.0, 0.0, 0.001654, 0.0, 0.005691, 0.0]","[1, 1, -1, -1, -1, -1, -1, -1, 1, 1, -1, -1]"
video_conferencing,VLC_Teams,/indian-slp/Users/ug/ZEPA/Kritik/net_data/5G_Traffic_Datasets/VLC_Teams/teams_linux_20m_03.csv,pretrain,0,0.028194,True,2,4,0,38,4,52,0.131952,"[74, 74, 74, 74, 66, 66, 154, 154, 251, 66, 251, 66, 66, 66, 66, 66, 66, 66]","[0.0, 0.0, 0.028194, 0.0, 0.001526, 0.0, 0.0, 0.0, 0.02874, 0.0, 0.0, 0.0, 0.001408, 0.0, 0.0, 0.0, 0.028219, 0.0]","[1, 1, -1, -1, 1, 1, 1, 1, -1, -1, -1, -1, 1, 1, 1, 1, -1, -1]"
video_conferencing,VLC_Teams,/indian-slp/Users/ug/ZEPA/Kritik/net_data/5G_Traffic_Datasets/VLC_Teams/teams_linux_20m_03.csv,pretrain,2,0.014815,True,0,0,0,38,4,52,0.131952,"[121, 1292, 1292, 1292, 1292, 121, 1292, 1292, 82, 82, 82, 82, 1292, 1292, 1292, 1292, 1292, 1292, 338, 338, 1292, 1292, 996, 996, 77, 77, 120, 73, 120, 73, 476, 476, 1292, 1292, 66, 66, 162, 162, 71, 71, 75, 75, 75, 75, 110, 110, 262, 262, 216, 216, 79, 79, 75, 75, 66, 66]","[0.0, 0.0, 0.0, 0.0, 0.0, 0.0, 0.0, 0.0, 0.014815, 0.0, 0.0, 0.0, 0.003509, 0.0, 0.0, 0.0, 0.010671, 0.0, 0.009352, 0.0, 0.0, 0.0, 0.0, 0.0, 0.0, 0.0, 0.002177, 0.0, 0.0, 0.0, 0.0, 0.0, 0.001887, 0.0, 0.0, 0.0, 0.012889, 0.0, 0.000678, 0.0, 0.001373, 0.0, 0.0, 0.0, 0.029488, 0.0, 0.0, 0.0, 0.001109, 0.0, 0.000624, 0.0, 0.001486, 0.0, 0.03972, 0.0]","[1, 1, 1, 1, 1, 1, 1, 1, -1, -1, -1, -1, -1, -1, -1, -1, 1, 1, -1, -1, -1, -1, -1, -1, -1, -1, 1, 1, 1, 1, 1, 1, -1, -1, -1, -1, -1, -1, -1, -1, 1, 1, 1, 1, -1, -1, -1, -1, -1, -1, 1, 1, 1, 1, -1, -1]"
video_conferencing,VLC_Teams,/indian-slp/Users/ug/ZEPA/Kritik/net_data/5G_Traffic_Datasets/VLC_Teams/teams_linux_20m_03.csv,pretrain,0,0.013082,True,0,4,0,38,4,52,0.131952,"[66, 66, 66, 66, 105, 66, 66, 105, 66, 66, 66, 66]","[0.0, 0.0, 0.013082, 0.0, 10.704171, 0.0, 0.0, 0.0, 0.001618, 0.0, 0.013335, 0.0]","[1, 1, -1, -1, -1, -1, -1, -1, 1, 1, -1, -1]"
video_conferencing,VLC_Teams,/indian-slp/Users/ug/ZEPA/Kritik/net_data/5G_Traffic_Datasets/VLC_Teams/teams_linux_20m_03.csv,pretrain,0,0.010091,True,0,4,0,38,4,52,0.131952,"[66, 66, 66, 66, 66, 90, 90, 66, 66, 66, 66, 66, 66, 66]","[0.0, 0.0, 0.010091, 0.0, 29.018223, 0.0, 0.0, 0.0, 0.001472, 0.0, 0.0, 0.0, 0.010167, 0.0]","[1, 1, -1, -1, -1, -1, -1, -1, 1, 1, 1, 1, -1, -1]"
video_conferencing,VLC_Teams,/indian-slp/Users/ug/ZEPA/Kritik/net_data/5G_Traffic_Datasets/VLC_Teams/teams_linux_20m_03.csv,pretrain,0,0.036673,True,2,4,0,38,4,52,0.131952,"[74, 74, 74, 74, 154, 66, 66, 154, 66, 255, 255, 66, 66, 66, 66, 66, 66, 66]","[0.0, 0.0, 0.036673, 0.0, 0.001371, 0.0, 0.0, 0.0, 0.037325, 0.0, 0.0, 0.0, 0.00136, 0.0, 0.0, 0.0, 0.037168, 0.0]","[1, 1, -1, -1, 1, 1, 1, 1, -1, -1, -1, -1, 1, 1, 1, 1, -1, -1]"
video_conferencing,VLC_Teams,/indian-slp/Users/ug/ZEPA/Kritik/net_data/5G_Traffic_Datasets/VLC_Teams/teams_linux_20m_03.csv,pretrain,0,0.006038,True,0,4,0,38,4,52,0.131952,"[66, 66, 66, 66, 90, 90, 66, 66, 66, 66, 66, 66, 66, 66]","[0.0, 0.0, 0.006038, 0.0, 28.853548, 0.0, 0.0, 0.0, 0.001635, 0.0, 0.0, 0.0, 0.005615, 0.0]","[1, 1, -1, -1, -1, -1, -1, -1, 1, 1, 1, 1, -1, -1]"
video_conferencing,VLC_Teams,/indian-slp/Users/ug/ZEPA/Kritik/net_data/5G_Traffic_Datasets/VLC_Teams/teams_linux_20m_03.csv,pretrain,0,0.012937,True,0,4,0,38,4,52,0.131952,"[66, 66, 66, 66, 66, 66, 105, 105, 66, 66, 66, 66]","[0.0, 0.0, 0.012937, 0.0, 11.692915, 0.0, 0.0, 0.0, 0.001602, 0.0, 0.012857, 0.0]","[1, 1, -1, -1, -1, -1, -1, -1, 1, 1, -1, -1]"
video_conferencing,VLC_Teams,/indian-slp/Users/ug/ZEPA/Kritik/net_data/5G_Traffic_Datasets/VLC_Teams/teams_linux_20m_03.csv,pretrain,0,0.044075,True,0,0,0,38,4,52,0.131952,"[116, 116, 105, 105, 66, 66, 746, 1464, 1464, 1464, 746, 1464, 66, 66, 66, 66, 66, 66, 116, 326, 326, 116, 1297, 1297, 1464, 1464, 66, 326, 326, 66, 66, 66, 105, 66, 66, 105, 66, 66, 66, 66, 1464, 1341, 1341, 1464, 66, 66, 66, 66, 326, 116, 326, 116, 66, 66, 105, 105, 66, 66, 1464, 1409, 1464, 1409, 66, 66]","[0.0, 0.0, 0.044075, 0.0, 0.00142, 0.0, 28.323807, 0.0, 0.0, 0.0, 0.0, 0.0, 0.001468, 0.0, 0.0, 0.0, 0.0, 0.0, 0.001837, 0.0, 0.0, 0.0, 0.004358, 0.0, 0.0, 0.0, 0.001798, 0.0, 0.0, 0.0, 0.038459, 0.0, 0.000109, 0.0, 0.0, 0.0, 0.041415, 0.0, 0.00469, 0.0, 0.547986, 0.0, 0.0, 0.0, 0.001558, 0.0, 0.0, 0.0, 0.00305, 0.0, 0.0, 0.0, 0.043562, 0.0, 0.000371, 0.0, 0.041887, 0.0, 9.907586, 0.0, 0.0, 0.0, 0.001572, 0.0]","[1, 1, -1, -1, 1, 1, -1, -1, -1, -1, -1, -1, 1, 1, 1, 1, 1, 1, 1, 1, 1, 1, -1, -1, -1, -1, 1, 1, 1, 1, -1, -1, -1, -1, -1, -1, 1, 1, -1, -1, -1, -1, -1, -1, 1, 1, 1, 1, 1, 1, 1, 1, -1, -1, -1, -1, 1, 1, -1, -1, -1, -1, 1, 1]"
video_conferencing,VLC_Teams,/indian-slp/Users/ug/ZEPA/Kritik/net_data/5G_Traffic_Datasets/VLC_Teams/teams_linux_20m_03.csv,pretrain,0,0.040856,True,2,4,0,38,4,52,0.131952,"[74, 74, 74, 74, 66, 154, 154, 66, 255, 66, 255, 66, 66, 66, 66, 66, 66, 66]","[0.0, 0.0, 0.040856, 0.0, 0.00143, 0.0, 0.0, 0.0, 0.041298, 0.0, 0.0, 0.0, 0.001663, 0.0, 0.0, 0.0, 0.041051, 0.0]","[1, 1, -1, -1, 1, 1, 1, 1, -1, -1, -1, -1, 1, 1, 1, 1, -1, -1]"
video_conferencing,VLC_Teams,/indian-slp/Users/ug/ZEPA/Kritik/net_data/5G_Traffic_Datasets/VLC_Teams/teams_linux_20m_03.csv,pretrain,0,0.00572,True,2,0,0,38,4,52,0.131952,"[74, 74, 66, 66, 1494, 858, 1494, 858, 60, 60, 60, 153, 60, 60, 153, 60, 60, 60, 1144, 1144, 60, 60, 1506, 1506, 1506, 1506, 1506, 1506, 282, 1506, 282, 1506, 60, 60, 146, 146, 128, 128, 918, 918, 60, 60, 116, 513, 513, 116, 60, 60, 85, 60, 85, 60, 85, 60, 60, 85, 1506, 414, 1506, 1506, 414, 89, 85, 1506]","[0.0, 0.0, 0.00572, 0.0, 0.001137, 0.0, 0.0, 0.0, 0.0, 0.0, 0.005706, 0.0, 0.0, 0.0, 0.0, 0.0, 0.001473, 0.0, 0.00198, 0.0, 0.004857, 0.0, 0.002502, 0.0, 0.0, 6.3e-05, 0.0, 0.0, 7.2e-05, 0.0, 0.0, 0.0, 0.003888, 0.0, 0.004436, 0.0, 0.0, 0.0, 0.0, 7e-05, 0.00497, 0.0, 0.00034, 0.0, 0.0, 0.0, 0.000137, 0.0, 0.001291, 0.0, 0.0, 0.0, 0.006021, 0.0, 0.0, 0.0, 0.026588, 0.0, 0.0, 0.0, 0.0, 0.000107, 0.0, 0.0]","[1, 1, -1, -1, 1, 1, 1, 1, 1, 1, -1, -1, -1, -1, -1, -1, 1, 1, 1, 1, -1, -1, -1, -1, -1, -1, -1, -1, -1, -1, -1, -1, 1, 1, 1, 1, 1, 1, 1, 1, -1, -1, -1, -1, -1, -1, -1, -1, 1, 1, 1, 1, -1, -1, -1, -1, -1, -1, -1, -1, -1, -1, -1, -1]"
video_conferencing,VLC_Teams,/indian-slp/Users/ug/ZEPA/Kritik/net_data/5G_Traffic_Datasets/VLC_Teams/teams_linux_20m_03.csv,pretrain,0,0.045776,True,0,0,0,38,4,52,0.131952,"[116, 116, 105, 105, 66, 66]","[0.0, 0.0, 0.045776, 0.0, 0.001258, 0.0]","[1, 1, -1, -1, 1, 1]"
video_conferencing,VLC_Teams,/indian-slp/Users/ug/ZEPA/Kritik/net_data/5G_Traffic_Datasets/VLC_Teams/teams_linux_20m_03.csv,pretrain,0,0.125207,True,2,0,0,38,4,52,0.131952,"[74, 74, 74, 74, 1494, 1494, 66, 570, 66, 570, 66, 66, 165, 165, 66, 66, 844, 844, 1506, 1506, 1506, 1506, 1506, 1506, 1506, 1506, 701, 701, 66, 66, 817, 140, 817, 158, 158, 140, 1494, 1494, 1494, 1494, 1494, 1494, 1446, 1446, 169, 66, 169, 128, 66, 128, 66, 97, 97, 66, 66, 66, 66, 66, 66, 97, 66, 97, 365, 365]","[0.0, 0.0, 0.125207, 0.0, 0.00223, 0.0, 0.0, 0.0, 0.0, 0.0, 0.125472, 0.0, 0.00298, 0.0, 0.001484, 0.0, 0.002084, 0.0, 0.127879, 0.0, 0.0, 0.0, 0.0, 0.0, 0.0, 0.0, 0.000188, 0.0, 0.001677, 0.0, 0.002155, 0.0, 0.0, 0.0, 0.0, 0.0, 0.000121, 0.0, 0.0, 0.0, 0.0, 0.0, 0.0, 0.0, 0.125601, 0.0, 0.0, 0.0, 0.0, 0.0, 0.000149, 0.0, 0.0, 0.0, 0.000248, 0.0, 0.0, 0.0, 0.001312, 0.0, 0.0, 0.0, 0.124643, 0.0]","[1, 1, -1, -1, 1, 1, 1, 1, 1, 1, -1, -1, -1, -1, 1, 1, 1, 1, -1, -1, -1, -1, -1, -1, -1, -1, -1, -1, 1, 1, 1, 1, 1, 1, 1, 1, 1, 1, 1, 1, 1, 1, 1, 1, -1, -1, -1, -1, -1, -1, -1, -1, -1, -1, -1, -1, -1, -1, 1, 1, 1, 1, -1, -1]"
video_conferencing,VLC_Teams,/indian-slp/Users/ug/ZEPA/Kritik/net_data/5G_Traffic_Datasets/VLC_Teams/teams_windows_20m_01.csv,pretrain,0,0.0,False,0,0,0,28,5,39,0.038719,"[287, 583, 583, 287, 60, 60, 85, 85, 1235, 1235, 60, 60]","[0.0, 0.0, 0.0, 0.0, 0.000111, 0.0, 0.0, 0.0, 0.0, 0.0, 8.7e-05, 0.0]","[-1, -1, -1, -1, 1, 1, -1, -1, -1, -1, 1, 1]"
video_conferencing,VLC_Teams,/indian-slp/Users/ug/ZEPA/Kritik/net_data/5G_Traffic_Datasets/VLC_Teams/teams_windows_20m_01.csv,pretrain,0,0.041927,True,0,0,0,28,5,39,0.038719,"[103, 103, 92, 92, 60, 60]","[0.0, 0.0, 0.041927, 0.0, 0.052767, 0.0]","[1, 1, -1, -1, 1, 1]"
video_conferencing,VLC_Teams,/indian-slp/Users/ug/ZEPA/Kritik/net_data/5G_Traffic_Datasets/VLC_Teams/teams_windows_20m_01.csv,pretrain,0,0.006805,True,2,0,0,28,5,39,0.038719,"[66, 66, 60, 60, 66, 66, 755, 1506, 1506, 755, 60, 60, 60, 60, 318, 318, 146, 134, 146, 134, 429, 429, 60, 357, 115, 115, 60, 60, 60, 357, 60, 60, 85, 85, 92, 85, 92, 256, 85, 256, 60, 60, 198, 60, 198, 60, 89, 89, 1506, 957, 1506, 957, 60, 60, 265, 265, 89, 89, 85, 85, 60, 60, 60, 60]","[0.0, 0.0, 0.006805, 0.0, 0.0, 0.0, 0.000493, 0.0, 0.0, 0.0, 0.00565, 0.0, 0.000371, 0.0, 0.001163, 0.0, 0.002926, 0.0, 0.0, 0.0, 0.000119, 0.0, 0.01448, 0.0, 0.0, 0.0, 0.0, 0.0, 0.0, 0.0, 0.0, 0.0, 0.000246, 0.0, 0.0, 0.0, 0.0, 0.0, 0.0, 0.0, 0.0, 0.0, 3.9e-05, 0.0, 0.0, 0.0, 0.0, 0.0, 0.000326, 0.0, 0.0, 0.0, 0.006088, 0.0, 1.734832, 0.0, 0.000342, 0.0, 0.001449, 0.0, 0.043436, 0.0, 0.001026, 0.0]","[1, 1, 1, 1, -1, -1, 1, 1, 1, 1, -1, -1, -1, -1, -1, -1, 1, 1, 1, 1, 1, 1, -1, -1, -1, -1, -1, -1, -1, -1, -1, -1, 1, 1, -1, -1, -1, -1, -1, -1, 1, 1, 1, 1, 1, 1, 1, 1, 1, 1, 1, 1, -1, -1, -1, -1, 1, 1, -1, -1, 1, 1, -1, -1]"
video_conferencing,VLC_Teams,/indian-slp/Users/ug/ZEPA/Kritik/net_data/5G_Traffic_Datasets/VLC_Teams/teams_windows_20m_01.csv,pretrain,0,0.041607,True,0,0,0,28,5,39,0.038719,"[110, 110, 99, 99, 60, 60]","[0.0, 0.0, 0.041607, 0.0, 0.048382, 0.0]","[1, 1, -1, -1, 1, 1]"
video_conferencing,VLC_Teams,/indian-slp/Users/ug/ZEPA/Kritik/net_data/5G_Traffic_Datasets/VLC_Teams/teams_windows_20m_01.csv,pretrain,0,0.042341,True,0,0,0,28,5,39,0.038719,"[104, 104, 93, 93, 60, 60]","[0.0, 0.0, 0.042341, 0.0, 0.051744, 0.0]","[1, 1, -1, -1, 1, 1]"
video_conferencing,VLC_Teams,/indian-slp/Users/ug/ZEPA/Kritik/net_data/5G_Traffic_Datasets/VLC_Teams/teams_windows_20m_01.csv,pretrain,0,0.0417,True,0,0,0,28,5,39,0.038719,"[110, 110, 99, 99, 60, 60]","[0.0, 0.0, 0.0417, 0.0, 0.0451, 0.0]","[1, 1, -1, -1, 1, 1]"
video_conferencing,VLC_Teams,/indian-slp/Users/ug/ZEPA/Kritik/net_data/5G_Traffic_Datasets/VLC_Teams/teams_windows_20m_01.csv,pretrain,0,0.036042,True,0,0,0,28,5,39,0.038719,"[104, 104, 93, 93, 60, 60]","[0.0, 0.0, 0.036042, 0.0, 0.051405, 0.0]","[1, 1, -1, -1, 1, 1]"
video_conferencing,VLC_Teams,/indian-slp/Users/ug/ZEPA/Kritik/net_data/5G_Traffic_Datasets/VLC_Teams/teams_windows_20m_01.csv,pretrain,0,0.100522,True,2,0,0,28,5,39,0.038719,"[66, 66, 66, 66, 60, 60, 320, 320, 60, 60, 292, 60, 60, 292, 60, 60]","[0.0, 0.0, 0.100522, 0.0, 0.000186, 0.0, 0.000159, 0.0, 0.100697, 0.0, 0.001509, 0.0, 0.0, 0.0, 0.000271, 0.0]","[1, 1, -1, -1, 1, 1, 1, 1, -1, -1, -1, -1, -1, -1, 1, 1]"
video_conferencing,VLC_Teams,/indian-slp/Users/ug/ZEPA/Kritik/net_data/5G_Traffic_Datasets/VLC_Teams/teams_windows_20m_01.csv,pretrain,0,0.076037,True,0,0,0,28,5,39,0.038719,"[104, 104, 93, 93, 60, 60]","[0.0, 0.0, 0.076037, 0.0, 0.035568, 0.0]","[1, 1, -1, -1, 1, 1]"
video_conferencing,VLC_Teams,/indian-slp/Users/ug/ZEPA/Kritik/net_data/5G_Traffic_Datasets/VLC_Teams/teams_windows_20m_01.csv,pretrain,0,0.006722,True,0,0,0,28,5,39,0.038719,"[60, 60, 66, 66, 93, 93, 184, 184, 60, 60, 60, 60, 93, 93, 92, 92, 60, 256, 256, 60, 89, 89, 89, 1506, 175, 89, 175, 957, 957, 1506, 60, 60, 60, 60, 85, 60, 60, 85, 264, 264, 89, 89, 60, 60]","[0.0, 0.0, 0.006722, 0.0, 28.181258, 0.0, 0.0, 0.0, 0.006265, 0.0, 0.0, 0.0, 0.000775, 0.0, 0.009939, 0.0, 0.0, 0.0, 0.0, 0.0, 0.000274, 0.0, 0.0, 0.0, 0.0, 0.0, 0.0, 0.000129, 0.0, 0.0, 0.005893, 0.0, 0.001004, 0.0, 0.173411, 0.0, 0.0, 0.0, 0.0, 0.0, 0.000309, 0.0, 0.047562, 0.0]","[1, 1, -1, -1, 1, 1, 1, 1, -1, -1, -1, -1, -1, -1, -1, -1, 1, -1, -1, 1, 1, 1, 1, 1, 1, 1, 1, 1, 1, 1, -1, -1, -1, -1, -1, 1, 1, -1, -1, -1, 1, 1, -1, -1]"
video_conferencing,VLC_Teams,/indian-slp/Users/ug/ZEPA/Kritik/net_data/5G_Traffic_Datasets/VLC_Teams/teams_windows_20m_01.csv,pretrain,0,0.041663,True,0,0,0,28,5,39,0.038719,"[110, 110, 99, 99, 60, 60]","[0.0, 0.0, 0.041663, 0.0, 0.048155, 0.0]","[1, 1, -1, -1, 1, 1]"
video_conferencing,VLC_Teams,/indian-slp/Users/ug/ZEPA/Kritik/net_data/5G_Traffic_Datasets/VLC_Teams/teams_windows_20m_01.csv,pretrain,0,0.022096,True,0,0,0,28,5,39,0.038719,"[104, 104, 93, 93, 60, 60]","[0.0, 0.0, 0.022096, 0.0, 0.052505, 0.0]","[1, 1, -1, -1, 1, 1]"
video_conferencing,VLC_Teams,/indian-slp/Users/ug/ZEPA/Kritik/net_data/5G_Traffic_Datasets/VLC_Teams/teams_windows_20m_01.csv,pretrain,0,0.042532,True,0,0,0,28,5,39,0.038719,"[110, 110, 99, 99, 60, 60, 849, 849, 1464, 1464, 1464, 1464, 60, 60, 304, 304, 60, 60, 1201, 1201, 1464, 1464, 60, 60, 302, 302, 60, 60, 1464, 1464, 1464, 1464, 845, 60, 60, 845, 304, 304, 1464, 1464, 1201, 60, 1201, 60, 60, 60, 302, 302, 60, 60, 1464, 1464, 1464, 1464, 849, 849, 60, 60, 304, 304, 1464, 1201, 1464, 1201]","[0.0, 0.0, 0.042532, 0.0, 0.054548, 0.0, 15.002603, 0.0, 0.0, 0.0, 0.0, 0.0, 0.000336, 0.0, 0.000841, 0.0, 0.023441, 0.0, 0.0, 0.0, 0.0, 0.0, 0.067203, 0.0, 0.000208, 0.0, 0.094483, 0.0, 3.546807, 0.0, 0.0, 0.0, 0.0, 0.000122, 0.0, 0.0, 0.000838, 0.0, 0.03506, 0.0, 0.0, 0.000115, 0.0, 0.0, 0.046735, 0.0, 0.0, 0.0, 0.094257, 0.0, 4.541279, 0.0, 0.000144, 0.0, 0.0, 0.0, 0.000153, 0.0, 0.000851, 0.0, 0.010462, 0.0, 0.0, 0.0]","[1, 1, -1, -1, 1, 1, -1, -1, -1, -1, -1, -1, 1, 1, 1, 1, 1, 1, -1, -1, -1, -1, -1, -1, 1, 1, -1, -1, -1, -1, -1, -1, -1, 1, 1, -1, 1, 1, -1, -1, -1, 1, -1, 1, -1, -1, 1, 1, -1, -1, -1, -1, -1, -1, -1, -1, 1, 1, 1, 1, -1, -1, -1, -1]"
video_conferencing,VLC_Teams,/indian-slp/Users/ug/ZEPA/Kritik/net_data/5G_Traffic_Datasets/VLC_Teams/teams_windows_20m_01.csv,pretrain,0,0.042265,True,0,0,0,28,5,39,0.038719,"[104, 104, 93, 93, 60, 60]","[0.0, 0.0, 0.042265, 0.0, 0.049669, 0.0]","[1, 1, -1, -1, 1, 1]"
video_conferencing,VLC_Teams,/indian-slp/Users/ug/ZEPA/Kritik/net_data/5G_Traffic_Datasets/VLC_Teams/teams_windows_20m_01.csv,pretrain,0,0.009984,True,2,0,0,28,5,39,0.038719,"[66, 66, 66, 66, 60, 60, 543, 543, 199, 199, 60, 60, 60, 60, 105, 105, 674, 674, 60, 60, 60, 60, 919, 919]","[0.0, 0.0, 0.009984, 0.0, 0.0, 0.0, 0.000311, 0.0, 0.013252, 0.0, 0.0, 0.0, 0.0, 0.0, 0.000357, 0.0, 0.00015, 0.0, 0.01945, 0.0, 0.093814, 0.0, 0.0, 0.0]","[1, 1, -1, -1, 1, 1, 1, 1, -1, -1, -1, -1, 1, 1, 1, 1, 1, 1, -1, -1, 1, 1, -1, -1]"
video_conferencing,VLC_Teams,/indian-slp/Users/ug/ZEPA/Kritik/net_data/5G_Traffic_Datasets/VLC_Teams/teams_windows_20m_01.csv,pretrain,0,0.125121,True,2,0,0,28,5,39,0.038719,"[66, 66, 60, 60, 66, 66, 1494, 482, 482, 1494, 60, 60, 153, 153, 768, 768, 1506, 1506, 1506, 1506, 1506, 641, 1506, 60, 60, 1506, 1506, 60, 60, 641, 146, 146, 128, 128, 1494, 1494, 1085, 1085, 1494, 1494, 294, 1494, 294, 1494, 60, 60, 60, 60, 157, 157, 116, 60, 116, 60, 85, 85, 386, 386, 60, 60]","[0.0, 0.0, 0.125121, 0.0, 0.0, 0.0, 0.000508, 0.0, 0.0, 0.0, 0.126267, 0.0, 0.001894, 0.0, 0.000909, 0.0, 0.167665, 0.0, 0.0, 0.0001, 0.0, 0.0, 0.0, 0.0, 0.0, 0.0, 0.0, 0.000145, 0.0, 0.0, 0.000829, 0.0, 0.0, 0.0, 0.000164, 0.0, 0.0, 0.0, 0.000103, 0.0, 0.0, 0.0, 0.0, 0.0, 0.124689, 0.0, 0.000279, 0.0, 0.002276, 0.0, 0.002063, 0.0, 0.0, 0.0, 0.000141, 0.0, 0.124766, 0.0, 0.054543, 0.0]","[1, 1, 1, 1, -1, -1, 1, 1, 1, 1, -1, -1, -1, -1, 1, 1, -1, -1, -1, -1, -1, -1, -1, 1, 1, -1, -1, 1, 1, -1, 1, 1, 1, 1, 1, 1, 1, 1, 1, 1, 1, 1, 1, 1, -1, -1, -1, -1, -1, -1, -1, 1, -1, 1, 1, 1, -1, -1, 1, 1]"
video_conferencing,VLC_Teams,/indian-slp/Users/ug/ZEPA/Kritik/net_data/5G_Traffic_Datasets/VLC_Teams/teams_windows_20m_01.csv,pretrain,0,0.015574,True,0,0,0,28,5,39,0.038719,"[1464, 1464, 1464, 1464, 60, 60, 845, 845, 304, 304, 1273, 1464, 1464, 60, 1273, 60, 60, 60, 60, 60, 302, 302, 60, 60]","[0.0, 0.0, 0.0, 0.0, 0.000138, 0.0, 0.0, 0.0, 0.000681, 0.0, 0.014893, 0.0, 0.0, 0.000148, 0.0, 0.0, 0.0, 0.0, 0.076659, 0.0, 0.0, 0.0, 0.096345, 0.0]","[-1, -1, -1, -1, 1, 1, -1, -1, 1, 1, -1, -1, -1, 1, -1, 1, 1, 1, -1, -1, 1, 1, -1, -1]"
video_conferencing,VLC_Teams,/indian-slp/Users/ug/ZEPA/Kritik/net_data/5G_Traffic_Datasets/VLC_Teams/teams_windows_20m_01.csv,pretrain,0,0.042734,True,0,0,0,28,5,39,0.038719,"[104, 104, 93, 93, 60, 60]","[0.0, 0.0, 0.042734, 0.0, 0.050532, 0.0]","[1, 1, -1, -1, 1, 1]"
video_conferencing,VLC_Teams,/indian-slp/Users/ug/ZEPA/Kritik/net_data/5G_Traffic_Datasets/VLC_Teams/teams_windows_20m_01.csv,pretrain,0,0.125162,True,0,0,0,28,5,39,0.038719,"[1494, 1494, 93, 1494, 304, 304, 619, 93, 1494, 619, 60, 60, 60, 60, 93, 93, 60, 60, 155, 155, 89, 89, 60, 60]","[0.0, 0.0, 0.0, 0.0, 0.0, 0.0, 0.0, 0.0, 8.8e-05, 0.0, 0.125074, 0.0, 0.000719, 0.0, 0.01588, 0.0, 0.044796, 0.0, 0.132548, 0.0, 0.000617, 0.0, 0.168852, 0.0]","[1, 1, 1, 1, 1, 1, 1, 1, 1, 1, -1, -1, -1, -1, -1, -1, 1, 1, -1, -1, 1, 1, -1, -1]"
video_conferencing,VLC_Teams,/indian-slp/Users/ug/ZEPA/Kritik/net_data/5G_Traffic_Datasets/VLC_Teams/teams_windows_20m_01.csv,pretrain,0,0.043177,True,0,0,0,28,5,39,0.038719,"[104, 104, 93, 93, 60, 60]","[0.0, 0.0, 0.043177, 0.0, 0.050627, 0.0]","[1, 1, -1, -1, 1, 1]"
video_conferencing,VLC_Teams,/indian-slp/Users/ug/ZEPA/Kritik/net_data/5G_Traffic_Datasets/VLC_Teams/teams_windows_20m_01.csv,pretrain,0,0.042427,True,0,0,0,28,5,39,0.038719,"[110, 110, 99, 99, 60, 60]","[0.0, 0.0, 0.042427, 0.0, 0.045899, 0.0]","[1, 1, -1, -1, 1, 1]"
video_conferencing,VLC_Teams,/indian-slp/Users/ug/ZEPA/Kritik/net_data/5G_Traffic_Datasets/VLC_Teams/teams_windows_20m_01.csv,pretrain,0,0.04182,True,0,0,0,28,5,39,0.038719,"[104, 104, 93, 93, 60, 60]","[0.0, 0.0, 0.04182, 0.0, 0.051196, 0.0]","[1, 1, -1, -1, 1, 1]"
video_conferencing,VLC_Teams,/indian-slp/Users/ug/ZEPA/Kritik/net_data/5G_Traffic_Datasets/VLC_Teams/teams_windows_20m_01.csv,pretrain,1,0.061622,True,0,0,0,28,5,39,0.038719,"[60, 60, 60, 60, 60, 60]","[0.0, 0.0, 0.061622, 0.0, 0.101282, 0.0]","[1, 1, -1, -1, -1, -1]"
video_conferencing,VLC_Teams,/indian-slp/Users/ug/ZEPA/Kritik/net_data/5G_Traffic_Datasets/VLC_Teams/teams_windows_20m_01.csv,pretrain,0,0.041571,True,0,0,0,28,5,39,0.038719,"[110, 110, 99, 99, 60, 60]","[0.0, 0.0, 0.041571, 0.0, 0.052347, 0.0]","[1, 1, -1, -1, 1, 1]"
video_conferencing,VLC_Teams,/indian-slp/Users/ug/ZEPA/Kritik/net_data/5G_Traffic_Datasets/VLC_Teams/teams_windows_20m_01.csv,pretrain,0,0.041752,True,0,0,0,28,5,39,0.038719,"[104, 104, 93, 93, 60, 60]","[0.0, 0.0, 0.041752, 0.0, 0.052388, 0.0]","[1, 1, -1, -1, 1, 1]"
video_conferencing,VLC_Teams,/indian-slp/Users/ug/ZEPA/Kritik/net_data/5G_Traffic_Datasets/VLC_Teams/teams_windows_20m_01.csv,pretrain,0,0.006821,True,2,0,0,28,5,39,0.038719,"[66, 66, 66, 66, 60, 60, 1506, 755, 755, 1506, 60, 60, 60, 60, 318, 318, 134, 134, 146, 146, 429, 429, 60, 60, 357, 60, 60, 60, 60, 357, 115, 115, 85, 85, 60, 60, 256, 256, 85, 60, 92, 92, 85, 60, 198, 89, 89, 198, 1506, 957, 1506, 957, 60, 60, 60, 60, 264, 264, 89, 89, 85, 85, 60, 60]","[0.0, 0.0, 0.006821, 0.0, 0.000153, 0.0, 0.000282, 0.0, 0.0, 0.0, 0.005378, 0.0, 0.000568, 0.0, 0.001095, 0.0, 0.000603, 0.0, 0.0, 0.0, 0.000258, 0.0, 0.006003, 0.0, 0.000148, 0.0, 0.0, 0.0, 0.0, 0.0, 0.001756, 0.0, 0.0, 0.0, 0.0, 0.0, 0.000142, 0.0, 0.000151, 0.0, 0.0, 0.0, 0.0, 0.0, 0.000147, 0.0, 0.0, 0.0, 0.0, 0.0, 0.000116, 0.0, 0.005577, 0.0, 0.002226, 0.0, 0.045648, 0.0, 0.000394, 0.0, 0.006767, 0.0, 0.039481, 0.0]","[1, 1, -1, -1, 1, 1, 1, 1, 1, 1, -1, -1, -1, -1, -1, -1, 1, 1, 1, 1, 1, 1, -1, -1, -1, -1, -1, -1, -1, -1, -1, -1, -1, -1, 1, 1, -1, -1, 1, 1, -1, -1, 1, 1, 1, 1, 1, 1, 1, 1, 1, 1, -1, -1, -1, -1, -1, -1, 1, 1, -1, -1, -1, -1]"
video_conferencing,VLC_Teams,/indian-slp/Users/ug/ZEPA/Kritik/net_data/5G_Traffic_Datasets/VLC_Teams/teams_windows_20m_01.csv,pretrain,0,0.005752,True,2,0,0,28,5,39,0.038719,"[66, 66, 60, 66, 66, 60, 407, 1494, 1494, 407, 153, 60, 153, 60, 693, 693, 60, 60, 1506, 1506, 1506, 60, 1506, 1506, 1506, 60, 1506, 1506, 60, 60, 282, 282, 128, 128, 146, 146, 927, 927, 60, 60, 60, 60, 116, 116, 513, 513, 60, 85, 85, 60, 85, 85, 60, 494, 494, 60, 60, 60]","[0.0, 0.0, 0.005752, 0.0, 0.0, 0.0, 0.000292, 0.0, 0.0, 0.0, 0.006449, 0.0, 0.0, 0.0, 0.00047, 0.0, 0.005345, 0.0, 0.003146, 0.0, 0.0, 0.0, 0.0, 0.0, 0.0, 0.0, 0.0, 0.0, 7.9e-05, 0.0, 0.0, 0.0, 3.1e-05, 0.0, 0.0, 0.0, 0.000461, 0.0, 0.005818, 0.0, 0.0, 0.0, 0.000102, 0.0, 0.0, 0.0, 0.000152, 0.0, 0.0, 0.0, 0.005199, 0.0, 0.056806, 0.0, 0.0, 0.0, 0.039569, 0.0]","[1, 1, 1, -1, -1, 1, 1, 1, 1, 1, -1, -1, -1, -1, 1, 1, -1, -1, -1, -1, -1, 1, -1, -1, -1, 1, -1, -1, 1, 1, -1, -1, 1, 1, 1, 1, 1, 1, -1, -1, -1, -1, -1, -1, -1, -1, 1, 1, 1, 1, -1, -1, 1, -1, -1, 1, 1, 1]"
video_conferencing,VLC_Teams,/indian-slp/Users/ug/ZEPA/Kritik/net_data/5G_Traffic_Datasets/VLC_Teams/teams_windows_20m_01.csv,pretrain,0,0.04129,True,0,0,0,28,5,39,0.038719,"[104, 104, 93, 93, 60, 60]","[0.0, 0.0, 0.04129, 0.0, 0.051317, 0.0]","[1, 1, -1, -1, 1, 1]"
video_conferencing,VLC_Teams,/indian-slp/Users/ug/ZEPA/Kritik/net_data/5G_Traffic_Datasets/VLC_Teams/teams_windows_20m_01.csv,pretrain,0,0.087503,True,0,0,0,28,5,39,0.038719,"[1338, 1338, 1464, 1464, 60, 60, 303, 303, 60, 60, 1464, 1464, 1464, 849, 1464, 849, 60, 60, 304, 304, 60, 60, 1464, 1206, 1206, 1464, 60, 303, 60, 303, 60, 60]","[0.0, 0.0, 0.0, 0.0, 0.000134, 0.0, 0.0026, 0.0, 0.084903, 0.0, 18.560687, 0.0, 0.0, 0.0, 0.0, 0.0, 0.000176, 0.0, 0.001118, 0.0, 0.017131, 0.0, 0.0, 0.0, 0.0, 0.0, 0.06511, 0.0, 0.0, 0.0, 0.091962, 0.0]","[-1, -1, -1, -1, 1, 1, 1, 1, -1, -1, -1, -1, -1, -1, -1, -1, 1, 1, 1, 1, 1, 1, -1, -1, -1, -1, -1, 1, -1, 1, -1, -1]"
video_conferencing,VLC_Teams,/indian-slp/Users/ug/ZEPA/Kritik/net_data/5G_Traffic_Datasets/VLC_Teams/teams_windows_20m_01.csv,pretrain,0,0.037566,True,2,0,0,28,5,39,0.038719,"[66, 66, 66, 60, 60, 66, 450, 1494, 450, 1494, 153, 60, 153, 60, 736, 736, 1506, 1506, 1506, 1506, 60, 60, 1506, 641, 1506, 1506, 641, 1506, 60, 60, 146, 146, 128, 128, 1494, 1494, 1085, 1085, 1172, 1172, 1494, 1494, 157, 116, 60, 116, 60, 60, 157, 60, 85, 85, 85, 60, 85, 60, 355, 355, 60, 60]","[0.0, 0.0, 0.037566, 0.0, 0.0, 0.0, 0.000517, 0.0, 0.0, 0.0, 0.037784, 0.0, 0.0, 0.0, 0.000756, 0.0, 0.039233, 0.0, 0.0, 0.000145, 0.0, 0.0, 0.0, 0.0, 0.0, 0.0, 0.0, 0.0, 9.5e-05, 0.0, 0.002228, 0.0, 0.0, 0.0, 8.3e-05, 0.0, 0.0, 0.0, 0.000137, 0.0, 0.0, 0.0, 0.041312, 0.0, 0.0, 0.0, 0.0, 0.0, 0.0, 0.0, 7.2e-05, 0.0, 0.0, 0.0, 0.0, 0.0, 0.03303, 0.0, 0.000157, 0.0]","[1, 1, -1, 1, 1, -1, 1, 1, 1, 1, -1, -1, -1, -1, 1, 1, -1, -1, -1, -1, 1, 1, -1, -1, -1, -1, -1, -1, 1, 1, 1, 1, 1, 1, 1, 1, 1, 1, 1, 1, 1, 1, -1, -1, 1, -1, 1, -1, -1, -1, 1, 1, -1, -1, -1, -1, -1, -1, 1, 1]"
video_conferencing,VLC_Teams,/indian-slp/Users/ug/ZEPA/Kritik/net_data/5G_Traffic_Datasets/VLC_Teams/teams_windows_20m_01.csv,pretrain,0,0.041249,True,0,0,0,28,5,39,0.038719,"[104, 104, 93, 93, 60, 60]","[0.0, 0.0, 0.041249, 0.0, 0.051027, 0.0]","[1, 1, -1, -1, 1, 1]"
video_conferencing,VLC_Teams,/indian-slp/Users/ug/ZEPA/Kritik/net_data/5G_Traffic_Datasets/VLC_Teams/teams_windows_20m_01.csv,pretrain,0,0.042026,True,0,0,0,28,5,39,0.038719,"[110, 110, 99, 99, 60, 60]","[0.0, 0.0, 0.042026, 0.0, 0.050696, 0.0]","[1, 1, -1, -1, 1, 1]"
video_conferencing,VLC_Teams,/indian-slp/Users/ug/ZEPA/Kritik/net_data/5G_Traffic_Datasets/VLC_Teams/teams_windows_20m_01.csv,pretrain,0,0.043674,True,0,0,0,28,5,39,0.038719,"[104, 104, 93, 93, 60, 60]","[0.0, 0.0, 0.043674, 0.0, 0.05013, 0.0]","[1, 1, -1, -1, 1, 1]"
video_conferencing,VLC_Teams,/indian-slp/Users/ug/ZEPA/Kritik/net_data/5G_Traffic_Datasets/VLC_Teams/teams_windows_20m_01.csv,pretrain,0,0.042686,True,0,0,0,28,5,39,0.038719,"[111, 111, 100, 100, 60, 60]","[0.0, 0.0, 0.042686, 0.0, 0.05038, 0.0]","[1, 1, -1, -1, 1, 1]"
video_conferencing,VLC_Teams,/indian-slp/Users/ug/ZEPA/Kritik/net_data/5G_Traffic_Datasets/VLC_Teams/teams_windows_20m_01.csv,pretrain,0,0.005167,True,2,0,0,28,5,39,0.038719,"[66, 66, 60, 60, 66, 66, 543, 543, 60, 60, 1506, 1506, 60, 1506, 1506, 1506, 1506, 60, 1506, 1506, 60, 209, 60, 209, 212, 212, 60, 60, 396, 60, 674, 60, 396, 674, 60, 60, 920, 60, 920, 60]","[0.0, 0.0, 0.005167, 0.0, 0.0, 0.0, 0.000298, 0.0, 0.004992, 0.0, 0.002439, 0.0, 0.0, 0.0, 0.0, 0.0, 0.0, 0.0, 0.0, 0.0, 0.000114, 0.0, 0.0, 0.0, 0.001819, 0.0, 0.005229, 0.0, 0.006169, 0.0, 0.0, 0.0, 0.0, 0.0, 0.001559, 0.0, 0.211151, 0.0, 0.0, 0.0]","[1, 1, 1, 1, -1, -1, 1, 1, -1, -1, -1, -1, 1, -1, -1, -1, -1, 1, -1, -1, 1, -1, 1, -1, 1, 1, -1, -1, -1, 1, 1, 1, -1, 1, -1, -1, -1, 1, -1, 1]"
video_conferencing,VLC_Teams,/indian-slp/Users/ug/ZEPA/Kritik/net_data/5G_Traffic_Datasets/VLC_Teams/teams_windows_20m_01.csv,pretrain,0,0.036396,True,0,0,0,28,5,39,0.038719,"[104, 104, 93, 93, 60, 60]","[0.0, 0.0, 0.036396, 0.0, 0.047482, 0.0]","[1, 1, -1, -1, 1, 1]"
video_conferencing,VLC_Teams,/indian-slp/Users/ug/ZEPA/Kritik/net_data/5G_Traffic_Datasets/VLC_Teams/teams_windows_20m_01.csv,pretrain,0,0.042195,True,0,0,0,28,5,39,0.038719,"[104, 104, 93, 93, 60, 60]","[0.0, 0.0, 0.042195, 0.0, 0.062775, 0.0]","[1, 1, -1, -1, 1, 1]"
video_conferencing,VLC_Teams,/indian-slp/Users/ug/ZEPA/Kritik/net_data/5G_Traffic_Datasets/VLC_Teams/teams_windows_20m_01.csv,pretrain,1,0.07212,True,0,0,0,28,5,39,0.038719,"[60, 60, 60, 60, 60, 60]","[0.0, 0.0, 0.07212, 0.0, 0.089472, 0.0]","[1, 1, -1, -1, -1, -1]"
video_conferencing,VLC_Teams,/indian-slp/Users/ug/ZEPA/Kritik/net_data/5G_Traffic_Datasets/VLC_Teams/teams_windows_20m_01.csv,pretrain,0,0.015002,True,0,0,0,28,5,39,0.038719,"[1464, 1464, 60, 1464, 1464, 917, 917, 60, 1203, 304, 304, 1203, 1464, 60, 1464, 60, 304, 60, 60, 304, 60, 60]","[0.0, 0.0, 0.0, 0.0, 0.0, 0.0, 0.0, 0.0, 0.015002, 0.0, 0.0, 0.0, 0.0, 0.0, 0.0, 0.0, 0.070078, 0.0, 0.0, 0.0, 0.094891, 0.0]","[-1, -1, 1, -1, -1, -1, -1, 1, -1, 1, 1, -1, -1, 1, -1, 1, 1, -1, -1, 1, -1, -1]"
video_conferencing,VLC_Teams,/indian-slp/Users/ug/ZEPA/Kritik/net_data/5G_Traffic_Datasets/VLC_Teams/teams_windows_20m_01.csv,pretrain,1,0.038241,True,0,0,0,28,5,39,0.038719,"[388, 388, 361, 361, 361, 127, 127, 361, 361, 361, 361, 361, 361, 356, 361, 361, 356, 361, 361, 361, 361, 361, 377, 377, 119, 119, 732, 732, 732, 732, 732, 732, 732, 732, 732, 732, 732, 732, 732, 732, 725, 732, 732, 725, 748, 748, 1134, 1134, 399, 399, 127, 564, 127, 564, 564, 564, 564, 564, 564, 564, 564, 564, 564, 564]","[0.0, 0.0, 0.033026, 0.0, 0.0, 0.0, 0.0, 0.0, 0.0, 0.0, 0.0, 0.0, 0.000108, 0.0, 0.0, 0.0, 0.0, 0.0, 0.0, 0.0, 0.0, 0.0, 5.6e-05, 0.0, 0.005051, 0.0, 9.2e-05, 0.0, 0.0, 0.0, 0.0, 0.0, 0.0, 0.0, 0.0, 0.0, 7.3e-05, 0.0, 0.0, 0.0, 0.0, 0.0, 0.0, 0.00015, 0.0, 0.0, 0.025485, 0.0, 0.000418, 0.0, 0.031878, 0.0, 0.0, 0.0, 0.0, 0.0, 0.0, 0.0, 0.0, 0.0, 0.000159, 0.0, 0.0, 0.0]","[1, 1, 1, 1, 1, 1, 1, 1, 1, 1, 1, 1, 1, 1, 1, 1, 1, 1, 1, 1, 1, 1, 1, 1, -1, -1, -1, -1, -1, -1, -1, -1, -1, -1, -1, -1, -1, -1, -1, -1, -1, -1, -1, -1, -1, -1, -1, -1, 1, 1, 1, 1, 1, 1, 1, 1, 1, 1, 1, 1, 1, 1, 1, 1]"
video_conferencing,VLC_Teams,/indian-slp/Users/ug/ZEPA/Kritik/net_data/5G_Traffic_Datasets/VLC_Teams/teams_windows_20m_01.csv,pretrain,1,0.438784,True,0,0,0,28,5,39,0.038719,"[160, 160, 171, 171, 175, 175, 164, 164, 169, 169, 168, 168, 161, 161, 157, 157, 157, 157, 159, 159, 158, 158, 157, 157, 154, 154, 159, 159, 158, 158, 165, 165, 163, 163, 166, 166, 164, 164, 174, 174, 158, 158, 158, 158, 164, 164, 166, 166, 114, 114, 1262, 1262, 1262, 1262, 86, 86, 1262, 1262, 1262, 1262, 165, 165, 158, 158]","[0.0, 0.0, 0.01131, 0.0, 0.02004, 0.0, 0.020223, 0.0, 0.021375, 0.0, 0.018426, 0.0, 0.01995, 0.0, 0.020008, 0.0, 0.02014, 0.0, 0.019944, 0.0, 0.02037, 0.0, 0.019534, 0.0, 0.019922, 0.0, 0.020195, 0.0, 0.019964, 0.0, 0.020542, 0.0, 0.02006, 0.0, 0.019346, 0.0, 0.020034, 0.0, 0.020045, 0.0, 0.019789, 0.0, 0.011133, 0.0, 0.008975, 0.0, 0.019958, 0.0, 0.007501, 0.0, 0.003412, 0.0, 0.0, 0.0, 0.0, 0.0, 0.000111, 0.0, 0.0, 0.0, 0.009006, 0.0, 0.020133, 0.0]","[1, 1, 1, 1, 1, 1, 1, 1, 1, 1, 1, 1, 1, 1, 1, 1, 1, 1, 1, 1, 1, 1, 1, 1, 1, 1, 1, 1, 1, 1, 1, 1, 1, 1, 1, 1, 1, 1, 1, 1, 1, 1, 1, 1, 1, 1, 1, 1, -1, -1, -1, -1, -1, -1, -1, -1, -1, -1, -1, -1, 1, 1, 1, 1]"
video_conferencing,VLC_Teams,/indian-slp/Users/ug/ZEPA/Kritik/net_data/5G_Traffic_Datasets/VLC_Teams/teams_windows_20m_01.csv,pretrain,1,0.079741,True,0,0,0,28,5,39,0.038719,"[158, 158, 114, 114, 158, 158, 114, 114, 146, 146, 146, 146, 158, 158, 114, 114, 158, 158, 114, 114, 158, 158, 114, 114, 146, 146, 146, 146, 158, 158, 114, 114, 158, 158, 114, 114, 158, 158, 114, 114, 146, 146, 158, 158, 114, 114, 158, 158, 114, 114, 146, 146, 146, 146, 158, 158, 114, 114, 158, 158, 114, 114, 158, 158]","[0.0, 0.0, 0.079741, 0.0, 1.079895, 0.0, 0.032502, 0.0, 0.336322, 0.0, 0.126099, 0.0, 0.612334, 0.0, 0.04582, 0.0, 1.027899, 0.0, 0.069326, 0.0, 1.050628, 0.0, 0.071903, 0.0, 0.624708, 0.0, 0.018141, 0.0, 0.455256, 0.0, 0.070378, 0.0, 1.045611, 0.0, 0.065773, 0.0, 1.099907, 0.0, 0.030084, 0.0, 0.135568, 0.0, 0.9019, 0.0, 0.050722, 0.0, 1.013652, 0.0, 0.030776, 0.0, 0.329057, 0.0, 0.026744, 0.0, 0.726417, 0.0, 0.064964, 0.0, 1.061754, 0.0, 0.054373, 0.0, 1.062253, 0.0]","[1, 1, -1, -1, 1, 1, -1, -1, 1, 1, -1, -1, 1, 1, -1, -1, 1, 1, -1, -1, 1, 1, -1, -1, 1, 1, -1, -1, 1, 1, -1, -1, 1, 1, -1, -1, 1, 1, -1, -1, 1, 1, 1, 1, -1, -1, 1, 1, -1, -1, 1, 1, -1, -1, 1, 1, -1, -1, 1, 1, -1, -1, 1, 1]"
video_conferencing,VLC_Teams,/indian-slp/Users/ug/ZEPA/Kritik/net_data/5G_Traffic_Datasets/VLC_Teams/teams_windows_20m_01.csv,pretrain,1,0.080417,True,0,0,0,28,5,39,0.038719,"[158, 158, 114, 114, 158, 158, 114, 114, 146, 146, 158, 158, 114, 114, 134, 134, 158, 158, 114, 114, 134, 134, 158, 158, 114, 114, 146, 146, 158, 158, 114, 114, 158, 158, 114, 114, 146, 146, 134, 134, 158, 158, 114, 114, 158, 158, 114, 114, 158, 158, 114, 114, 158, 158, 114, 114, 158, 158, 114, 114, 134, 134, 146, 146]","[0.0, 0.0, 0.080417, 0.0, 1.085871, 0.0, 0.064395, 0.0, 0.744566, 0.0, 0.352626, 0.0, 0.069515, 0.0, 0.420207, 0.0, 0.655268, 0.0, 0.048566, 0.0, 0.391822, 0.0, 0.663883, 0.0, 0.069111, 0.0, 0.598316, 0.0, 0.501462, 0.0, 0.106875, 0.0, 1.059269, 0.0, 0.040465, 0.0, 0.776632, 0.0, 0.112179, 0.0, 0.185824, 0.0, 0.084011, 0.0, 1.034972, 0.0, 0.07978, 0.0, 1.08945, 0.0, 0.054842, 0.0, 1.065043, 0.0, 0.037487, 0.0, 1.029646, 0.0, 0.063736, 0.0, 0.301406, 0.0, 0.572779, 0.0]","[1, 1, -1, -1, 1, 1, -1, -1, 1, 1, 1, 1, -1, -1, -1, -1, 1, 1, -1, -1, -1, -1, 1, 1, -1, -1, 1, 1, 1, 1, -1, -1, 1, 1, -1, -1, 1, 1, -1, -1, 1, 1, -1, -1, 1, 1, -1, -1, 1, 1, -1, -1, 1, 1, -1, -1, 1, 1, -1, -1, -1, -1, 1, 1]"
video_conferencing,VLC_Teams,/indian-slp/Users/ug/ZEPA/Kritik/net_data/5G_Traffic_Datasets/VLC_Teams/teams_windows_20m_01.csv,pretrain,1,0.057729,True,0,0,0,28,5,39,0.038719,"[264, 264, 228, 228, 264, 264, 228, 228, 264, 264, 228, 228, 264, 264, 228, 228, 264, 264, 228, 228, 264, 264, 228, 228, 264, 264, 228, 228, 264, 264, 228, 228, 264, 264, 228, 228, 264, 264, 228, 228, 264, 264, 228, 228, 264, 264, 228, 228, 264, 264, 228, 228, 264, 264, 228, 228, 264, 264, 228, 228, 264, 264, 228, 228]","[0.0, 0.0, 0.057729, 0.0, 20.211077, 0.0, 0.057836, 0.0, 20.203337, 0.0, 0.057552, 0.0, 20.20405, 0.0, 0.057485, 0.0, 20.22176, 0.0, 0.060244, 0.0, 20.215907, 0.0, 0.057045, 0.0, 20.195677, 0.0, 0.057735, 0.0, 20.208796, 0.0, 0.058124, 0.0, 20.192045, 0.0, 0.058964, 0.0, 20.230889, 0.0, 0.062618, 0.0, 20.201317, 0.0, 0.057475, 0.0, 20.169277, 0.0, 0.058377, 0.0, 20.191563, 0.0, 0.058264, 0.0, 20.163285, 0.0, 0.057603, 0.0, 20.226253, 0.0, 0.05786, 0.0, 20.216269, 0.0, 0.057829, 0.0]","[1, 1, -1, -1, 1, 1, -1, -1, 1, 1, -1, -1, 1, 1, -1, -1, 1, 1, -1, -1, 1, 1, -1, -1, 1, 1, -1, -1, 1, 1, -1, -1, 1, 1, -1, -1, 1, 1, -1, -1, 1, 1, -1, -1, 1, 1, -1, -1, 1, 1, -1, -1, 1, 1, -1, -1, 1, 1, -1, -1, 1, 1, -1, -1]"
video_conferencing,VLC_Teams,/indian-slp/Users/ug/ZEPA/Kritik/net_data/5G_Traffic_Datasets/VLC_Teams/teams_windows_20m_01.csv,pretrain,1,0.057081,True,0,0,0,28,5,39,0.038719,"[264, 264, 228, 228, 264, 264, 228, 228, 264, 264, 228, 228, 264, 264, 228, 228, 264, 264, 228, 228, 264, 264, 228, 228, 264, 264, 228, 228, 264, 264, 228, 228, 264, 264, 228, 228, 264, 264, 228, 228, 264, 264, 228, 228, 264, 264, 228, 228, 264, 264, 228, 228, 264, 264, 228, 228, 264, 264, 228, 228, 264, 264, 228, 228]","[0.0, 0.0, 0.057081, 0.0, 20.211725, 0.0, 0.057187, 0.0, 20.203986, 0.0, 0.05743, 0.0, 20.204172, 0.0, 0.057129, 0.0, 20.222116, 0.0, 0.060244, 0.0, 20.215907, 0.0, 0.057045, 0.0, 20.195677, 0.0, 0.057571, 0.0, 20.20896, 0.0, 0.057896, 0.0, 20.192273, 0.0, 0.058964, 0.0, 20.230889, 0.0, 0.059405, 0.0, 20.20453, 0.0, 0.057475, 0.0, 20.222696, 0.0, 0.057521, 0.0, 20.722989, 0.0, 0.057199, 0.0, 20.219834, 0.0, 0.058023, 0.0, 20.223491, 0.0, 0.056717, 0.0, 20.215523, 0.0, 0.057155, 0.0]","[1, 1, -1, -1, 1, 1, -1, -1, 1, 1, -1, -1, 1, 1, -1, -1, 1, 1, -1, -1, 1, 1, -1, -1, 1, 1, -1, -1, 1, 1, -1, -1, 1, 1, -1, -1, 1, 1, -1, -1, 1, 1, -1, -1, 1, 1, -1, -1, 1, 1, -1, -1, 1, 1, -1, -1, 1, 1, -1, -1, 1, 1, -1, -1]"
video_conferencing,VLC_Teams,/indian-slp/Users/ug/ZEPA/Kritik/net_data/5G_Traffic_Datasets/VLC_Teams/teams_windows_20m_01.csv,pretrain,1,0.074662,True,0,0,0,28,5,39,0.038719,"[264, 264, 228, 228, 264, 264, 228, 228, 264, 264, 228, 228, 264, 264, 228, 228, 264, 264, 228, 228, 264, 264, 228, 228, 264, 264, 228, 228, 264, 264, 228, 228, 264, 264, 228, 228, 264, 264, 228, 228, 264, 264, 228, 228, 264, 264, 228, 228, 264, 264, 228, 228, 264, 264, 228, 228, 264, 264, 228, 228, 264, 264, 228, 228]","[0.0, 0.0, 0.074662, 0.0, 20.192773, 0.0, 0.061468, 0.0, 20.198368, 0.0, 0.061615, 0.0, 20.202391, 0.0, 0.063409, 0.0, 20.222036, 0.0, 0.053288, 0.0, 20.216194, 0.0, 0.061911, 0.0, 20.18978, 0.0, 0.061611, 0.0, 20.204243, 0.0, 0.061963, 0.0, 20.190291, 0.0, 0.061767, 0.0, 20.174192, 0.0, 0.062618, 0.0, 20.201317, 0.0, 0.06173, 0.0, 20.218441, 0.0, 0.061568, 0.0, 20.713377, 0.0, 0.062764, 0.0, 20.219834, 0.0, 0.063055, 0.0, 20.218459, 0.0, 0.0612, 0.0, 20.21104, 0.0, 0.061026, 0.0]","[1, 1, -1, -1, 1, 1, -1, -1, 1, 1, -1, -1, 1, 1, -1, -1, 1, 1, -1, -1, 1, 1, -1, -1, 1, 1, -1, -1, 1, 1, -1, -1, 1, 1, -1, -1, 1, 1, -1, -1, 1, 1, -1, -1, 1, 1, -1, -1, 1, 1, -1, -1, 1, 1, -1, -1, 1, 1, -1, -1, 1, 1, -1, -1]"
video_conferencing,VLC_Teams,/indian-slp/Users/ug/ZEPA/Kritik/net_data/5G_Traffic_Datasets/VLC_Teams/teams_windows_20m_01.csv,pretrain,1,0.070864,True,0,0,0,28,5,39,0.038719,"[264, 264, 228, 228, 264, 264, 228, 228, 264, 264, 228, 228, 264, 264, 228, 228, 264, 264, 228, 228, 264, 264, 228, 228, 264, 264, 228, 228, 264, 264, 228, 228, 264, 264, 228, 228, 264, 264, 228, 228, 264, 264, 228, 228, 264, 264, 228, 228, 264, 264, 228, 228, 264, 264, 228, 228, 264, 264, 228, 228, 264, 264, 228, 228]","[0.0, 0.0, 0.070864, 0.0, 20.199821, 0.0, 0.053758, 0.0, 20.15232, 0.0, 0.054843, 0.0, 20.209163, 0.0, 0.054265, 0.0, 20.231238, 0.0, 0.045399, 0.0, 20.224025, 0.0, 0.053825, 0.0, 20.197866, 0.0, 0.053389, 0.0, 20.212465, 0.0, 0.057612, 0.0, 20.194642, 0.0, 0.055121, 6.1e-05, 20.240182, 0.0, 0.046139, 0.0, 20.213855, 0.0, 0.053692, 0.0, 20.171015, 0.0, 0.054102, 0.0, 20.142419, 0.0, 0.05425, 0.0, 20.167299, 0.0, 0.053861, 0.0, 20.178229, 0.0, 0.053514, 0.0, 20.218372, 0.0, 0.053721, 0.0]","[1, 1, -1, -1, 1, 1, -1, -1, 1, 1, -1, -1, 1, 1, -1, -1, 1, 1, -1, -1, 1, 1, -1, -1, 1, 1, -1, -1, 1, 1, -1, -1, 1, 1, -1, -1, 1, 1, -1, -1, 1, 1, -1, -1, 1, 1, -1, -1, 1, 1, -1, -1, 1, 1, -1, -1, 1, 1, -1, -1, 1, 1, -1, -1]"
video_conferencing,VLC_Teams,/indian-slp/Users/ug/ZEPA/Kritik/net_data/5G_Traffic_Datasets/VLC_Teams/teams_windows_20m_01.csv,pretrain,0,0.013134,True,0,4,2,28,5,39,0.038719,"[60, 60, 85, 85, 60, 60, 60, 60]","[0.0, 0.0, 0.013134, 0.0, 0.000105, 0.0, 0.00012, 0.0]","[1, 1, -1, -1, -1, -1, 1, 1]"
video_conferencing,VLC_Teams,/indian-slp/Users/ug/ZEPA/Kritik/net_data/5G_Traffic_Datasets/VLC_Teams/teams_windows_20m_01.csv,pretrain,0,0.013134,True,0,4,2,28,5,39,0.038719,"[60, 60, 85, 85, 60, 60, 60, 60]","[0.0, 0.0, 0.013134, 0.0, 0.0, 0.0, 0.000225, 0.0]","[1, 1, -1, -1, -1, -1, 1, 1]"
video_conferencing,VLC_Teams,/indian-slp/Users/ug/ZEPA/Kritik/net_data/5G_Traffic_Datasets/VLC_Teams/teams_windows_20m_01.csv,pretrain,0,0.023031,True,0,4,0,28,5,39,0.038719,"[60, 60, 60, 60, 60, 60]","[0.0, 0.0, 0.023031, 0.0, 0.0, 0.0]","[1, 1, -1, -1, 1, 1]"
video_conferencing,VLC_Teams,/indian-slp/Users/ug/ZEPA/Kritik/net_data/5G_Traffic_Datasets/VLC_Teams/teams_windows_20m_01.csv,pretrain,0,0.0,False,0,0,0,28,5,39,0.038719,"[987, 987, 60, 60, 816, 816, 60, 85, 85, 60, 60, 60, 987, 987, 60, 60, 816, 816, 85, 85, 60, 60, 60, 60, 987, 987, 60, 60, 816, 816, 60, 60, 85, 85, 60, 60, 987, 987, 60, 60, 816, 816, 85, 60, 60, 85, 60, 60, 987, 987, 60, 60, 816, 816, 85, 85, 60, 60, 60, 60, 987, 987, 60, 60]","[0.0, 0.0, 0.04994, 0.0, 20.049287, 0.0, 0.037724, 0.0, 0.0, 0.0, 0.037405, 0.0, 20.020773, 0.0, 0.040742, 0.0, 20.053072, 0.0, 0.038687, 0.0, 0.0, 0.0, 0.03971, 0.0, 20.01943, 0.0, 0.04289, 0.0, 20.050433, 0.0, 0.0372, 0.0, 0.000195, 0.0, 0.037331, 0.0, 20.023583, 0.0, 0.04602, 0.0, 20.238375, 0.0, 0.025225, 0.0, 0.0, 0.0, 0.037005, 0.0, 20.069175, 0.0, 0.034926, 0.0, 20.053, 0.0, 0.03717, 0.0, 0.0, 0.0, 0.037306, 0.0, 20.020975, 0.0, 0.049989, 0.0]","[-1, -1, 1, 1, 1, 1, -1, 1, 1, -1, -1, -1, -1, -1, 1, 1, 1, 1, 1, 1, -1, -1, -1, -1, -1, -1, 1, 1, 1, 1, -1, -1, 1, 1, -1, -1, -1, -1, 1, 1, 1, 1, 1, -1, -1, 1, -1, -1, -1, -1, 1, 1, 1, 1, 1, 1, -1, -1, -1, -1, -1, -1, 1, 1]"
video_conferencing,VLC_Teams,/indian-slp/Users/ug/ZEPA/Kritik/net_data/5G_Traffic_Datasets/VLC_Teams/teams_windows_20m_01.csv,pretrain,0,0.043725,True,0,0,0,28,5,39,0.038719,"[816, 816, 85, 85, 60, 60, 60, 60, 987, 987, 60, 60, 816, 816, 60, 85, 60, 85, 60, 60, 987, 987, 60, 60, 816, 816, 60, 60, 85, 85, 60, 60, 987, 987, 60, 60, 816, 816, 60, 60, 85, 85, 60, 60, 987, 987, 60, 60, 816, 816, 60, 85, 60, 85, 60, 60, 987, 987, 60, 60, 816, 816, 60, 60]","[0.0, 0.0, 0.043725, 0.0, 0.0, 0.0, 0.033866, 0.0, 20.020347, 0.0, 0.046345, 0.0, 20.05084, 0.0, 0.037302, 0.0, 0.0, 0.0, 0.037359, 0.0, 20.018141, 0.0, 0.052679, 0.0, 20.0462, 0.0, 0.037063, 0.0, 0.000222, 0.0, 0.03728, 0.0, 20.017745, 0.0, 0.043935, 0.0, 20.055466, 0.0, 0.037357, 0.0, 0.000222, 0.0, 0.037397, 0.0, 20.208857, 0.0, 0.041378, 0.0, 20.090027, 0.0, 0.031916, 0.0, 0.0, 0.0, 0.037409, 0.0, 20.018071, 0.0, 0.052578, 0.0, 20.043698, 0.0, 0.037599, 0.0]","[1, 1, 1, 1, -1, -1, -1, -1, -1, -1, 1, 1, 1, 1, -1, 1, -1, 1, -1, -1, -1, -1, 1, 1, 1, 1, -1, -1, 1, 1, -1, -1, -1, -1, 1, 1, 1, 1, -1, -1, 1, 1, -1, -1, -1, -1, 1, 1, 1, 1, -1, 1, -1, 1, -1, -1, -1, -1, 1, 1, 1, 1, -1, -1]"
video_conferencing,VLC_Teams,/indian-slp/Users/ug/ZEPA/Kritik/net_data/5G_Traffic_Datasets/VLC_Teams/teams_windows_20m_01.csv,pretrain,0,0.069126,True,0,4,0,28,5,39,0.038719,"[60, 60, 60, 60, 60, 60]","[0.0, 0.0, 0.069126, 0.0, 0.000175, 0.0]","[1, 1, -1, -1, 1, 1]"
video_conferencing,VLC_Teams,/indian-slp/Users/ug/ZEPA/Kritik/net_data/5G_Traffic_Datasets/VLC_Teams/teams_windows_20m_01.csv,pretrain,0,0.043547,True,0,0,0,28,5,39,0.038719,"[97, 97, 93, 93, 60, 60, 97, 97, 93, 93, 60, 60, 97, 97, 93, 93, 60, 60, 97, 97, 93, 93, 60, 60, 97, 97, 93, 93, 60, 60, 97, 97, 93, 93, 60, 60, 97, 97, 60, 60, 93, 93, 60, 60, 97, 97, 93, 93, 60, 60, 97, 97, 93, 93, 60, 60, 97, 97, 93, 93, 60, 60, 97, 97]","[0.0, 0.0, 0.043547, 0.0, 0.046944, 0.0, 14.968932, 0.0, 0.040515, 0.0, 0.053024, 0.0, 14.959045, 0.0, 0.03985, 0.0, 0.053884, 0.0, 14.948097, 0.0, 0.03973, 0.0, 0.054268, 0.0, 14.953201, 0.0, 0.046888, 0.0, 0.047079, 0.0, 14.953983, 0.0, 0.039862, 0.0, 0.052163, 0.0, 14.958893, 0.0, 0.08407, 0.0, 0.088159, 0.0, 0.04839, 0.0, 14.967519, 0.0, 0.039459, 0.0, 0.052665, 0.0, 14.950038, 0.0, 0.039687, 0.0, 0.05415, 0.0, 14.948585, 0.0, 0.039634, 0.0, 0.05316, 0.0, 14.958114, 0.0]","[1, 1, -1, -1, 1, 1, 1, 1, -1, -1, 1, 1, 1, 1, -1, -1, 1, 1, 1, 1, -1, -1, 1, 1, 1, 1, -1, -1, 1, 1, 1, 1, -1, -1, 1, 1, 1, 1, -1, -1, -1, -1, 1, 1, 1, 1, -1, -1, 1, 1, 1, 1, -1, -1, 1, 1, 1, 1, -1, -1, 1, 1, 1, 1]"
video_conferencing,VLC_Teams,/indian-slp/Users/ug/ZEPA/Kritik/net_data/5G_Traffic_Datasets/VLC_Teams/teams_windows_20m_01.csv,pretrain,0,0.053964,True,0,4,0,28,5,39,0.038719,"[60, 60, 60, 60, 60, 60]","[0.0, 0.0, 0.053964, 0.0, 0.0, 0.0]","[1, 1, -1, -1, 1, 1]"
video_conferencing,VLC_Teams,/indian-slp/Users/ug/ZEPA/Kritik/net_data/5G_Traffic_Datasets/VLC_Teams/teams_windows_20m_01.csv,pretrain,0,0.002189,True,0,4,0,28,5,39,0.038719,"[60, 60, 78, 78, 60, 60, 60, 60, 60, 60]","[0.0, 0.0, 0.0, 0.0, 0.0, 0.0, 0.0, 0.0, 0.002189, 0.0]","[1, 1, -1, -1, 1, 1, -1, -1, -1, -1]"
video_conferencing,VLC_Teams,/indian-slp/Users/ug/ZEPA/Kritik/net_data/5G_Traffic_Datasets/VLC_Teams/teams_windows_20m_01.csv,pretrain,0,0.036983,True,0,4,0,28,5,39,0.038719,"[60, 60, 60, 60, 60, 60, 60, 60]","[0.0, 0.0, 0.00405, 0.0, 0.0, 0.0, 0.036983, 0.0]","[-1, -1, 1, 1, 1, 1, -1, -1]"
video_conferencing,VLC_Teams,/indian-slp/Users/ug/ZEPA/Kritik/net_data/5G_Traffic_Datasets/VLC_Teams/teams_windows_20m_01.csv,pretrain,0,0.043078,True,0,4,0,28,5,39,0.038719,"[60, 100, 60, 60, 100, 85, 60, 85, 60, 60, 60, 60]","[0.0, 0.0, 0.0, 0.0, 0.0, 0.0, 0.0, 0.0, 0.000119, 0.0, 0.042959, 0.0]","[1, -1, 1, 1, -1, -1, 1, -1, 1, 1, -1, -1]"
video_conferencing,VLC_Teams,/indian-slp/Users/ug/ZEPA/Kritik/net_data/5G_Traffic_Datasets/VLC_Teams/teams_windows_20m_01.csv,pretrain,0,0.028846,True,0,4,0,28,5,39,0.038719,"[60, 60, 60, 60, 60, 60, 60, 60]","[0.0, 0.0, 0.028846, 0.0, 0.0, 0.0, 0.000224, 0.0]","[1, 1, -1, -1, -1, -1, 1, 1]"
video_conferencing,VLC_Teams,/indian-slp/Users/ug/ZEPA/Kritik/net_data/5G_Traffic_Datasets/VLC_Teams/teams_windows_20m_01.csv,pretrain,0,0.025435,True,0,4,0,28,5,39,0.038719,"[60, 60, 60, 60, 60, 60, 60, 60]","[0.0, 0.0, 0.025435, 0.0, 0.0, 0.0, 0.0, 0.0]","[1, 1, -1, -1, 1, 1, -1, -1]"
video_conferencing,VLC_Teams,/indian-slp/Users/ug/ZEPA/Kritik/net_data/5G_Traffic_Datasets/VLC_Teams/teams_windows_20m_01.csv,pretrain,0,0.036544,True,0,4,0,28,5,39,0.038719,"[60, 60, 60, 60, 60, 60, 60, 60]","[0.0, 0.0, 0.036544, 0.0, 0.0, 0.0, 0.0, 0.0]","[1, 1, -1, -1, -1, 1, 1, -1]"
video_conferencing,VLC_Teams,/indian-slp/Users/ug/ZEPA/Kritik/net_data/5G_Traffic_Datasets/VLC_Teams/teams_windows_20m_01.csv,pretrain,0,0.036086,True,0,4,0,28,5,39,0.038719,"[60, 60, 60, 60, 60, 60, 60, 60]","[0.0, 0.0, 0.036086, 0.0, 0.0, 0.0, 0.000144, 0.0]","[1, 1, -1, -1, -1, -1, 1, 1]"
video_conferencing,VLC_Teams,/indian-slp/Users/ug/ZEPA/Kritik/net_data/5G_Traffic_Datasets/VLC_Teams/teams_windows_20m_01.csv,pretrain,0,0.039631,True,2,4,2,28,5,39,0.038719,"[66, 66, 66, 66, 60, 60, 270, 270, 1506, 1506, 1506, 908, 60, 1506, 60, 908, 212, 212, 105, 60, 60, 123, 105, 123, 1148, 1494, 92, 141, 1148, 141, 1494, 92, 92, 92, 60, 60, 60, 60, 60, 60, 807, 60, 807, 60, 96, 96, 60, 60, 60, 60]","[0.0, 0.0, 0.039631, 0.0, 0.000224, 0.0, 0.000232, 0.0, 0.040029, 0.0, 0.0, 0.0, 0.0, 0.0, 0.0, 0.000145, 0.003044, 0.0, 0.040027, 0.0, 0.0, 0.0, 0.0, 0.0, 0.000912, 0.0, 0.0, 0.0, 0.0, 0.0, 0.0, 0.0, 0.039162, 0.0, 0.000395, 0.0, 0.000463, 0.0, 0.047982, 0.0, 0.045765, 0.0, 0.0, 0.0, 0.03522, 0.0, 0.0, 0.0, 0.0, 0.0]","[1, 1, -1, -1, 1, 1, 1, 1, -1, -1, -1, -1, 1, -1, 1, -1, 1, 1, -1, 1, 1, -1, -1, -1, 1, 1, 1, 1, 1, 1, 1, 1, -1, -1, -1, -1, -1, -1, 1, 1, -1, 1, -1, 1, -1, -1, -1, -1, 1, 1]"
video_conferencing,VLC_Teams,/indian-slp/Users/ug/ZEPA/Kritik/net_data/5G_Traffic_Datasets/VLC_Teams/teams_windows_20m_01.csv,pretrain,0,0.10267,True,0,2,2,28,5,39,0.038719,"[60, 60, 60, 60, 60, 60, 60, 60]","[0.0, 0.0, 0.10267, 0.0, 21.926416, 0.0, 0.100632, 0.0]","[1, 1, -1, -1, 1, 1, -1, -1]"
video_conferencing,VLC_Teams,/indian-slp/Users/ug/ZEPA/Kritik/net_data/5G_Traffic_Datasets/VLC_Teams/teams_windows_20m_01.csv,pretrain,0,0.005524,True,0,4,0,28,5,39,0.038719,"[60, 60, 66, 66, 78, 78, 60, 60, 60, 60, 60, 60, 60, 60]","[0.0, 0.0, 0.005524, 0.0, 29.947084, 0.0, 0.0, 0.0, 0.000219, 0.0, 0.000124, 0.0, 0.005898, 0.0]","[1, 1, -1, -1, -1, -1, -1, -1, 1, 1, 1, 1, -1, -1]"
video_conferencing,VLC_Teams,/indian-slp/Users/ug/ZEPA/Kritik/net_data/5G_Traffic_Datasets/VLC_Teams/teams_windows_20m_01.csv,pretrain,0,0.00626,True,2,2,2,28,5,39,0.038719,"[66, 66, 60, 60, 66, 66, 259, 259, 60, 1506, 1506, 60, 948, 180, 1506, 60, 60, 1506, 948, 180, 60, 312, 312, 60, 175, 175, 141, 141, 92, 122, 92, 122, 92, 92, 60, 206, 60, 60, 60, 60, 92, 92, 60, 206]","[0.0, 0.0, 0.00626, 0.0, 0.0, 0.0, 0.00023, 0.0, 0.010268, 0.0, 0.0, 0.0, 4.5e-05, 0.0, 0.0, 0.0, 0.0, 0.0, 0.0, 0.0, 0.005474, 0.0, 0.0, 0.0, 0.000425, 0.0, 0.0, 0.0, 0.00627, 0.0, 0.0, 0.0, 0.0, 0.0, 0.000715, 0.0, 0.0, 0.0, 0.0, 0.0, 0.0, 0.0, 0.0, 0.0]","[1, 1, 1, 1, -1, -1, 1, 1, -1, -1, -1, -1, -1, 1, -1, 1, 1, -1, -1, 1, -1, -1, -1, -1, 1, 1, 1, 1, -1, -1, -1, -1, 1, 1, 1, -1, 1, 1, 1, 1, -1, -1, 1, -1]"
video_conferencing,VLC_Teams,/indian-slp/Users/ug/ZEPA/Kritik/net_data/5G_Traffic_Datasets/VLC_Teams/teams_windows_20m_01.csv,pretrain,0,0.10089,True,2,0,2,28,5,39,0.038719,"[66, 66, 66, 66, 213, 60, 213, 60, 60, 60, 292, 292, 60, 60, 60, 60, 60, 60]","[0.0, 0.0, 0.10089, 0.0, 0.000207, 0.0, 0.0, 0.0, 0.100715, 0.0, 0.000596, 0.0, 0.000154, 0.0, 9.6e-05, 0.0, 0.0, 0.0]","[1, 1, -1, -1, 1, 1, 1, 1, -1, -1, -1, -1, -1, -1, 1, 1, 1, 1]"
video_conferencing,VLC_Teams,/indian-slp/Users/ug/ZEPA/Kritik/net_data/5G_Traffic_Datasets/VLC_Teams/teams_windows_20m_01.csv,pretrain,0,0.092758,True,2,4,2,28,5,39,0.038719,"[66, 66, 66, 60, 60, 66, 268, 268, 1506, 1506, 1506, 1506, 60, 60, 1385, 1385, 212, 212, 105, 105, 123, 123, 60, 60, 716, 1008, 141, 92, 141, 716, 92, 1008, 60, 60, 92, 60, 92, 60, 60, 60, 341, 341, 239, 239, 1494, 829, 829, 1494, 166, 166, 60, 60, 60, 60, 60, 96, 96, 60, 60, 60]","[0.0, 0.0, 0.092758, 0.0, 0.0, 0.0, 0.000296, 0.0, 0.093548, 0.0, 0.0, 0.0, 0.000147, 0.0, 0.000904, 0.0, 0.002994, 0.0, 0.093112, 0.0, 0.0, 0.0, 0.0, 0.0, 0.001928, 0.0, 0.0, 0.0, 0.0, 0.0, 0.0, 0.0, 0.092359, 0.0, 0.0, 0.0, 0.0, 0.0, 0.044346, 0.0, 0.092595, 0.0, 0.003586, 0.0, 0.0, 0.000157, 0.0, 0.0, 0.100995, 0.0, 0.0, 0.0, 0.0, 0.0, 0.090132, 0.0, 0.0, 0.0, 0.0, 0.0]","[1, 1, -1, 1, 1, -1, 1, 1, -1, -1, -1, -1, 1, 1, -1, -1, 1, 1, -1, -1, -1, -1, 1, 1, 1, 1, 1, 1, 1, 1, 1, 1, -1, -1, -1, -1, -1, -1, 1, 1, -1, -1, 1, 1, 1, 1, 1, 1, -1, -1, 1, 1, -1, -1, 1, -1, -1, -1, 1, -1]"
video_conferencing,VLC_Teams,/indian-slp/Users/ug/ZEPA/Kritik/net_data/5G_Traffic_Datasets/VLC_Teams/teams_windows_20m_01.csv,pretrain,0,0.006014,True,0,6,0,28,5,39,0.038719,"[60, 60, 66, 66, 78, 78, 60, 60, 60, 60, 60, 60, 60, 60, 60, 60]","[0.0, 0.0, 0.006014, 0.0, 29.995079, 0.0, 0.0, 0.0, 0.0, 0.0, 0.0, 0.0, 0.306469, 0.0, 0.005751, 0.0]","[1, 1, -1, -1, -1, -1, -1, 1, -1, 1, 1, 1, 1, 1, -1, -1]"
video_conferencing,VLC_Teams,/indian-slp/Users/ug/ZEPA/Kritik/net_data/5G_Traffic_Datasets/VLC_Teams/teams_windows_20m_01.csv,pretrain,0,0.006217,True,2,4,2,28,5,39,0.038719,"[66, 66, 66, 66, 60, 60, 259, 259, 60, 60, 1506, 60, 1506, 1506, 947, 60, 1506, 947, 180, 180, 60, 60, 312, 312, 175, 141, 141, 175, 60, 60, 244, 122, 122, 60, 244, 60, 92, 92, 92, 60, 92, 60, 85, 60, 85, 60, 60, 60]","[0.0, 0.0, 0.006217, 0.0, 0.000125, 0.0, 0.000239, 0.0, 0.005574, 0.0, 0.001278, 0.0, 0.0, 0.0, 0.0, 0.0, 0.0, 0.0, 0.002523, 0.0, 0.005746, 0.0, 0.001177, 0.0, 0.000456, 0.0, 0.0, 0.0, 0.005817, 0.0, 0.001071, 0.0, 0.0, 0.0, 0.0, 0.0, 0.000123, 0.0, 0.000136, 0.0, 0.0, 0.0, 0.006674, 0.0, 0.0, 0.0, 0.000178, 0.0]","[1, 1, -1, -1, 1, 1, 1, 1, -1, -1, -1, 1, -1, -1, -1, 1, -1, -1, 1, 1, -1, -1, -1, -1, 1, 1, 1, 1, -1, -1, -1, -1, -1, 1, -1, 1, -1, -1, 1, 1, 1, 1, -1, 1, -1, 1, -1, -1]"
video_conferencing,VLC_Teams,/indian-slp/Users/ug/ZEPA/Kritik/net_data/5G_Traffic_Datasets/VLC_Teams/teams_windows_20m_01.csv,pretrain,0,0.166315,True,2,0,0,28,5,39,0.038719,"[66, 66, 66, 66, 60, 60, 268, 268, 1506, 1506, 1506, 1506, 1385, 1385, 60, 60, 212, 212, 60, 123, 717, 717, 60, 141, 105, 105, 123, 141, 1494, 599, 92, 1494, 92, 599, 92, 92, 60, 60, 60, 60, 60, 60, 60, 60, 341, 341, 1494, 1494, 1494, 133, 1494, 1494, 133, 132, 1494, 132, 60, 60, 60, 60, 166, 166, 1494, 1494]","[0.0, 0.0, 0.166315, 0.0, 0.000137, 0.0, 0.000256, 0.0, 0.166454, 0.0, 0.0, 0.0, 0.000138, 0.0, 0.000211, 0.0, 0.002824, 0.0, 0.169767, 0.0, 0.0, 0.0, 0.0, 0.0, 0.0, 0.0, 0.0, 0.0, 6.6e-05, 0.0, 0.0, 0.0, 0.0, 0.0, 0.163809, 0.0, 0.0, 0.0, 0.00031, 0.0, 0.000582, 0.0, 0.044373, 0.0, 0.165838, 0.0, 0.003541, 0.0, 0.0, 0.0, 0.0, 0.0, 0.0, 0.0, 0.0, 0.0, 0.166413, 0.0, 0.000377, 0.0, 0.002331, 0.0, 0.003461, 0.0]","[1, 1, -1, -1, 1, 1, 1, 1, -1, -1, -1, -1, -1, -1, 1, 1, 1, 1, 1, -1, 1, 1, 1, 1, -1, -1, -1, 1, 1, 1, 1, 1, 1, 1, -1, -1, -1, -1, -1, -1, -1, -1, 1, 1, -1, -1, 1, 1, 1, 1, 1, 1, 1, 1, 1, 1, -1, -1, -1, -1, -1, -1, 1, 1]"
video_conferencing,VLC_Teams,/indian-slp/Users/ug/ZEPA/Kritik/net_data/5G_Traffic_Datasets/VLC_Teams/teams_windows_20m_01.csv,pretrain,0,0.251003,True,2,0,0,28,5,39,0.038719,"[66, 66, 60, 66, 60, 66, 450, 450, 1494, 1494, 60, 60, 153, 153, 736, 736, 1506, 1506, 1506, 1506, 60, 1506, 60, 1506, 641, 1506, 1506, 641, 60, 60, 146, 146, 128, 128, 1085, 1085, 1494, 1494, 616, 1494, 1494, 616, 116, 116, 60, 60, 85, 157, 60, 157, 85, 60, 85, 60, 60, 85, 60, 60, 60, 60, 355, 355, 60, 60]","[0.0, 0.0, 0.251003, 0.0, 0.0, 0.0, 0.0005, 0.0, 0.0, 0.0, 0.259289, 0.0, 0.003969, 0.0, 0.0, 0.0, 0.245105, 0.0, 0.0, 0.0, 0.000111, 0.0, 0.0, 0.0, 0.0, 0.0, 0.0, 0.0, 0.000194, 0.0, 0.0023, 0.0, 0.0, 0.0, 0.000127, 0.0, 0.0, 0.0, 0.000125, 0.0, 0.0, 0.0, 0.252944, 0.0, 0.0, 0.0, 0.0, 0.0, 0.0, 0.0, 0.0, 0.0, 0.000731, 0.0, 0.0, 0.0, 0.00014, 0.0, 0.045724, 0.0, 0.205305, 0.0, 0.045223, 0.0]","[1, 1, 1, -1, 1, -1, 1, 1, 1, 1, -1, -1, -1, -1, 1, 1, -1, -1, -1, -1, 1, -1, 1, -1, -1, -1, -1, -1, 1, 1, 1, 1, 1, 1, 1, 1, 1, 1, 1, 1, 1, 1, -1, -1, -1, -1, 1, -1, 1, -1, 1, 1, -1, -1, -1, -1, -1, -1, 1, 1, -1, -1, 1, 1]"
video_conferencing,VLC_Teams,/indian-slp/Users/ug/ZEPA/Kritik/net_data/5G_Traffic_Datasets/VLC_Teams/teams_windows_20m_01.csv,pretrain,0,0.260101,True,2,0,0,28,5,39,0.038719,"[66, 66, 66, 419, 1494, 66, 419, 1494, 60, 60, 60, 60, 153, 153, 705, 705, 1506, 1506, 1506, 1506, 641, 1506, 1506, 1506, 1506, 641, 60, 60, 60, 60, 128, 128, 157, 157, 60, 116, 116, 60]","[0.0, 0.0, 0.260101, 0.0, 0.0, 0.0, 0.0, 0.0, 0.0, 0.0, 0.243206, 0.0, 7.6e-05, 0.0, 0.000697, 0.0, 0.252704, 0.0, 0.0, 0.0, 7.4e-05, 0.0, 0.0, 0.0, 0.0, 0.0, 0.000172, 0.0, 0.0, 0.0, 0.003458, 0.0, 0.252819, 0.0, 0.0, 0.0, 0.0, 0.0]","[1, 1, -1, 1, 1, -1, 1, 1, 1, 1, -1, -1, -1, -1, 1, 1, -1, -1, -1, -1, -1, -1, -1, -1, -1, -1, 1, 1, 1, 1, 1, 1, -1, -1, 1, -1, -1, 1]"
video_conferencing,VLC_Teams,/indian-slp/Users/ug/ZEPA/Kritik/net_data/5G_Traffic_Datasets/VLC_Teams/teams_windows_20m_01.csv,pretrain,0,0.041942,True,0,0,0,28,5,39,0.038719,"[104, 104, 93, 93, 60, 60]","[0.0, 0.0, 0.041942, 0.0, 0.049059, 0.0]","[1, 1, -1, -1, 1, 1]"
video_conferencing,VLC_Teams,/indian-slp/Users/ug/ZEPA/Kritik/net_data/5G_Traffic_Datasets/VLC_Teams/teams_windows_20m_01.csv,pretrain,1,0.064366,True,0,0,0,28,5,39,0.038719,"[60, 60, 60, 60, 60, 60]","[0.0, 0.0, 0.064366, 0.0, 0.094457, 0.0]","[1, 1, -1, -1, -1, -1]"
video_conferencing,VLC_Teams,/indian-slp/Users/ug/ZEPA/Kritik/net_data/5G_Traffic_Datasets/VLC_Teams/teams_windows_20m_01.csv,pretrain,0,0.041414,True,0,0,0,28,5,39,0.038719,"[111, 111, 100, 100, 60, 60]","[0.0, 0.0, 0.041414, 0.0, 0.05282, 0.0]","[1, 1, -1, -1, 1, 1]"
video_conferencing,VLC_Teams,/indian-slp/Users/ug/ZEPA/Kritik/net_data/5G_Traffic_Datasets/VLC_Teams/teams_windows_20m_02.csv,pretrain,0,0.0933,True,0,0,0,29,5,33,0.033692,"[93, 304, 93, 304, 1494, 1494, 1494, 1494, 1494, 1494, 1494, 1494, 1494, 1322, 1322, 1494, 1494, 1494, 60, 60, 60, 60, 60, 60, 60, 60, 93, 93, 60, 60, 156, 156, 89, 89, 60, 60]","[0.0, 0.0, 0.0, 0.0, 9.3e-05, 0.0, 0.0, 0.0, 0.0, 0.0, 0.0, 0.0, 0.0, 0.000172, 0.0, 0.0, 0.0, 0.0, 0.093035, 0.0, 0.0, 0.0, 0.000439, 0.0, 0.0, 0.0, 0.000625, 0.0, 0.055567, 0.0, 0.091881, 0.0, 0.000509, 0.0, 0.144957, 0.0]","[1, 1, 1, 1, 1, 1, 1, 1, 1, 1, 1, 1, 1, 1, 1, 1, 1, 1, -1, -1, -1, -1, -1, -1, -1, -1, -1, -1, 1, 1, -1, -1, 1, 1, -1, -1]"
video_conferencing,VLC_Teams,/indian-slp/Users/ug/ZEPA/Kritik/net_data/5G_Traffic_Datasets/VLC_Teams/teams_windows_20m_02.csv,pretrain,0,0.005802,True,0,0,0,29,5,33,0.033692,"[93, 221, 93, 221, 60, 93, 93, 60, 60, 60, 652, 293, 293, 652, 85, 85, 60, 60, 89, 89, 218, 218, 60, 60, 60, 60, 373, 373, 1506, 60, 504, 504, 1506, 60, 60, 61, 60, 61, 85, 85, 60, 60]","[0.0, 0.0, 0.0, 0.0, 0.005802, 0.0, 0.0, 0.0, 0.040776, 0.0, 0.123329, 0.0, 0.0, 0.0, 0.0, 0.0, 0.000152, 0.0, 0.000328, 0.0, 0.002769, 0.0, 0.002966, 0.0, 0.002775, 0.0, 0.17261, 0.0, 0.0, 0.0, 0.0, 0.0, 0.0, 0.0, 4.5e-05, 0.0, 0.0, 0.0, 0.0, 0.0, 0.051109, 0.0]","[1, 1, 1, 1, -1, -1, -1, -1, 1, 1, -1, -1, -1, -1, -1, -1, 1, 1, 1, 1, 1, 1, -1, -1, -1, -1, -1, -1, -1, 1, -1, -1, -1, 1, 1, -1, 1, -1, -1, -1, 1, 1]"
video_conferencing,VLC_Teams,/indian-slp/Users/ug/ZEPA/Kritik/net_data/5G_Traffic_Datasets/VLC_Teams/teams_windows_20m_02.csv,pretrain,0,0.037671,True,0,0,0,29,5,33,0.033692,"[103, 103, 92, 92, 60, 60]","[0.0, 0.0, 0.037671, 0.0, 0.054926, 0.0]","[1, 1, -1, -1, 1, 1]"
video_conferencing,VLC_Teams,/indian-slp/Users/ug/ZEPA/Kritik/net_data/5G_Traffic_Datasets/VLC_Teams/teams_windows_20m_02.csv,pretrain,0,0.037742,True,0,0,0,29,5,33,0.033692,"[104, 104, 93, 93, 60, 60]","[0.0, 0.0, 0.037742, 0.0, 0.053873, 0.0]","[1, 1, -1, -1, 1, 1]"
video_conferencing,VLC_Teams,/indian-slp/Users/ug/ZEPA/Kritik/net_data/5G_Traffic_Datasets/VLC_Teams/teams_windows_20m_02.csv,pretrain,0,0.037733,True,0,0,0,29,5,33,0.033692,"[104, 104, 93, 93, 60, 60]","[0.0, 0.0, 0.037733, 0.0, 0.040146, 0.0]","[1, 1, -1, -1, 1, 1]"
video_conferencing,VLC_Teams,/indian-slp/Users/ug/ZEPA/Kritik/net_data/5G_Traffic_Datasets/VLC_Teams/teams_windows_20m_02.csv,pretrain,0,0.037586,True,0,0,0,29,5,33,0.033692,"[104, 104, 93, 93, 60, 60]","[0.0, 0.0, 0.037586, 0.0, 0.040473, 0.0]","[1, 1, -1, -1, 1, 1]"
video_conferencing,VLC_Teams,/indian-slp/Users/ug/ZEPA/Kritik/net_data/5G_Traffic_Datasets/VLC_Teams/teams_windows_20m_02.csv,pretrain,0,0.149645,True,2,0,0,29,5,33,0.033692,"[66, 66, 66, 66, 60, 60, 285, 285, 1506, 1506, 1506, 1506, 1506, 1506, 554, 554, 1506, 1506, 60, 60, 212, 212, 105, 105, 60, 60, 1289, 1289, 1273, 1494, 1494, 1273, 1494, 1494, 60, 60, 60, 60, 511, 511, 60, 60]","[0.0, 0.0, 0.149645, 0.0, 0.0, 0.0, 0.000318, 0.0, 0.152214, 0.0, 0.000106, 0.0, 0.0, 0.0, 0.000135, 0.0, 0.0, 0.0, 0.000214, 0.0, 0.001669, 0.0, 0.149939, 0.0, 0.000213, 0.0, 0.000323, 0.0, 0.000154, 0.0, 0.0, 0.0, 0.0, 0.0, 0.149831, 0.0, 0.0, 0.0, 0.007891, 0.0, 0.0, 0.0]","[1, 1, -1, -1, 1, 1, 1, 1, -1, -1, -1, -1, -1, -1, -1, -1, -1, -1, 1, 1, 1, 1, -1, -1, 1, 1, 1, 1, 1, 1, 1, 1, 1, 1, -1, -1, -1, -1, -1, -1, 1, 1]"
video_conferencing,VLC_Teams,/indian-slp/Users/ug/ZEPA/Kritik/net_data/5G_Traffic_Datasets/VLC_Teams/teams_windows_20m_02.csv,pretrain,0,0.037652,True,0,0,0,29,5,33,0.033692,"[104, 104, 93, 93, 60, 60]","[0.0, 0.0, 0.037652, 0.0, 0.055001, 0.0]","[1, 1, -1, -1, 1, 1]"
video_conferencing,VLC_Teams,/indian-slp/Users/ug/ZEPA/Kritik/net_data/5G_Traffic_Datasets/VLC_Teams/teams_windows_20m_02.csv,pretrain,0,0.037566,True,0,0,0,29,5,33,0.033692,"[104, 104, 93, 93, 60, 60]","[0.0, 0.0, 0.037566, 0.0, 0.040463, 0.0]","[1, 1, -1, -1, 1, 1]"
video_conferencing,VLC_Teams,/indian-slp/Users/ug/ZEPA/Kritik/net_data/5G_Traffic_Datasets/VLC_Teams/teams_windows_20m_02.csv,pretrain,0,0.038375,True,0,0,0,29,5,33,0.033692,"[104, 104, 93, 93, 60, 60]","[0.0, 0.0, 0.038375, 0.0, 0.055416, 0.0]","[1, 1, -1, -1, 1, 1]"
video_conferencing,VLC_Teams,/indian-slp/Users/ug/ZEPA/Kritik/net_data/5G_Traffic_Datasets/VLC_Teams/teams_windows_20m_02.csv,pretrain,0,0.161923,True,2,0,0,29,5,33,0.033692,"[66, 66, 66, 66, 60, 60, 285, 285, 1506, 1506, 1506, 1506, 1506, 1506, 60, 1506, 60, 1506, 554, 60, 60, 554, 212, 212, 60, 60, 105, 105, 1081, 1081, 1081, 1081, 60, 60, 66, 66, 581, 581, 60, 60]","[0.0, 0.0, 0.161923, 0.0, 0.0, 0.0, 0.000325, 0.0, 0.178224, 0.0, 0.0, 0.0, 0.000109, 0.0, 0.0, 0.0, 0.0, 0.0, 0.000178, 0.0, 0.0, 0.0, 0.004027, 0.0, 0.176791, 0.0, 0.0, 0.0, 0.00058, 0.0, 0.370116, 0.0, 0.021556, 0.0, 0.139831, 0.0, 0.102866, 0.0, 0.00018, 0.0]","[1, 1, -1, -1, 1, 1, 1, 1, -1, -1, -1, -1, -1, -1, 1, -1, 1, -1, -1, 1, 1, -1, 1, 1, 1, 1, -1, -1, 1, 1, 1, 1, -1, -1, -1, -1, -1, -1, 1, 1]"
video_conferencing,VLC_Teams,/indian-slp/Users/ug/ZEPA/Kritik/net_data/5G_Traffic_Datasets/VLC_Teams/teams_windows_20m_02.csv,pretrain,0,0.038383,True,0,0,0,29,5,33,0.033692,"[104, 104, 93, 93, 60, 60]","[0.0, 0.0, 0.038383, 0.0, 0.041049, 0.0]","[1, 1, -1, -1, 1, 1]"
video_conferencing,VLC_Teams,/indian-slp/Users/ug/ZEPA/Kritik/net_data/5G_Traffic_Datasets/VLC_Teams/teams_windows_20m_02.csv,pretrain,1,0.038535,True,0,0,0,29,5,33,0.033692,"[60, 60, 60, 60, 60, 60]","[0.0, 0.0, 0.038535, 0.0, 0.099648, 0.0]","[1, 1, -1, -1, -1, -1]"
video_conferencing,VLC_Teams,/indian-slp/Users/ug/ZEPA/Kritik/net_data/5G_Traffic_Datasets/VLC_Teams/teams_windows_20m_02.csv,pretrain,0,0.095578,True,2,0,0,29,5,33,0.033692,"[66, 66, 66, 66, 60, 60, 320, 320, 60, 60, 60, 60, 60, 60, 292, 292]","[0.0, 0.0, 0.095578, 0.0, 0.000149, 0.0, 0.000172, 0.0, 0.095133, 0.0, 0.000577, 0.0, 0.0, 0.0, 0.0, 0.0]","[1, 1, -1, -1, 1, 1, 1, 1, -1, -1, 1, 1, -1, -1, -1, -1]"
video_conferencing,VLC_Teams,/indian-slp/Users/ug/ZEPA/Kritik/net_data/5G_Traffic_Datasets/VLC_Teams/teams_windows_20m_02.csv,pretrain,0,0.005842,True,2,0,0,29,5,33,0.033692,"[66, 66, 66, 66, 60, 60, 794, 1494, 1494, 794, 60, 60, 60, 60, 153, 153, 1080, 1080, 60, 60, 1506, 1506, 1506, 1506, 1506, 1506, 60, 60, 1506, 1506, 60, 60, 282, 282, 128, 128, 146, 146, 927, 927, 60, 60, 513, 513, 116, 116, 85, 85, 60, 60, 85, 85, 60, 60, 497, 497, 60, 60]","[0.0, 0.0, 0.005842, 0.0, 0.000247, 0.0, 0.000127, 0.0, 0.0, 0.0, 0.005412, 0.0, 0.000565, 0.0, 0.000281, 0.0, 0.000531, 0.0, 0.006641, 0.0, 0.001663, 0.0, 0.0, 0.0, 9.9e-05, 0.0, 0.0, 0.0, 0.0, 0.000192, 0.0, 0.0, 0.0, 0.0, 0.001176, 0.0, 0.0, 0.0, 0.0002, 0.0, 0.005097, 0.0, 0.000238, 0.0, 0.0, 0.0, 0.000114, 0.0, 0.0, 0.0, 0.006827, 0.0, 0.048236, 0.0, 0.005431, 0.0, 0.0428, 0.0]","[1, 1, -1, -1, 1, 1, 1, 1, 1, 1, -1, -1, -1, -1, -1, -1, 1, 1, -1, -1, -1, -1, -1, -1, -1, -1, 1, 1, -1, -1, 1, 1, -1, -1, 1, 1, 1, 1, 1, 1, -1, -1, -1, -1, -1, -1, 1, 1, 1, 1, -1, -1, 1, 1, -1, -1, 1, 1]"
video_conferencing,VLC_Teams,/indian-slp/Users/ug/ZEPA/Kritik/net_data/5G_Traffic_Datasets/VLC_Teams/teams_windows_20m_02.csv,pretrain,0,0.037427,True,0,0,0,29,5,33,0.033692,"[104, 104, 93, 93, 60, 60]","[0.0, 0.0, 0.037427, 0.0, 0.040239, 0.0]","[1, 1, -1, -1, 1, 1]"
video_conferencing,VLC_Teams,/indian-slp/Users/ug/ZEPA/Kritik/net_data/5G_Traffic_Datasets/VLC_Teams/teams_windows_20m_02.csv,pretrain,0,0.163726,True,2,0,0,29,5,33,0.033692,"[66, 66, 1494, 546, 60, 60, 66, 66, 1494, 546, 153, 153, 60, 60, 832, 832, 1506, 1506, 1506, 1506, 60, 1506, 1506, 60, 1506, 60, 641, 1506, 60, 641, 128, 146, 146, 128, 1085, 1085, 1494, 1150, 1494, 1150, 1494, 1494, 60, 157, 60, 157, 116, 116, 60, 85, 85, 60, 60, 60, 85, 85, 60, 60, 60, 60, 355, 355, 60, 60]","[0.0, 0.0, 0.163726, 0.0, 0.0, 0.0, 0.0, 0.0, 0.0, 0.0, 0.162179, 0.0, 0.0, 0.0, 0.000766, 0.0, 0.164478, 0.0, 0.0, 0.0, 7.4e-05, 0.0, 0.0, 0.0, 0.0, 0.000211, 0.0, 0.0, 0.0, 0.0, 0.002566, 0.0, 0.0, 0.0, 0.000161, 0.0, 0.0, 0.000125, 0.0, 0.0, 0.0, 0.0, 0.165884, 0.0, 0.0, 0.0, 0.0, 0.0, 0.000157, 0.0, 0.0, 0.0, 0.000787, 0.0, 0.0, 0.0, 0.0, 0.0, 0.046114, 0.0, 0.115671, 0.0, 0.05434, 0.0]","[1, 1, 1, 1, 1, 1, -1, -1, 1, 1, -1, -1, -1, -1, 1, 1, -1, -1, -1, -1, 1, -1, -1, 1, -1, 1, -1, -1, 1, -1, 1, 1, 1, 1, 1, 1, 1, 1, 1, 1, 1, 1, -1, -1, -1, -1, -1, -1, 1, 1, 1, 1, -1, -1, -1, -1, -1, -1, 1, 1, -1, -1, 1, 1]"
video_conferencing,VLC_Teams,/indian-slp/Users/ug/ZEPA/Kritik/net_data/5G_Traffic_Datasets/VLC_Teams/teams_windows_20m_02.csv,pretrain,0,0.037777,True,0,0,0,29,5,33,0.033692,"[104, 104, 93, 93, 60, 60]","[0.0, 0.0, 0.037777, 0.0, 0.053865, 0.0]","[1, 1, -1, -1, 1, 1]"
video_conferencing,VLC_Teams,/indian-slp/Users/ug/ZEPA/Kritik/net_data/5G_Traffic_Datasets/VLC_Teams/teams_windows_20m_02.csv,pretrain,0,0.037672,True,0,0,0,29,5,33,0.033692,"[104, 104, 93, 93, 60, 60]","[0.0, 0.0, 0.037672, 0.0, 0.040772, 0.0]","[1, 1, -1, -1, 1, 1]"
video_conferencing,VLC_Teams,/indian-slp/Users/ug/ZEPA/Kritik/net_data/5G_Traffic_Datasets/VLC_Teams/teams_windows_20m_02.csv,pretrain,0,0.040096,True,0,0,0,29,5,33,0.033692,"[104, 104, 93, 93, 60, 60]","[0.0, 0.0, 0.040096, 0.0, 0.055112, 0.0]","[1, 1, -1, -1, 1, 1]"
video_conferencing,VLC_Teams,/indian-slp/Users/ug/ZEPA/Kritik/net_data/5G_Traffic_Datasets/VLC_Teams/teams_windows_20m_02.csv,pretrain,0,0.032018,True,2,0,0,29,5,33,0.033692,"[66, 66, 66, 66, 60, 60, 1494, 514, 1494, 514, 60, 60, 153, 153, 800, 800, 1506, 1506, 1506, 1506, 1506, 1506, 642, 642, 60, 60, 60, 60, 1506, 1506, 146, 146, 128, 128, 1494, 1084, 1494, 1494, 1084, 1383, 1494, 1383, 60, 60, 157, 157, 116, 116, 60, 60, 85, 85, 85, 85, 60, 60, 60, 60, 60, 60, 354, 354, 60, 60]","[0.0, 0.0, 0.032018, 0.0, 0.000221, 0.0, 0.0005, 0.0, 0.0, 0.0, 0.033285, 0.0, 0.0, 0.0, 0.000692, 0.0, 0.03869, 0.0, 0.0, 0.0, 0.000171, 0.0, 0.0, 0.0, 0.0, 0.0, 0.0, 0.0, 0.0, 0.0, 0.002391, 0.0, 0.0, 0.0, 0.000142, 0.0, 0.0, 0.0, 0.0, 0.000149, 0.0, 0.0, 0.035574, 0.0, 0.000762, 0.0, 0.0, 0.0, 0.0, 0.0, 0.000262, 0.0, 0.0, 0.0, 0.000234, 0.0, 0.000241, 0.0, 0.042266, 0.0, 0.032163, 0.0, 0.04645, 0.0]","[1, 1, -1, -1, 1, 1, 1, 1, 1, 1, -1, -1, -1, -1, 1, 1, -1, -1, -1, -1, -1, -1, -1, -1, 1, 1, 1, 1, -1, -1, 1, 1, 1, 1, 1, 1, 1, 1, 1, 1, 1, 1, -1, -1, -1, -1, -1, -1, 1, 1, 1, 1, -1, -1, -1, -1, -1, -1, 1, 1, -1, -1, 1, 1]"
video_conferencing,VLC_Teams,/indian-slp/Users/ug/ZEPA/Kritik/net_data/5G_Traffic_Datasets/VLC_Teams/teams_windows_20m_02.csv,pretrain,0,0.037891,True,0,0,0,29,5,33,0.033692,"[104, 104, 93, 93, 60, 60]","[0.0, 0.0, 0.037891, 0.0, 0.040612, 0.0]","[1, 1, -1, -1, 1, 1]"
video_conferencing,VLC_Teams,/indian-slp/Users/ug/ZEPA/Kritik/net_data/5G_Traffic_Datasets/VLC_Teams/teams_windows_20m_02.csv,pretrain,0,0.037857,True,0,0,0,29,5,33,0.033692,"[104, 104, 93, 93, 60, 60]","[0.0, 0.0, 0.037857, 0.0, 0.054871, 0.0]","[1, 1, -1, -1, 1, 1]"
video_conferencing,VLC_Teams,/indian-slp/Users/ug/ZEPA/Kritik/net_data/5G_Traffic_Datasets/VLC_Teams/teams_windows_20m_02.csv,pretrain,1,0.037747,True,0,0,0,29,5,33,0.033692,"[60, 60, 60, 60, 60, 60]","[0.0, 0.0, 0.037747, 0.0, 0.100567, 0.000106]","[1, 1, -1, -1, -1, -1]"
video_conferencing,VLC_Teams,/indian-slp/Users/ug/ZEPA/Kritik/net_data/5G_Traffic_Datasets/VLC_Teams/teams_windows_20m_02.csv,pretrain,0,0.038376,True,0,0,0,29,5,33,0.033692,"[104, 104, 93, 93, 60, 60]","[0.0, 0.0, 0.038376, 0.0, 0.053191, 0.0]","[1, 1, -1, -1, 1, 1]"
video_conferencing,VLC_Teams,/indian-slp/Users/ug/ZEPA/Kritik/net_data/5G_Traffic_Datasets/VLC_Teams/teams_windows_20m_02.csv,pretrain,0,0.037649,True,0,0,0,29,5,33,0.033692,"[104, 104, 93, 93, 60, 60]","[0.0, 0.0, 0.037649, 0.0, 0.054179, 0.0]","[1, 1, -1, -1, 1, 1]"
video_conferencing,VLC_Teams,/indian-slp/Users/ug/ZEPA/Kritik/net_data/5G_Traffic_Datasets/VLC_Teams/teams_windows_20m_02.csv,pretrain,0,0.037712,True,0,0,0,29,5,33,0.033692,"[104, 104, 93, 93, 60, 60]","[0.0, 0.0, 0.037712, 0.0, 0.040775, 0.0]","[1, 1, -1, -1, 1, 1]"
video_conferencing,VLC_Teams,/indian-slp/Users/ug/ZEPA/Kritik/net_data/5G_Traffic_Datasets/VLC_Teams/teams_windows_20m_02.csv,pretrain,0,0.039927,True,0,0,0,29,5,33,0.033692,"[153, 153, 223, 223, 60, 60]","[0.0, 0.0, 0.039927, 0.0, 0.053279, 0.0]","[1, 1, -1, -1, 1, 1]"
video_conferencing,VLC_Teams,/indian-slp/Users/ug/ZEPA/Kritik/net_data/5G_Traffic_Datasets/VLC_Teams/teams_windows_20m_02.csv,pretrain,0,0.141417,True,2,0,0,29,5,33,0.033692,"[66, 66, 60, 60, 66, 66, 276, 276, 1035, 1035, 60, 60, 1506, 1506, 212, 212, 105, 105, 92, 92, 60, 60, 123, 123, 199, 199, 141, 141, 707, 707, 60, 60, 92, 92, 60, 60, 60, 96, 60, 96, 523, 523, 60, 60]","[0.0, 0.0, 0.141417, 0.0, 0.0, 0.0, 0.0004, 0.0, 0.15542, 0.0, 0.0, 0.0, 0.0, 0.0, 0.002699, 0.0, 0.155675, 0.0, 0.00083, 0.0, 0.0, 0.0, 0.0, 0.0, 0.0, 0.0, 0.0, 0.0, 3.2e-05, 0.0, 0.154585, 0.0, 6.3e-05, 0.0, 0.000154, 0.0, 0.000152, 0.0, 0.0, 0.0, 0.001418, 0.0, 0.044425, 0.0]","[1, 1, 1, 1, -1, -1, 1, 1, -1, -1, 1, 1, -1, -1, 1, 1, -1, -1, 1, 1, 1, 1, -1, -1, 1, 1, 1, 1, 1, 1, -1, -1, -1, -1, -1, -1, 1, -1, 1, -1, -1, -1, 1, 1]"
video_conferencing,VLC_Teams,/indian-slp/Users/ug/ZEPA/Kritik/net_data/5G_Traffic_Datasets/VLC_Teams/teams_windows_20m_02.csv,pretrain,0,0.038005,True,0,0,0,29,5,33,0.033692,"[104, 104, 93, 93, 60, 60]","[0.0, 0.0, 0.038005, 0.0, 0.041741, 0.0]","[1, 1, -1, -1, 1, 1]"
video_conferencing,VLC_Teams,/indian-slp/Users/ug/ZEPA/Kritik/net_data/5G_Traffic_Datasets/VLC_Teams/teams_windows_20m_02.csv,pretrain,0,0.040652,True,0,0,0,29,5,33,0.033692,"[104, 104, 93, 93, 60, 60]","[0.0, 0.0, 0.040652, 0.0, 0.053143, 0.0]","[1, 1, -1, -1, 1, 1]"
video_conferencing,VLC_Teams,/indian-slp/Users/ug/ZEPA/Kritik/net_data/5G_Traffic_Datasets/VLC_Teams/teams_windows_20m_02.csv,pretrain,0,0.038209,True,0,0,0,29,5,33,0.033692,"[104, 104, 93, 93, 60, 60]","[0.0, 0.0, 0.038209, 0.0, 0.055494, 0.0]","[1, 1, -1, -1, 1, 1]"
video_conferencing,VLC_Teams,/indian-slp/Users/ug/ZEPA/Kritik/net_data/5G_Traffic_Datasets/VLC_Teams/teams_windows_20m_02.csv,pretrain,1,0.037887,True,0,0,0,29,5,33,0.033692,"[60, 60, 60, 60, 60, 60]","[0.0, 0.0, 0.037887, 0.0, 0.10046, 0.0]","[1, 1, -1, -1, -1, -1]"
video_conferencing,VLC_Teams,/indian-slp/Users/ug/ZEPA/Kritik/net_data/5G_Traffic_Datasets/VLC_Teams/teams_windows_20m_02.csv,pretrain,0,0.125107,True,2,0,0,29,5,33,0.033692,"[66, 66, 60, 60, 66, 66, 482, 1494, 1494, 482, 60, 60, 153, 153, 768, 768, 60, 60, 1506, 1506, 1506, 1506, 60, 1506, 1506, 60, 1506, 1506, 60, 641, 641, 60, 146, 128, 146, 128, 1085, 1494, 1085, 1172, 1494, 1494, 1172, 1494, 60, 60, 60, 60, 60, 60, 157, 157, 116, 116, 60, 60, 85, 85, 85, 85, 60, 60, 60, 60]","[0.0, 0.0, 0.125107, 0.0, 0.0, 0.0, 0.000549, 0.0, 0.0, 0.0, 0.12523, 0.0, 0.036868, 0.0, 0.000838, 0.0, 0.16555, 0.0, 0.050136, 0.0, 0.0, 0.0, 7.2e-05, 0.0, 0.0, 0.0, 0.000153, 0.0, 0.0, 0.0, 0.0, 0.0, 0.002361, 0.0, 0.0, 0.0, 0.000178, 0.0, 0.0, 0.000125, 0.0, 0.0, 0.0, 0.0, 0.124977, 0.0, 0.000502, 0.0, 0.000796, 0.0, 0.004256, 0.0, 0.018248, 0.0, 0.0, 0.0, 0.0, 0.0, 0.124748, 0.0, 0.048368, 0.0, 0.001805, 0.0]","[1, 1, 1, 1, -1, -1, 1, 1, 1, 1, -1, -1, -1, -1, 1, 1, -1, -1, -1, -1, -1, -1, 1, -1, -1, 1, -1, -1, 1, -1, -1, 1, 1, 1, 1, 1, 1, 1, 1, 1, 1, 1, 1, 1, -1, -1, -1, -1, -1, -1, -1, -1, -1, -1, 1, 1, 1, 1, -1, -1, -1, -1, 1, 1]"
video_conferencing,VLC_Teams,/indian-slp/Users/ug/ZEPA/Kritik/net_data/5G_Traffic_Datasets/VLC_Teams/teams_windows_20m_02.csv,pretrain,1,0.00997,True,0,0,0,29,5,33,0.033692,"[185, 185, 169, 169, 192, 192, 166, 166, 206, 206, 174, 174, 1262, 1262, 86, 86, 1262, 1262, 1262, 1262, 1262, 1262, 1262, 1262, 182, 182, 189, 189, 184, 184, 170, 170, 190, 190, 165, 165, 181, 181, 172, 172, 183, 183, 166, 166, 180, 180, 170, 170, 173, 173, 181, 181, 187, 187, 188, 188, 270, 270, 168, 168, 186, 186, 155, 155]","[0.0, 0.0, 0.00997, 0.0, 0.009301, 0.0, 0.009533, 0.0, 0.010699, 0.0, 0.01039, 0.0, 9.6e-05, 0.0, 0.0, 0.0, 0.0, 0.000102, 0.0, 0.0, 0.0, 0.0, 0.0, 0.000106, 0.009098, 0.0, 0.009464, 0.0, 0.010683, 0.0, 0.010119, 0.0, 0.009659, 0.0, 0.00953, 0.0, 0.011286, 0.0, 0.00991, 0.0, 0.009401, 0.0, 0.010022, 0.0, 0.010009, 0.0, 0.010661, 0.0, 0.009354, 0.0, 0.010516, 0.0, 0.00946, 0.0, 0.014702, 0.0, 0.0, 0.0, 0.005033, 0.0, 0.009655, 0.0, 0.011313, 0.0]","[1, 1, -1, -1, 1, 1, -1, -1, 1, 1, -1, -1, -1, -1, -1, -1, -1, -1, -1, -1, -1, -1, -1, -1, 1, 1, -1, -1, 1, 1, -1, -1, 1, 1, -1, -1, 1, 1, -1, -1, 1, 1, -1, -1, 1, 1, -1, -1, 1, 1, -1, -1, 1, 1, -1, -1, 1, 1, 1, 1, -1, -1, 1, 1]"
video_conferencing,VLC_Teams,/indian-slp/Users/ug/ZEPA/Kritik/net_data/5G_Traffic_Datasets/VLC_Teams/teams_windows_20m_02.csv,pretrain,1,0.01188,True,0,0,0,29,5,33,0.033692,"[119, 119, 1016, 1016, 1015, 1015, 1016, 1016, 127, 127, 804, 804, 804, 804, 119, 119, 699, 699, 699, 699, 699, 699, 699, 699, 699, 699, 699, 699, 699, 699, 698, 698, 699, 699, 715, 715, 506, 506, 506, 506, 506, 506, 506, 506, 127, 127, 506, 506, 506, 506, 506, 506, 505, 505, 506, 506, 522, 522, 119, 119, 1042, 1042, 1042, 1042]","[0.0, 0.0, 0.0, 0.0, 0.0, 0.0, 0.0, 0.0, 0.008672, 0.0, 0.0, 0.0, 0.0, 0.0, 0.01188, 0.0, 0.0, 0.0, 0.0, 0.0, 0.0, 0.0, 0.0, 0.0, 0.000119, 0.0, 0.0, 0.0, 0.0, 0.0, 0.0, 0.0, 0.0, 0.0, 8.4e-05, 0.0, 0.02166, 0.0, 0.0, 0.0, 0.0, 0.0, 0.0, 0.0, 0.0, 0.0, 0.000113, 0.0, 0.0, 0.0, 0.0, 0.0, 0.0, 0.0, 0.0, 0.0, 5.9e-05, 0.0, 0.003005, 0.0, 0.000136, 0.0, 0.0, 0.0]","[-1, -1, -1, -1, -1, -1, -1, -1, 1, 1, 1, 1, 1, 1, -1, -1, -1, -1, -1, -1, -1, -1, -1, -1, -1, -1, -1, -1, -1, -1, -1, -1, -1, -1, -1, -1, 1, 1, 1, 1, 1, 1, 1, 1, 1, 1, 1, 1, 1, 1, 1, 1, 1, 1, 1, 1, 1, 1, -1, -1, -1, -1, -1, -1]"
video_conferencing,VLC_Teams,/indian-slp/Users/ug/ZEPA/Kritik/net_data/5G_Traffic_Datasets/VLC_Teams/teams_windows_20m_02.csv,pretrain,1,0.756195,True,0,0,0,29,5,33,0.033692,"[146, 146, 146, 146, 158, 158, 146, 146, 114, 114, 158, 158, 114, 114, 158, 158, 114, 114, 146, 146, 134, 134, 158, 158, 114, 114, 158, 158, 114, 114, 134, 134, 158, 158, 114, 114, 158, 158, 114, 114, 134, 134, 158, 158, 114, 114, 146, 146, 146, 146, 158, 158, 114, 114, 146, 146, 158, 158, 114, 114, 146, 146, 146, 146]","[0.0, 0.0, 0.583852, 0.0, 0.057945, 0.0, 0.004872, 0.0, 0.109526, 0.0, 1.103761, 0.0, 0.080916, 0.0, 1.040826, 0.0, 0.074721, 0.0, 0.301515, 0.0, 0.202151, 0.0, 0.579901, 0.0, 0.029896, 0.0, 1.040384, 0.0, 0.111928, 0.0, 0.803637, 0.0, 0.305292, 0.0, 0.035664, 0.0, 1.077953, 0.0, 0.033092, 0.0, 0.728422, 0.0, 0.299676, 0.0, 0.095102, 0.0, 0.339901, 0.0, 0.064004, 0.0, 0.671371, 0.0, 0.063651, 0.0, 0.036615, 0.0, 1.022633, 0.0, 0.056943, 0.0, 0.001577, 0.0, 0.063992, 0.0]","[1, 1, 1, 1, 1, 1, 1, 1, -1, -1, 1, 1, -1, -1, 1, 1, -1, -1, 1, 1, -1, -1, 1, 1, -1, -1, 1, 1, -1, -1, -1, -1, 1, 1, -1, -1, 1, 1, -1, -1, -1, -1, 1, 1, -1, -1, 1, 1, 1, 1, 1, 1, -1, -1, 1, 1, 1, 1, -1, -1, 1, 1, 1, 1]"
video_conferencing,VLC_Teams,/indian-slp/Users/ug/ZEPA/Kritik/net_data/5G_Traffic_Datasets/VLC_Teams/teams_windows_20m_02.csv,pretrain,1,0.03477,True,0,0,0,29,5,33,0.033692,"[158, 158, 114, 114, 146, 146, 158, 158, 114, 114, 158, 158, 114, 114, 146, 146, 158, 158, 114, 114, 146, 146, 158, 158, 114, 114, 158, 158, 114, 114, 146, 146, 158, 158, 146, 146, 114, 114, 158, 158, 114, 114, 158, 158, 114, 114, 146, 146, 158, 158, 114, 114, 158, 158, 114, 114, 158, 158, 114, 114, 146, 146, 146, 146]","[0.0, 0.0, 0.03477, 0.0, 0.208523, 0.0, 0.868811, 0.0, 0.042219, 0.0, 1.022844, 0.0, 0.041858, 0.0, 0.389311, 0.0, 0.679601, 0.0, 0.056937, 0.0, 0.949354, 0.0, 0.112837, 0.0, 0.031527, 0.0, 1.03448, 0.0, 0.070988, 0.0, 0.746137, 0.0, 0.296509, 0.0, 0.033497, 0.0, 0.039748, 0.0, 1.089418, 0.0, 0.074974, 0.0, 1.044821, 0.0, 0.061303, 0.0, 0.055251, 0.0, 1.002881, 0.0, 0.046017, 0.0, 1.019583, 0.0, 0.04537, 0.0, 1.018698, 0.0, 0.035966, 0.0, 0.150696, 0.0, 0.105434, 0.0]","[1, 1, -1, -1, -1, -1, 1, 1, -1, -1, 1, 1, -1, -1, -1, -1, 1, 1, -1, -1, 1, 1, 1, 1, -1, -1, 1, 1, -1, -1, -1, -1, 1, 1, 1, 1, -1, -1, 1, 1, -1, -1, 1, 1, -1, -1, 1, 1, 1, 1, -1, -1, 1, 1, -1, -1, 1, 1, -1, -1, -1, -1, 1, 1]"
video_conferencing,VLC_Teams,/indian-slp/Users/ug/ZEPA/Kritik/net_data/5G_Traffic_Datasets/VLC_Teams/teams_windows_20m_02.csv,pretrain,0,0.047362,True,0,0,0,29,5,33,0.033692,"[97, 97, 93, 93, 60, 60, 97, 97, 93, 93, 60, 60, 97, 97, 93, 93, 60, 60, 97, 97, 93, 93, 60, 60, 97, 97, 93, 93, 60, 60, 97, 97, 93, 93, 60, 60, 97, 97, 93, 93, 60, 60, 97, 97, 93, 93, 60, 60, 97, 97, 93, 93, 60, 60, 97, 97, 93, 93, 60, 60, 97, 97, 93, 93]","[0.0, 0.0, 0.047362, 0.0, 0.045165, 0.0, 14.962954, 0.0, 0.043441, 0.0, 0.05014, 0.0, 14.953145, 0.0, 0.043644, 0.0, 0.051788, 0.0, 14.952876, 0.0, 0.045028, 0.0, 0.048857, 0.0, 14.967759, 0.0, 0.043462, 0.0, 0.051272, 0.0, 14.951128, 0.0, 0.04604, 0.0, 0.048786, 0.0, 14.967005, 0.0, 0.044245, 0.0, 0.048627, 0.0, 14.957593, 0.0, 0.044001, 0.0, 0.050807, 0.0, 14.959757, 0.0, 0.043808, 0.0, 0.049881, 0.0, 14.959904, 0.0, 0.044046, 0.0, 0.048926, 0.0, 14.96009, 0.0, 0.043633, 0.0]","[1, 1, -1, -1, 1, 1, 1, 1, -1, -1, 1, 1, 1, 1, -1, -1, 1, 1, 1, 1, -1, -1, 1, 1, 1, 1, -1, -1, 1, 1, 1, 1, -1, -1, 1, 1, 1, 1, -1, -1, 1, 1, 1, 1, -1, -1, 1, 1, 1, 1, -1, -1, 1, 1, 1, 1, -1, -1, 1, 1, 1, 1, -1, -1]"
video_conferencing,VLC_Teams,/indian-slp/Users/ug/ZEPA/Kritik/net_data/5G_Traffic_Datasets/VLC_Teams/teams_windows_20m_02.csv,pretrain,0,0.005921,True,0,4,0,29,5,33,0.033692,"[60, 60, 66, 66, 78, 78, 60, 60, 60, 60, 60, 60, 60, 60]","[0.0, 0.0, 0.005921, 0.0, 29.971968, 0.0, 0.0, 0.0, 0.000101, 0.0, 0.000303, 0.0, 0.006487, 0.0]","[1, 1, -1, -1, -1, -1, -1, -1, 1, 1, 1, 1, -1, -1]"
video_conferencing,VLC_Teams,/indian-slp/Users/ug/ZEPA/Kritik/net_data/5G_Traffic_Datasets/VLC_Teams/teams_windows_20m_02.csv,pretrain,0,0.04059,True,0,4,0,29,5,33,0.033692,"[100, 100, 85, 85, 60, 60, 60, 60, 60, 60]","[0.0, 0.0, 0.0, 0.0, 0.0, 0.0, 0.000152, 0.0, 0.040438, 0.0]","[-1, -1, -1, -1, 1, 1, 1, 1, -1, -1]"
video_conferencing,VLC_Teams,/indian-slp/Users/ug/ZEPA/Kritik/net_data/5G_Traffic_Datasets/VLC_Teams/teams_windows_20m_02.csv,pretrain,1,0.0579,True,0,0,0,29,5,33,0.033692,"[264, 264, 228, 228, 264, 264, 228, 228, 264, 264, 228, 228, 264, 264, 228, 228, 264, 264, 228, 228, 264, 264, 228, 228, 264, 264, 228, 228, 264, 264, 228, 228, 264, 264, 228, 228, 264, 264, 228, 228, 264, 264, 228, 228, 264, 264, 228, 228, 264, 264, 228, 228, 264, 264, 228, 228, 264, 264, 228, 228, 264, 264, 228, 228]","[0.0, 0.0, 0.0579, 0.0, 20.224109, 0.0, 0.057703, 0.0, 20.179384, 0.0, 0.058215, 0.0, 20.204618, 0.0, 0.058028, 0.0, 20.217732, 0.0, 0.058971, 0.0, 20.177111, 0.0, 0.057962, 0.0, 20.21883, 0.0, 0.05813, 0.0, 20.205823, 0.0, 0.058831, 0.0, 20.231964, 0.0, 0.057776, 0.0, 20.215132, 0.0, 0.057802, 0.0, 20.196495, 0.0, 0.058513, 0.0, 20.200986, 0.0, 0.057792, 0.0, 20.191301, 0.0, 0.058096, 0.0, 20.200741, 0.0, 0.058607, 0.0, 20.212554, 0.0, 0.057652, 0.0, 20.217656, 0.0, 0.057689, 0.0]","[1, 1, -1, -1, 1, 1, -1, -1, 1, 1, -1, -1, 1, 1, -1, -1, 1, 1, -1, -1, 1, 1, -1, -1, 1, 1, -1, -1, 1, 1, -1, -1, 1, 1, -1, -1, 1, 1, -1, -1, 1, 1, -1, -1, 1, 1, -1, -1, 1, 1, -1, -1, 1, 1, -1, -1, 1, 1, -1, -1, 1, 1, -1, -1]"
video_conferencing,VLC_Teams,/indian-slp/Users/ug/ZEPA/Kritik/net_data/5G_Traffic_Datasets/VLC_Teams/teams_windows_20m_02.csv,pretrain,1,0.062051,True,0,0,0,29,5,33,0.033692,"[264, 264, 228, 228, 264, 264, 228, 228, 264, 264, 228, 228, 264, 264, 228, 228, 264, 264, 228, 228, 264, 264, 228, 228, 264, 264, 228, 228, 264, 264, 228, 228, 264, 264, 228, 228, 264, 264, 228, 228, 264, 264, 228, 228, 264, 264, 228, 228, 264, 264, 228, 228, 264, 264, 228, 228, 264, 264, 228, 228, 264, 264, 228, 228]","[0.0, 0.0, 0.062051, 0.0, 20.219958, 0.0, 0.061784, 0.0, 20.175303, 0.0, 0.062304, 0.0, 20.200351, 0.0, 0.061748, 0.0, 20.21419, 0.0, 0.061719, 0.0, 20.174363, 0.0, 0.061899, 0.0, 20.214893, 0.0, 0.061722, 0.0, 20.202231, 0.0, 0.062888, 0.0, 20.227907, 0.0, 0.062017, 0.0, 20.210891, 0.0, 0.062022, 0.0, 20.192275, 0.0, 0.062061, 0.0, 20.197438, 0.0, 0.061988, 0.0, 20.187105, 0.0, 0.061727, 0.0, 20.19711, 0.0, 0.06313, 0.0, 20.208031, 0.0, 0.061716, 0.0, 20.213592, 0.0, 0.062447, 0.0]","[1, 1, -1, -1, 1, 1, -1, -1, 1, 1, -1, -1, 1, 1, -1, -1, 1, 1, -1, -1, 1, 1, -1, -1, 1, 1, -1, -1, 1, 1, -1, -1, 1, 1, -1, -1, 1, 1, -1, -1, 1, 1, -1, -1, 1, 1, -1, -1, 1, 1, -1, -1, 1, 1, -1, -1, 1, 1, -1, -1, 1, 1, -1, -1]"
video_conferencing,VLC_Teams,/indian-slp/Users/ug/ZEPA/Kritik/net_data/5G_Traffic_Datasets/VLC_Teams/teams_windows_20m_02.csv,pretrain,1,0.061303,True,0,0,0,29,5,33,0.033692,"[264, 264, 228, 228, 264, 264, 228, 228, 264, 264, 228, 228, 264, 264, 228, 228, 264, 264, 228, 228, 264, 264, 228, 228, 264, 264, 228, 228, 264, 264, 228, 228, 264, 264, 228, 228, 264, 264, 228, 228, 264, 264, 228, 228, 264, 264, 228, 228, 264, 264, 228, 228, 264, 264, 228, 228, 264, 264, 228, 228, 264, 264, 228, 228]","[0.0, 0.0, 0.061303, 0.0, 20.220996, 0.0, 0.061496, 0.0, 20.176234, 0.0, 0.060459, 0.0, 20.202667, 0.0, 0.060336, 0.0, 20.213308, 0.0, 0.065636, 0.0, 20.173237, 0.0, 0.060331, 0.0, 20.216029, 0.0, 0.060324, 0.0, 20.202354, 0.0, 0.060016, 0.0, 20.231493, 0.0, 0.060243, 0.0, 20.212928, 0.0, 0.060466, 0.0, 20.194219, 0.0, 0.060905, 0.0, 20.194369, 0.0, 0.060531, 0.0, 20.192501, 0.0, 0.059985, 0.0, 20.194634, 0.0, 0.060482, 0.0, 20.211144, 0.0, 0.059957, 0.0, 20.216328, 0.0, 0.061316, 0.0]","[1, 1, -1, -1, 1, 1, -1, -1, 1, 1, -1, -1, 1, 1, -1, -1, 1, 1, -1, -1, 1, 1, -1, -1, 1, 1, -1, -1, 1, 1, -1, -1, 1, 1, -1, -1, 1, 1, -1, -1, 1, 1, -1, -1, 1, 1, -1, -1, 1, 1, -1, -1, 1, 1, -1, -1, 1, 1, -1, -1, 1, 1, -1, -1]"
video_conferencing,VLC_Teams,/indian-slp/Users/ug/ZEPA/Kritik/net_data/5G_Traffic_Datasets/VLC_Teams/teams_windows_20m_02.csv,pretrain,1,0.060446,True,0,0,0,29,5,33,0.033692,"[264, 264, 228, 228, 264, 264, 228, 228, 264, 264, 228, 228, 264, 264, 228, 228, 264, 264, 228, 228, 264, 264, 228, 228, 264, 264, 228, 228, 264, 264, 228, 228, 264, 264, 228, 228, 264, 264, 228, 228, 264, 264, 228, 228, 264, 264, 228, 228, 264, 264, 228, 228, 264, 264, 228, 228, 264, 264, 228, 228, 264, 264, 228, 228]","[0.0, 0.0, 0.060446, 0.0, 20.222309, 0.0, 0.060354, 0.0, 20.178604, 0.0, 0.060342, 0.0, 20.202497, 0.0, 0.060878, 0.0, 20.212011, 0.0, 0.060136, 0.0, 20.231733, 0.0, 0.060206, 0.0, 20.217853, 0.0, 0.06082, 0.0, 20.198243, 0.0, 0.060388, 0.0, 20.233312, 0.0, 0.060474, 0.0, 20.210339, 0.0, 0.062128, 0.0, 20.19587, 0.0, 0.060395, 0.0, 20.196314, 0.0, 0.060521, 0.0, 20.190515, 0.0, 0.060554, 0.0, 20.193909, 0.0, 0.06064, 0.0, 20.213823, 0.0, 0.060384, 0.0, 20.212614, 0.0, 0.060485, 0.0]","[1, 1, -1, -1, 1, 1, -1, -1, 1, 1, -1, -1, 1, 1, -1, -1, 1, 1, -1, -1, 1, 1, -1, -1, 1, 1, -1, -1, 1, 1, -1, -1, 1, 1, -1, -1, 1, 1, -1, -1, 1, 1, -1, -1, 1, 1, -1, -1, 1, 1, -1, -1, 1, 1, -1, -1, 1, 1, -1, -1, 1, 1, -1, -1]"
video_conferencing,VLC_Teams,/indian-slp/Users/ug/ZEPA/Kritik/net_data/5G_Traffic_Datasets/VLC_Teams/teams_windows_20m_02.csv,pretrain,0,0.0,False,0,0,0,29,5,33,0.033692,"[990, 990, 60, 60, 819, 819, 60, 60, 85, 85, 60, 60, 990, 990, 60, 60, 819, 819, 85, 60, 85, 60, 60, 60, 990, 990, 60, 60, 819, 819, 60, 60, 85, 85, 60, 60, 990, 990, 60, 60, 819, 819, 60, 60, 85, 85, 60, 60, 990, 990, 60, 60, 819, 819, 60, 85, 60, 85, 60, 60, 990, 990, 60, 60]","[0.0, 0.0, 0.051291, 0.0, 20.049486, 0.0, 0.037246, 0.0, 0.0, 0.0, 0.037393, 0.0, 20.015177, 0.0, 0.053955, 0.0, 20.044752, 0.0, 0.03728, 0.0, 0.0, 0.0, 0.036947, 0.0, 20.014166, 0.0, 0.039801, 0.0, 20.059268, 0.0, 0.037047, 0.0, 0.000216, 0.0, 0.037395, 0.0, 20.014743, 0.0, 0.050973, 0.0, 20.049242, 0.0, 0.037405, 0.0, 0.0002, 0.0, 0.037855, 0.0, 20.011781, 0.0, 0.04234, 0.0, 20.056541, 0.0, 0.037352, 0.0, 0.0, 0.0, 0.037385, 0.0, 20.014973, 0.0, 0.05348, 0.0]","[-1, -1, 1, 1, 1, 1, -1, -1, 1, 1, -1, -1, -1, -1, 1, 1, 1, 1, 1, -1, 1, -1, -1, -1, -1, -1, 1, 1, 1, 1, -1, -1, 1, 1, -1, -1, -1, -1, 1, 1, 1, 1, -1, -1, 1, 1, -1, -1, -1, -1, 1, 1, 1, 1, -1, 1, -1, 1, -1, -1, -1, -1, 1, 1]"
video_conferencing,VLC_Teams,/indian-slp/Users/ug/ZEPA/Kritik/net_data/5G_Traffic_Datasets/VLC_Teams/teams_windows_20m_02.csv,pretrain,0,0.04161,True,0,0,0,29,5,33,0.033692,"[819, 819, 60, 60, 85, 85, 60, 60, 990, 990, 60, 60, 819, 819, 60, 60, 85, 85, 60, 60, 990, 990, 60, 60, 819, 819, 60, 60, 85, 85, 60, 60, 990, 990, 60, 60, 819, 819, 60, 60, 85, 85, 60, 60, 990, 990, 60, 60, 819, 819, 60, 60, 85, 85, 60, 60, 990, 990, 60, 60, 819, 819, 85, 85]","[0.0, 0.0, 0.04161, 0.0, 0.0, 0.0, 0.041473, 0.0, 20.01709, 0.0, 0.052465, 0.0, 20.03788, 0.0, 0.041408, 0.0, 0.000119, 0.0, 0.04157, 0.0, 20.014689, 0.0, 0.048549, 0.0, 20.040773, 0.0, 0.041367, 0.0, 0.000156, 0.0, 0.042044, 0.0, 20.014436, 0.0, 0.053993, 0.0, 20.036452, 0.0, 0.04122, 0.0, 0.0, 0.0, 0.041456, 0.0, 20.01652, 0.0, 0.05198, 0.0, 20.036257, 0.0, 0.041262, 0.0, 0.000235, 0.0, 0.041308, 0.0, 20.015146, 0.0, 0.047457, 0.0, 20.043346, 0.0, 0.041232, 0.0]","[1, 1, -1, -1, 1, 1, -1, -1, -1, -1, 1, 1, 1, 1, -1, -1, 1, 1, -1, -1, -1, -1, 1, 1, 1, 1, -1, -1, 1, 1, -1, -1, -1, -1, 1, 1, 1, 1, -1, -1, 1, 1, -1, -1, -1, -1, 1, 1, 1, 1, -1, -1, 1, 1, -1, -1, -1, -1, 1, 1, 1, 1, 1, 1]"
video_conferencing,VLC_Teams,/indian-slp/Users/ug/ZEPA/Kritik/net_data/5G_Traffic_Datasets/VLC_Teams/teams_windows_20m_02.csv,pretrain,0,0.000385,True,0,2,0,29,5,33,0.033692,"[118, 60, 60, 60, 60, 85, 85, 118, 60, 60, 60, 60]","[0.0, 0.0, 0.0, 0.0, 0.0, 0.0, 0.0, 0.0, 0.000385, 0.0, 0.0, 0.0]","[-1, 1, 1, 1, 1, -1, -1, -1, -1, -1, 1, 1]"
video_conferencing,VLC_Teams,/indian-slp/Users/ug/ZEPA/Kritik/net_data/5G_Traffic_Datasets/VLC_Teams/teams_windows_20m_02.csv,pretrain,0,0.148819,True,0,4,0,29,5,33,0.033692,"[60, 60, 60, 60, 60, 60]","[0.0, 0.0, 0.148819, 0.0, 0.0, 0.0]","[1, 1, 1, -1, -1, 1]"
video_conferencing,VLC_Teams,/indian-slp/Users/ug/ZEPA/Kritik/net_data/5G_Traffic_Datasets/VLC_Teams/teams_windows_20m_02.csv,pretrain,0,0.037908,True,2,2,2,29,5,33,0.033692,"[66, 66, 259, 259, 60, 60, 66, 66, 60, 60, 1506, 1506, 1506, 1506, 947, 947, 60, 60, 180, 180, 60, 60, 312, 312, 175, 141, 175, 141, 60, 60, 92, 206, 206, 92, 92, 92, 122, 122, 60, 60, 60, 60, 92, 92, 60, 60]","[0.0, 0.0, 0.037908, 0.0, 0.0, 0.0, 0.0, 0.0, 0.039367, 0.0, 0.002783, 0.0, 0.0, 0.0, 0.000165, 0.0, 0.0, 0.0, 0.002073, 0.0, 0.04164, 0.0, 0.000388, 0.0, 0.000533, 0.0, 0.0, 0.0, 0.041676, 0.0, 0.000832, 0.0, 0.0, 0.0, 0.0, 0.0, 0.0, 0.0, 0.000218, 0.0, 0.0, 0.0, 0.000315, 0.0, 0.0, 0.0]","[1, 1, 1, 1, 1, 1, -1, -1, -1, -1, -1, -1, -1, -1, -1, -1, 1, 1, 1, 1, -1, -1, -1, -1, 1, 1, 1, 1, -1, -1, 1, -1, -1, -1, -1, 1, -1, -1, 1, 1, 1, 1, -1, -1, 1, 1]"
video_conferencing,VLC_Teams,/indian-slp/Users/ug/ZEPA/Kritik/net_data/5G_Traffic_Datasets/VLC_Teams/teams_windows_20m_02.csv,pretrain,0,0.161994,True,0,4,0,29,5,33,0.033692,"[60, 60, 60, 60, 60, 60]","[0.0, 0.0, 0.161994, 0.0, 0.0, 0.0]","[1, 1, -1, 1, 1, -1]"
video_conferencing,VLC_Teams,/indian-slp/Users/ug/ZEPA/Kritik/net_data/5G_Traffic_Datasets/VLC_Teams/teams_windows_20m_02.csv,pretrain,0,0.046835,True,2,4,0,29,5,33,0.033692,"[66, 66, 66, 66, 60, 60, 266, 266, 1506, 1506, 60, 60, 1246, 1246, 1506, 1506, 60, 60, 60, 60, 907, 907, 147, 147, 344, 123, 344, 123, 60, 60, 605, 605, 92, 92, 141, 141, 214, 214, 60, 60, 105, 105, 60, 60, 588, 588, 60, 60, 60, 60, 60, 60]","[0.0, 0.0, 0.046835, 0.0, 0.000115, 0.0, 0.000563, 0.0, 0.046651, 0.0, 0.0, 0.0, 0.000143, 0.0, 0.0, 0.0, 0.00016, 0.0, 0.000293, 0.0, 0.0, 0.0, 0.0016, 0.0, 0.046881, 0.0, 0.0, 0.0, 0.0, 0.0, 0.005163, 0.0, 0.0, 0.0, 0.0, 0.0, 0.0, 0.0, 0.047794, 0.0, 0.000378, 0.0, 0.018901, 0.0, 0.0, 0.0, 0.000776, 0.0, 0.047097, 0.0, 0.0, 0.0]","[1, 1, -1, -1, 1, 1, 1, 1, -1, -1, -1, -1, -1, -1, -1, -1, 1, 1, 1, 1, -1, -1, 1, 1, -1, -1, -1, -1, 1, 1, 1, 1, 1, 1, 1, 1, 1, 1, -1, -1, -1, -1, 1, 1, -1, -1, 1, 1, -1, -1, 1, 1]"
video_conferencing,VLC_Teams,/indian-slp/Users/ug/ZEPA/Kritik/net_data/5G_Traffic_Datasets/VLC_Teams/teams_windows_20m_02.csv,pretrain,0,0.095496,True,2,0,2,29,5,33,0.033692,"[66, 66, 66, 66, 213, 213, 60, 60, 60, 60, 292, 292, 60, 60, 60, 60, 60, 60]","[0.0, 0.0, 0.095496, 0.0, 0.000196, 0.0, 0.0, 0.0, 0.095826, 0.0, 0.000311, 0.0, 0.0, 0.0, 0.000125, 0.0, 0.000134, 0.0]","[1, 1, -1, -1, 1, 1, 1, 1, -1, -1, -1, -1, -1, -1, 1, 1, 1, 1]"
video_conferencing,VLC_Teams,/indian-slp/Users/ug/ZEPA/Kritik/net_data/5G_Traffic_Datasets/VLC_Teams/teams_windows_20m_02.csv,pretrain,0,0.162872,True,0,0,2,29,5,33,0.033692,"[60, 60, 66, 66, 93, 194, 1494, 93, 194, 1383, 1383, 1494, 1494, 1494, 1494, 1494, 1494, 1494, 1494, 1494, 1494, 1494, 1494, 1494, 1494, 1494, 60, 60]","[0.0, 0.0, 0.162872, 0.0, 18.119245, 0.0, 0.0, 0.0, 0.0, 0.000157, 0.0, 0.0, 0.0, 0.0, 0.309971, 0.0, 0.312901, 0.0, 0.611881, 0.0, 1.207027, 0.0, 2.405975, 0.0, 4.815241, 0.0, 6.679054, 0.0]","[1, 1, -1, -1, 1, 1, 1, 1, 1, 1, 1, 1, 1, 1, 1, 1, 1, 1, 1, 1, 1, 1, 1, 1, 1, 1, -1, -1]"
video_conferencing,VLC_Teams,/indian-slp/Users/ug/ZEPA/Kritik/net_data/5G_Traffic_Datasets/VLC_Teams/teams_windows_20m_02.csv,pretrain,0,0.0396,True,2,4,2,29,5,33,0.033692,"[66, 66, 66, 66, 60, 60, 270, 270, 1506, 1506, 1506, 1506, 60, 60, 908, 908, 212, 212, 123, 123, 105, 105, 60, 60, 1494, 92, 141, 141, 1494, 684, 684, 92, 92, 92, 60, 60, 60, 60, 456, 456, 60, 60, 60, 60, 60, 60, 96, 96]","[0.0, 0.0, 0.0396, 0.0, 0.00026, 0.0, 0.000752, 0.0, 0.039893, 0.0, 0.0, 0.0, 0.000141, 0.0, 0.0, 0.0, 0.002821, 0.0, 0.039914, 0.0, 0.0, 0.0, 4.5e-05, 0.0, 0.00589, 0.0, 0.0, 0.0, 0.0, 0.0, 0.0, 0.0, 0.038881, 0.0, 0.000717, 0.0, 0.046102, 0.0, 0.039691, 0.0, 0.001371, 0.0, 0.039048, 0.0, 0.0, 0.0, 0.0, 0.0]","[1, 1, -1, -1, 1, 1, 1, 1, -1, -1, -1, -1, 1, 1, -1, -1, 1, 1, -1, -1, -1, -1, 1, 1, 1, 1, 1, 1, 1, 1, 1, 1, -1, -1, -1, -1, 1, 1, -1, -1, 1, 1, -1, -1, 1, 1, -1, -1]"
video_conferencing,VLC_Teams,/indian-slp/Users/ug/ZEPA/Kritik/net_data/5G_Traffic_Datasets/VLC_Teams/teams_windows_20m_02.csv,pretrain,0,0.030463,True,2,2,2,29,5,33,0.033692,"[66, 66, 66, 66, 60, 60, 259, 259, 60, 60, 1506, 1506, 1506, 1506, 60, 950, 60, 950, 180, 180, 60, 60, 312, 312, 141, 141, 175, 175, 122, 92, 122, 92, 60, 60, 92, 92, 206, 206, 60, 60, 92, 92, 60, 60, 85, 85]","[0.0, 0.0, 0.030463, 0.0, 0.000291, 0.0, 0.000213, 0.0, 0.038258, 0.0, 0.002399, 0.0, 0.0, 0.0, 0.000123, 0.0, 0.0, 0.0, 0.001264, 0.0, 0.037407, 0.0, 0.000496, 0.0, 0.000505, 0.0, 0.0, 0.0, 0.044073, 0.0, 0.0, 0.0, 0.000157, 0.0, 0.0, 0.0, 0.001197, 0.0, 0.000385, 0.0, 0.001321, 0.0, 0.0, 0.0, 0.035337, 0.0]","[1, 1, -1, -1, 1, 1, 1, 1, -1, -1, -1, -1, -1, -1, 1, -1, 1, -1, 1, 1, -1, -1, -1, -1, 1, 1, 1, 1, -1, -1, -1, -1, 1, 1, 1, 1, -1, -1, 1, 1, -1, -1, 1, 1, -1, -1]"
video_conferencing,VLC_Teams,/indian-slp/Users/ug/ZEPA/Kritik/net_data/5G_Traffic_Datasets/VLC_Teams/teams_windows_20m_02.csv,pretrain,0,0.12834,True,2,0,0,29,5,33,0.033692,"[66, 66, 66, 66, 60, 60, 268, 268, 1506, 1506, 1506, 1506, 1385, 1385, 60, 60, 212, 212, 105, 105, 123, 60, 123, 60, 717, 717, 92, 92, 141, 1494, 141, 1091, 1494, 1091, 60, 60, 60, 60, 60, 60, 92, 92, 60, 60, 341, 341, 133, 133, 1236, 1236, 60, 60, 162, 162, 133, 133, 1480, 1480, 60, 60, 162, 162, 1494, 1494]","[0.0, 0.0, 0.12834, 0.0, 0.000218, 0.0, 0.001395, 0.0, 0.129102, 0.0, 0.0, 0.0, 0.000107, 0.0, 0.000187, 0.0, 0.002298, 0.0, 0.130742, 0.0, 0.0, 0.0, 0.0, 0.0, 0.002052, 0.0, 0.0, 0.0, 0.0, 0.0, 0.0, 0.000114, 0.0, 0.0, 0.129159, 0.0, 0.000342, 0.0, 0.04172, 0.0, 0.100286, 0.0, 0.053212, 0.0, 0.129197, 0.0, 0.003768, 0.0, 0.000145, 0.0, 0.131538, 0.0, 0.002059, 0.0, 0.003764, 0.0, 0.0, 0.0, 0.129754, 0.0, 0.004107, 0.0, 0.003879, 0.0]","[1, 1, -1, -1, 1, 1, 1, 1, -1, -1, -1, -1, -1, -1, 1, 1, 1, 1, -1, -1, -1, 1, -1, 1, 1, 1, 1, 1, 1, 1, 1, 1, 1, 1, -1, -1, -1, -1, -1, -1, -1, -1, 1, 1, -1, -1, 1, 1, 1, 1, -1, -1, -1, -1, 1, 1, 1, 1, -1, -1, -1, -1, 1, 1]"
video_conferencing,VLC_Teams,/indian-slp/Users/ug/ZEPA/Kritik/net_data/5G_Traffic_Datasets/VLC_Teams/teams_windows_20m_02.csv,pretrain,0,0.137419,True,2,4,2,29,5,33,0.033692,"[66, 66, 66, 66, 60, 60, 268, 268, 1506, 1506, 1506, 1506, 1385, 1385, 60, 60, 212, 212, 60, 105, 60, 123, 123, 105, 141, 92, 92, 769, 769, 141, 847, 847, 60, 60, 92, 60, 92, 60, 60, 60, 341, 341, 60, 60, 96, 60, 60, 96, 60, 60]","[0.0, 0.0, 0.137419, 0.0, 0.000137, 0.0, 0.000375, 0.0, 0.127212, 0.0, 0.0, 0.0, 0.000133, 0.0, 0.000173, 0.0, 0.002402, 0.0, 0.125766, 0.0, 0.0, 0.0, 0.0, 0.0, 0.000516, 0.0, 0.0, 0.0, 0.0, 0.0, 0.000185, 0.0, 0.12726, 0.0, 0.0, 0.0, 0.0, 0.0, 0.043555, 0.0, 0.126061, 0.0, 0.003861, 0.0, 0.124688, 0.0, 0.0, 0.0, 0.000193, 0.0]","[1, 1, -1, -1, 1, 1, 1, 1, -1, -1, -1, -1, -1, -1, 1, 1, 1, 1, 1, -1, 1, -1, -1, -1, 1, 1, 1, 1, 1, 1, 1, 1, -1, -1, -1, -1, -1, -1, 1, 1, -1, -1, 1, 1, -1, -1, -1, -1, 1, 1]"
video_conferencing,VLC_Teams,/indian-slp/Users/ug/ZEPA/Kritik/net_data/5G_Traffic_Datasets/VLC_Teams/teams_windows_20m_02.csv,pretrain,0,0.157796,True,2,0,0,29,5,33,0.033692,"[66, 66, 66, 66, 60, 60, 276, 276, 1506, 1034, 1034, 1506, 60, 60, 212, 212, 123, 105, 123, 105, 60, 60, 194, 141, 141, 92, 92, 194, 754, 754, 60, 92, 60, 92, 96, 96, 60, 60, 523, 523, 60, 60]","[0.0, 0.0, 0.157796, 0.0, 0.000149, 0.0, 0.000306, 0.0, 0.156736, 0.0, 0.0, 0.0, 0.00015, 0.0, 0.002421, 0.0, 0.157831, 0.0, 0.0, 0.0, 0.000143, 0.0, 0.000504, 0.0, 0.0, 0.0, 0.0, 0.0, 0.000146, 0.0, 0.156555, 0.0, 0.0, 0.0, 0.000367, 0.0, 0.000152, 0.0, 0.000889, 0.0, 0.040331, 0.0]","[1, 1, -1, -1, 1, 1, 1, 1, -1, -1, -1, -1, 1, 1, 1, 1, -1, -1, -1, -1, 1, 1, 1, 1, 1, 1, 1, 1, 1, 1, -1, -1, -1, -1, -1, -1, 1, 1, -1, -1, 1, 1]"
video_conferencing,VLC_Teams,/indian-slp/Users/ug/ZEPA/Kritik/net_data/5G_Traffic_Datasets/VLC_Teams/teams_windows_20m_02.csv,pretrain,0,0.038116,True,0,0,0,29,5,33,0.033692,"[104, 104, 93, 93, 60, 60]","[0.0, 0.0, 0.038116, 0.0, 0.055544, 0.0]","[1, 1, -1, -1, 1, 1]"
video_conferencing,VLC_Teams,/indian-slp/Users/ug/ZEPA/Kritik/net_data/5G_Traffic_Datasets/VLC_Teams/teams_windows_20m_02.csv,pretrain,1,0.037787,True,0,0,0,29,5,33,0.033692,"[60, 60, 60, 60, 60, 60]","[0.0, 0.0, 0.037787, 0.0, 0.101872, 0.0]","[1, 1, -1, -1, -1, -1]"
video_conferencing,VLC_Teams,/indian-slp/Users/ug/ZEPA/Kritik/net_data/5G_Traffic_Datasets/VLC_Teams/teams_windows_20m_02.csv,pretrain,0,0.162968,True,2,0,0,29,5,33,0.033692,"[66, 66, 66, 66, 60, 60, 285, 285, 1506, 1506, 1506, 1506, 60, 1506, 60, 1506, 60, 554, 1506, 60, 554, 60, 1506, 60, 212, 212, 105, 105, 60, 60, 989, 1494, 989, 297, 1494, 297, 60, 60, 509, 60, 60, 509]","[0.0, 0.0, 0.162968, 0.0, 0.000225, 0.0, 0.000134, 0.0, 0.191207, 0.0, 0.000107, 0.0, 0.0, 0.0, 0.0, 0.0, 0.000146, 0.0, 0.0, 0.0, 0.0, 0.0, 0.0, 0.0, 0.004493, 0.0, 0.167695, 0.0, 0.00015, 0.0, 0.000417, 0.0, 0.0, 0.0, 0.000132, 0.0, 0.162253, 0.0, 0.005131, 0.0, 0.0, 0.0]","[1, 1, -1, -1, 1, 1, 1, 1, -1, -1, -1, -1, 1, -1, 1, -1, 1, -1, -1, 1, -1, 1, -1, 1, 1, 1, -1, -1, 1, 1, 1, 1, 1, 1, 1, 1, -1, -1, -1, 1, 1, -1]"
video_conferencing,VLC_Teams,/indian-slp/Users/ug/ZEPA/Kritik/net_data/5G_Traffic_Datasets/VLC_Teams/teams_windows_20m_02.csv,pretrain,0,0.006393,True,2,4,2,29,5,33,0.033692,"[66, 66, 66, 66, 60, 60, 259, 259, 60, 60, 1506, 1506, 947, 1506, 947, 60, 1506, 60, 180, 180, 60, 60, 312, 312, 175, 175, 141, 141, 60, 60, 92, 92, 122, 92, 92, 122, 206, 60, 60, 206, 92, 92, 60, 60, 85, 60, 85, 60, 60, 60]","[0.0, 0.0, 0.006393, 0.0, 0.00019, 0.0, 0.000247, 0.0, 0.014591, 0.0, 0.000144, 0.0, 0.000109, 0.0, 0.0, 0.0, 0.0, 0.0, 0.001216, 0.0, 0.013585, 0.0, 0.000226, 0.0, 0.00049, 0.0, 0.0, 0.0, 0.014182, 0.0, 0.000414, 0.0, 0.0, 0.0, 0.0, 0.0, 0.000158, 0.0, 0.0, 0.0, 0.000148, 0.0, 0.0, 0.0, 0.013339, 0.0, 0.0, 0.0, 0.000257, 0.0]","[1, 1, -1, -1, 1, 1, 1, 1, -1, -1, -1, -1, -1, -1, -1, 1, -1, 1, 1, 1, -1, -1, -1, -1, 1, 1, 1, 1, -1, -1, 1, 1, -1, -1, -1, -1, -1, 1, 1, -1, -1, -1, 1, 1, -1, 1, -1, 1, -1, -1]"
video_conferencing,VLC_Teams,/indian-slp/Users/ug/ZEPA/Kritik/net_data/5G_Traffic_Datasets/VLC_Teams/teams_windows_20m_03.csv,pretrain,0,0.010817,True,0,0,0,33,5,44,0.047472,"[264, 264, 93, 93, 60, 60, 93, 93, 89, 89, 266, 266, 60, 60, 262, 262, 60, 60, 89, 89, 60, 60]","[0.0, 0.0, 0.0, 0.0, 0.010817, 0.0, 0.0, 0.0, 0.030433, 0.0, 0.009593, 0.0, 0.047182, 0.0, 8.893007, 0.0, 0.010012, 0.0, 0.016269, 0.0, 0.009829, 0.0]","[1, 1, 1, 1, -1, -1, -1, -1, 1, 1, -1, -1, 1, 1, 1, 1, -1, -1, 1, 1, -1, -1]"
video_conferencing,VLC_Teams,/indian-slp/Users/ug/ZEPA/Kritik/net_data/5G_Traffic_Datasets/VLC_Teams/teams_windows_20m_03.csv,pretrain,0,0.038419,True,0,0,0,33,5,44,0.047472,"[104, 104, 93, 93, 60, 60]","[0.0, 0.0, 0.038419, 0.0, 0.053812, 0.0]","[1, 1, -1, -1, 1, 1]"
video_conferencing,VLC_Teams,/indian-slp/Users/ug/ZEPA/Kritik/net_data/5G_Traffic_Datasets/VLC_Teams/teams_windows_20m_03.csv,pretrain,0,0.124578,True,0,0,0,33,5,44,0.047472,"[1494, 93, 1494, 1494, 358, 358, 93, 1494, 944, 1494, 1494, 1494, 1494, 944, 60, 60, 60, 60, 60, 60, 93, 93, 60, 60, 152, 152, 89, 89, 60, 60]","[0.0, 0.0, 0.0, 0.0, 0.0, 0.0, 0.0, 0.0, 6.4e-05, 0.0, 0.0, 0.0, 0.0, 0.0, 0.124514, 0.0, 0.0, 0.0, 0.0, 0.0, 0.000386, 0.0, 0.042653, 0.0, 0.120701, 0.0, 0.000622, 0.0, 0.168371, 0.0]","[1, 1, 1, 1, 1, 1, 1, 1, 1, 1, 1, 1, 1, 1, -1, -1, -1, -1, -1, -1, -1, -1, 1, 1, -1, -1, 1, 1, -1, -1]"
video_conferencing,VLC_Teams,/indian-slp/Users/ug/ZEPA/Kritik/net_data/5G_Traffic_Datasets/VLC_Teams/teams_windows_20m_03.csv,pretrain,0,0.037627,True,0,0,0,33,5,44,0.047472,"[104, 104, 93, 93, 60, 60]","[0.0, 0.0, 0.037627, 0.0, 0.040924, 0.0]","[1, 1, -1, -1, 1, 1]"
video_conferencing,VLC_Teams,/indian-slp/Users/ug/ZEPA/Kritik/net_data/5G_Traffic_Datasets/VLC_Teams/teams_windows_20m_03.csv,pretrain,0,0.037904,True,0,0,0,33,5,44,0.047472,"[104, 104, 93, 93, 60, 60]","[0.0, 0.0, 0.037904, 0.0, 0.054249, 0.0]","[1, 1, -1, -1, 1, 1]"
video_conferencing,VLC_Teams,/indian-slp/Users/ug/ZEPA/Kritik/net_data/5G_Traffic_Datasets/VLC_Teams/teams_windows_20m_03.csv,pretrain,0,0.009255,True,0,0,0,33,5,44,0.047472,"[60, 60, 66, 66, 93, 262, 93, 262, 89, 89, 60, 93, 93, 60, 60, 60, 60, 60, 60, 60, 262, 262, 89, 89, 60, 60, 60, 60]","[0.0, 0.0, 0.009255, 0.0, 0.060271, 0.0, 0.0, 0.0, 0.006801, 0.0, 0.002932, 0.0, 0.0, 0.0, 0.0, 0.0, 0.007524, 0.0, 0.039995, 0.0, 5.169543, 0.0, 0.00751, 0.0, 0.002876, 0.0, 0.006541, 0.0]","[1, 1, -1, -1, 1, 1, 1, 1, 1, 1, -1, -1, -1, -1, -1, -1, -1, -1, 1, 1, 1, 1, 1, 1, -1, -1, -1, -1]"
video_conferencing,VLC_Teams,/indian-slp/Users/ug/ZEPA/Kritik/net_data/5G_Traffic_Datasets/VLC_Teams/teams_windows_20m_03.csv,pretrain,0,0.037673,True,0,0,0,33,5,44,0.047472,"[104, 104, 93, 93, 60, 60]","[0.0, 0.0, 0.037673, 0.0, 0.041234, 0.0]","[1, 1, -1, -1, 1, 1]"
video_conferencing,VLC_Teams,/indian-slp/Users/ug/ZEPA/Kritik/net_data/5G_Traffic_Datasets/VLC_Teams/teams_windows_20m_03.csv,pretrain,0,0.037415,True,0,0,0,33,5,44,0.047472,"[104, 104, 93, 93, 60, 60]","[0.0, 0.0, 0.037415, 0.0, 0.055816, 0.0]","[1, 1, -1, -1, 1, 1]"
video_conferencing,VLC_Teams,/indian-slp/Users/ug/ZEPA/Kritik/net_data/5G_Traffic_Datasets/VLC_Teams/teams_windows_20m_03.csv,pretrain,0,0.012574,True,2,0,0,33,5,44,0.047472,"[66, 66, 60, 66, 66, 60, 759, 1438, 759, 1438, 60, 60, 318, 318, 146, 134, 146, 134, 575, 575, 357, 60, 60, 357, 60, 60, 60, 60, 85, 85, 60, 115, 85, 60, 115, 85, 1506, 1506, 60, 854, 60, 60, 854, 60, 60, 1506, 1506, 60, 1506, 60, 1506, 1506, 60, 1506, 60, 60, 1506, 60, 1506, 60, 60, 1506, 60, 60]","[0.0, 0.0, 0.012574, 0.0, 0.0, 0.0, 0.000333, 0.0, 0.0, 0.0, 0.013048, 0.0, 0.001112, 0.0, 0.00043, 0.0, 0.0, 0.0, 0.000125, 0.0, 0.013372, 0.0, 0.0, 0.0, 0.000132, 0.0, 0.000704, 0.0, 0.000297, 0.0, 0.0, 0.0, 0.0, 0.0, 0.0, 0.0, 0.000464, 0.0, 0.0, 0.0, 0.0, 0.0, 0.0, 0.0, 0.000154, 0.0, 0.0, 0.0, 0.0, 0.0, 0.0, 0.0, 0.0, 0.0, 4e-05, 0.0, 3e-05, 0.0, 0.0, 0.0, 0.000216, 0.0, 0.0, 0.0]","[1, 1, 1, -1, -1, 1, 1, 1, 1, 1, -1, -1, -1, -1, 1, 1, 1, 1, 1, 1, -1, -1, -1, -1, -1, -1, -1, -1, 1, -1, 1, -1, -1, 1, -1, 1, -1, -1, 1, -1, 1, 1, -1, 1, 1, -1, -1, 1, -1, 1, -1, -1, 1, -1, 1, 1, -1, 1, -1, 1, 1, -1, 1, 1]"
video_conferencing,VLC_Teams,/indian-slp/Users/ug/ZEPA/Kritik/net_data/5G_Traffic_Datasets/VLC_Teams/teams_windows_20m_03.csv,pretrain,0,0.161945,True,2,0,0,33,5,44,0.047472,"[66, 66, 60, 60, 66, 66, 285, 285, 1506, 1506, 1506, 1506, 554, 554, 1506, 1506, 1506, 60, 1506, 60, 60, 60, 212, 212, 105, 105, 60, 60, 1494, 114, 914, 914, 114, 1494, 60, 60, 60, 60, 108, 108, 60, 60, 509, 509]","[0.0, 0.0, 0.161945, 0.0, 0.0, 0.0, 0.000272, 0.0, 0.163566, 0.0, 0.0, 0.0, 0.00011, 0.0, 0.0, 0.0, 0.0, 0.0, 0.0, 0.0, 0.000161, 0.0, 0.002451, 0.0, 0.162701, 0.0, 0.0, 0.0, 0.000439, 0.0, 0.0, 0.0, 0.0, 0.0, 0.162013, 0.0, 0.000408, 0.0, 0.0, 0.0, 0.00064, 0.0, 0.0, 0.0]","[1, 1, 1, 1, -1, -1, 1, 1, -1, -1, -1, -1, -1, -1, -1, -1, -1, 1, -1, 1, 1, 1, 1, 1, -1, -1, 1, 1, 1, 1, 1, 1, 1, 1, -1, -1, 1, 1, -1, -1, 1, 1, -1, -1]"
video_conferencing,VLC_Teams,/indian-slp/Users/ug/ZEPA/Kritik/net_data/5G_Traffic_Datasets/VLC_Teams/teams_windows_20m_03.csv,pretrain,0,0.038339,True,0,0,0,33,5,44,0.047472,"[104, 104, 93, 93, 60, 60]","[0.0, 0.0, 0.038339, 0.0, 0.039726, 0.0]","[1, 1, -1, -1, 1, 1]"
video_conferencing,VLC_Teams,/indian-slp/Users/ug/ZEPA/Kritik/net_data/5G_Traffic_Datasets/VLC_Teams/teams_windows_20m_03.csv,pretrain,0,0.038171,True,0,0,0,33,5,44,0.047472,"[104, 104, 93, 93, 60, 60]","[0.0, 0.0, 0.038171, 0.0, 0.055473, 0.0]","[1, 1, -1, -1, 1, 1]"
video_conferencing,VLC_Teams,/indian-slp/Users/ug/ZEPA/Kritik/net_data/5G_Traffic_Datasets/VLC_Teams/teams_windows_20m_03.csv,pretrain,1,0.037469,True,0,0,0,33,5,44,0.047472,"[60, 60, 60, 60, 60, 60]","[0.0, 0.0, 0.037469, 0.0, 0.100317, 0.0]","[1, 1, -1, -1, -1, -1]"
video_conferencing,VLC_Teams,/indian-slp/Users/ug/ZEPA/Kritik/net_data/5G_Traffic_Datasets/VLC_Teams/teams_windows_20m_03.csv,pretrain,0,0.155968,True,2,0,0,33,5,44,0.047472,"[66, 66, 66, 66, 60, 60, 1494, 482, 482, 1494, 60, 60, 153, 153, 768, 768, 60, 60, 1506, 1506, 1506, 1506, 1506, 1506, 1506, 1506, 641, 641, 60, 60, 60, 60, 128, 128, 146, 146, 1494, 1494, 1085, 1085, 1494, 613, 1494, 613, 60, 60, 60, 60, 60, 60, 157, 157, 116, 116, 85, 85, 60, 60, 85, 85, 60, 60, 355, 355]","[0.0, 0.0, 0.155968, 0.0, 0.000213, 0.0, 0.000175, 0.0, 0.0, 0.0, 0.153539, 0.0, 0.085508, 0.0, 0.000763, 0.0, 0.303488, 0.0, 0.015792, 0.0, 0.0, 0.0, 9.4e-05, 0.0, 0.0, 0.0, 0.0, 0.0, 0.0, 0.0, 0.000206, 0.0, 0.000598, 0.0, 0.0, 0.0, 0.000135, 0.0, 0.0, 0.0, 0.0, 0.0, 9.4e-05, 0.0, 0.152759, 0.0, 0.000936, 0.0, 0.0, 0.0, 0.046993, 0.0, 0.008395, 0.0, 0.000133, 0.0, 0.0, 0.0, 0.153179, 0.0, 0.041877, 0.0, 0.153963, 0.0]","[1, 1, -1, -1, 1, 1, 1, 1, 1, 1, -1, -1, -1, -1, 1, 1, -1, -1, -1, -1, -1, -1, -1, -1, -1, -1, -1, -1, 1, 1, 1, 1, 1, 1, 1, 1, 1, 1, 1, 1, 1, 1, 1, 1, -1, -1, -1, -1, -1, -1, -1, -1, -1, -1, 1, 1, 1, 1, -1, -1, 1, 1, -1, -1]"
video_conferencing,VLC_Teams,/indian-slp/Users/ug/ZEPA/Kritik/net_data/5G_Traffic_Datasets/VLC_Teams/teams_windows_20m_03.csv,pretrain,0,0.039791,True,0,0,0,33,5,44,0.047472,"[104, 104, 93, 93, 60, 60]","[0.0, 0.0, 0.039791, 0.0, 0.050622, 0.0]","[1, 1, -1, -1, 1, 1]"
video_conferencing,VLC_Teams,/indian-slp/Users/ug/ZEPA/Kritik/net_data/5G_Traffic_Datasets/VLC_Teams/teams_windows_20m_03.csv,pretrain,0,0.043064,True,2,0,0,33,5,44,0.047472,"[66, 66, 66, 66, 60, 60, 1444, 515, 1444, 515, 153, 153, 60, 60, 751, 751, 1464, 1464, 1464, 1464, 1464, 1464, 60, 60, 1464, 506, 1464, 506, 60, 60, 128, 128, 146, 146, 752, 752, 60, 60, 157, 116, 157, 116, 85, 85, 60, 60, 85, 85, 378, 378, 60, 60, 967, 967, 60, 60, 568, 568, 543, 543, 135, 135, 556, 556]","[0.0, 0.0, 0.043064, 0.0, 0.000156, 0.0, 0.000268, 0.0, 0.0, 0.0, 0.038778, 0.0, 0.0, 0.0, 0.000755, 0.0, 0.041708, 0.0, 0.0, 0.0, 6.6e-05, 0.0, 0.0, 0.0, 0.000117, 0.0, 0.0, 0.0, 0.000129, 0.0, 0.001068, 0.0, 0.0, 0.0, 0.000124, 0.0, 0.036721, 0.0, 0.000185, 0.0, 0.0, 0.0, 0.000139, 0.0, 0.0, 0.0, 0.00134, 0.0, 0.035805, 0.0, 0.000106, 0.0, 0.001379, 0.0, 0.036879, 0.0, 0.006301, 0.0, 0.0, 0.0, 0.036949, 0.0, 0.001122, 0.0]","[1, 1, -1, -1, 1, 1, 1, 1, 1, 1, -1, -1, -1, -1, 1, 1, -1, -1, -1, -1, -1, -1, 1, 1, -1, -1, -1, -1, 1, 1, 1, 1, 1, 1, 1, 1, -1, -1, -1, -1, -1, -1, 1, 1, 1, 1, -1, -1, -1, -1, 1, 1, 1, 1, -1, -1, 1, 1, -1, -1, -1, -1, 1, 1]"
video_conferencing,VLC_Teams,/indian-slp/Users/ug/ZEPA/Kritik/net_data/5G_Traffic_Datasets/VLC_Teams/teams_windows_20m_03.csv,pretrain,0,0.00559,True,2,0,0,33,5,44,0.047472,"[66, 66, 66, 66, 60, 60, 890, 1494, 1494, 890, 60, 60, 60, 60, 153, 153, 1176, 1176, 60, 60, 345, 345, 128, 128, 146, 146, 1494, 88, 1494, 88, 60, 60, 60, 60, 85, 85, 116, 116, 85, 85, 60, 60, 60, 60, 60, 60, 364, 364, 60, 60, 614, 614, 576, 576, 60, 60, 564, 564, 511, 511, 95, 95, 85, 85]","[0.0, 0.0, 0.00559, 0.0, 0.0, 0.0, 0.000241, 0.0, 0.0, 0.000133, 0.006031, 0.0, 0.000319, 0.0, 0.00033, 0.0, 0.000674, 0.0, 0.005103, 0.0, 0.001352, 0.0, 0.000439, 0.0, 0.0, 0.0, 0.000122, 0.0, 0.000158, 0.0, 0.004911, 0.0, 0.0, 0.0, 0.000191, 0.0, 0.0, 0.0, 0.0012, 0.0, 0.0, 0.0, 0.005171, 0.0, 0.040084, 0.0, 0.320754, 0.0, 0.000135, 0.0, 0.0, 0.0, 0.0, 0.0, 0.000146, 0.0, 0.0, 0.0, 0.0, 0.0, 0.000305, 0.0, 0.0, 0.0]","[1, 1, -1, -1, 1, 1, 1, 1, 1, 1, -1, -1, -1, -1, -1, -1, 1, 1, -1, -1, -1, -1, 1, 1, 1, 1, 1, 1, 1, 1, -1, -1, -1, -1, 1, 1, -1, -1, -1, -1, -1, -1, -1, -1, 1, 1, -1, -1, 1, 1, -1, -1, -1, -1, 1, 1, -1, -1, -1, -1, -1, -1, -1, -1]"
video_conferencing,VLC_Teams,/indian-slp/Users/ug/ZEPA/Kritik/net_data/5G_Traffic_Datasets/VLC_Teams/teams_windows_20m_03.csv,pretrain,0,0.15385,True,0,0,0,33,5,44,0.047472,"[1494, 304, 93, 93, 1494, 304, 1494, 1421, 1421, 1494, 60, 60, 60, 60, 93, 93, 60, 60, 155, 155, 89, 89, 89, 89, 60, 60, 66, 66]","[0.0, 0.0, 0.0, 0.0, 0.0, 0.0, 0.0, 0.000116, 0.0, 0.0, 0.153734, 0.0, 0.000319, 0.0, 0.023571, 0.0, 0.05474, 0.0, 0.275003, 0.0, 0.000639, 0.0, 0.303542, 0.0, 0.05639, 0.0, 0.098067, 0.0]","[1, 1, 1, 1, 1, 1, 1, 1, 1, 1, -1, -1, -1, -1, -1, -1, 1, 1, -1, -1, 1, 1, 1, 1, -1, -1, -1, -1]"
video_conferencing,VLC_Teams,/indian-slp/Users/ug/ZEPA/Kritik/net_data/5G_Traffic_Datasets/VLC_Teams/teams_windows_20m_03.csv,pretrain,0,0.038546,True,2,0,0,33,5,44,0.047472,"[66, 66, 66, 66, 60, 60, 1444, 534, 1444, 534, 60, 60, 153, 153, 770, 770, 60, 60, 1464, 1464, 60, 512, 1464, 1464, 1464, 1464, 1464, 1464, 512, 60, 60, 60, 128, 128, 1378, 1378, 60, 60, 157, 157, 60, 60, 544, 544, 60, 81, 81, 60, 146, 146, 174, 174, 60, 60, 86, 86, 60, 60, 174, 174, 86, 86, 60, 60]","[0.0, 0.0, 0.038546, 0.0, 0.000129, 0.0, 0.00016, 0.0, 0.0, 0.0, 0.039589, 0.0, 0.088464, 0.0, 0.000589, 0.0, 0.222731, 0.0, 0.067237, 0.0, 0.000902, 0.0, 0.0, 0.0, 0.0, 0.0, 0.0, 0.0, 0.0, 0.0, 0.000171, 0.0, 0.00079, 0.0, 0.0, 0.000155, 0.037204, 0.0, 0.039898, 0.0, 0.044081, 0.0, 6.378101, 0.0, 0.000293, 0.0, 0.0, 0.0, 0.0, 0.0, 0.001304, 0.0, 0.130237, 0.0, 0.187872, 0.0, 0.049058, 0.0, 9.956587, 0.0, 0.058012, 0.0, 0.050705, 0.0]","[1, 1, -1, -1, 1, 1, 1, 1, 1, 1, -1, -1, -1, -1, 1, 1, -1, -1, -1, -1, 1, -1, -1, -1, -1, -1, -1, -1, -1, 1, 1, 1, 1, 1, 1, 1, -1, -1, -1, -1, 1, 1, -1, -1, 1, -1, -1, 1, -1, -1, 1, 1, -1, -1, -1, -1, 1, 1, 1, 1, -1, -1, 1, 1]"
video_conferencing,VLC_Teams,/indian-slp/Users/ug/ZEPA/Kritik/net_data/5G_Traffic_Datasets/VLC_Teams/teams_windows_20m_03.csv,pretrain,0,0.006644,True,2,0,0,33,5,44,0.047472,"[66, 66, 60, 66, 290, 60, 290, 66, 60, 60, 791, 791, 60, 60]","[0.0, 0.0, 0.006644, 0.0, 0.0, 0.0, 0.0, 0.0, 0.005865, 0.0, 0.00153, 0.0, 0.041536, 0.0]","[1, 1, 1, -1, 1, 1, 1, -1, -1, -1, -1, -1, 1, 1]"
video_conferencing,VLC_Teams,/indian-slp/Users/ug/ZEPA/Kritik/net_data/5G_Traffic_Datasets/VLC_Teams/teams_windows_20m_03.csv,pretrain,0,0.013568,True,2,0,0,33,5,44,0.047472,"[66, 66, 60, 60, 66, 66, 1438, 759, 1438, 759, 60, 60, 60, 60, 318, 318, 134, 146, 134, 146, 140, 140, 140, 574, 142, 139, 142, 139, 140, 574, 60, 60, 60, 60, 60, 357, 357, 60, 60, 60, 60, 60, 60, 60, 60, 60, 853, 853, 115, 85, 60, 60, 85, 115, 85, 85, 60, 60, 1506, 1506, 60, 60, 1506, 60]","[0.0, 0.0, 0.013568, 0.0, 0.0, 0.0, 0.000253, 0.0, 0.0, 0.0, 0.013687, 0.0, 0.00044, 0.0, 0.000686, 0.0, 0.000379, 0.0, 0.0, 0.0, 0.00021, 0.0, 0.0, 0.0, 0.0, 0.0, 0.0, 0.0, 0.0, 0.0, 0.013219, 0.0, 0.0, 0.0, 0.000142, 0.0, 0.0, 0.0, 0.000121, 0.0, 0.000271, 0.0, 0.0, 0.0, 0.0, 0.0, 0.00121, 0.0, 0.0, 0.0, 0.0, 0.0, 0.0, 0.0, 0.000139, 0.0, 0.00014, 0.0, 0.000317, 0.0, 0.0, 0.0, 0.0, 0.0]","[1, 1, 1, 1, -1, -1, 1, 1, 1, 1, -1, -1, -1, -1, -1, -1, 1, 1, 1, 1, 1, 1, 1, 1, 1, 1, 1, 1, 1, 1, -1, -1, -1, -1, -1, -1, -1, -1, -1, -1, -1, -1, -1, -1, -1, -1, -1, -1, -1, -1, 1, 1, -1, -1, 1, 1, 1, 1, -1, -1, 1, 1, -1, 1]"
video_conferencing,VLC_Teams,/indian-slp/Users/ug/ZEPA/Kritik/net_data/5G_Traffic_Datasets/VLC_Teams/teams_windows_20m_03.csv,pretrain,0,0.154143,True,0,0,0,33,5,44,0.047472,"[60, 60, 66, 66, 93, 1494, 1494, 93, 1494, 1494, 194, 194, 1494, 308, 1494, 308, 93, 93, 60, 60, 60, 60, 60, 60, 60, 60, 60, 60, 155, 155, 89, 89, 60, 60]","[0.0, 0.0, 0.154143, 0.0, 12.413656, 0.0, 0.0, 0.0, 0.0, 0.0, 0.0, 0.0, 0.000135, 0.0, 0.0, 0.0, 0.153035, 0.0, 0.0, 0.0, 0.000335, 0.0, 0.001075, 0.0, 0.000246, 0.0, 0.049931, 0.0, 0.153409, 0.0, 0.000697, 0.0, 0.20766, 0.0]","[1, 1, -1, -1, 1, 1, 1, 1, 1, 1, 1, 1, 1, 1, 1, 1, -1, -1, -1, -1, -1, -1, -1, -1, -1, -1, 1, 1, -1, -1, 1, 1, -1, -1]"
video_conferencing,VLC_Teams,/indian-slp/Users/ug/ZEPA/Kritik/net_data/5G_Traffic_Datasets/VLC_Teams/teams_windows_20m_03.csv,pretrain,0,0.029969,True,2,0,0,33,5,44,0.047472,"[66, 66, 60, 60, 66, 66, 240, 240, 1506, 1506, 60, 60, 60, 60, 1106, 1106, 1506, 1506, 60, 60, 180, 180, 60, 105, 105, 60, 1494, 1494, 1494, 1494, 249, 249, 60, 60, 88, 60, 818, 60, 60, 60, 88, 818]","[0.0, 0.0, 0.029969, 0.0, 0.0, 0.0, 0.00011, 0.0, 0.02499, 0.0, 8.8e-05, 0.0, 0.0, 0.0, 0.0, 0.0, 0.0, 0.0, 0.000111, 0.0, 0.023489, 0.0, 0.024857, 0.0, 0.0, 0.0, 0.000237, 0.0, 0.0, 0.0, 0.0, 0.0, 0.032425, 0.0, 0.793967, 0.0, 0.0, 0.0, 0.0, 0.0, 0.0, 0.0]","[1, 1, 1, 1, -1, -1, 1, 1, -1, -1, 1, 1, 1, 1, -1, -1, -1, -1, 1, 1, 1, 1, 1, -1, -1, 1, 1, 1, 1, 1, 1, 1, -1, -1, -1, 1, -1, 1, 1, 1, -1, -1]"
video_conferencing,VLC_Teams,/indian-slp/Users/ug/ZEPA/Kritik/net_data/5G_Traffic_Datasets/VLC_Teams/teams_windows_20m_03.csv,pretrain,0,0.027654,True,2,0,0,33,5,44,0.047472,"[66, 66, 60, 60, 66, 66, 240, 240, 60, 60, 1506, 1506, 60, 1506, 60, 1506, 1106, 1106, 60, 60, 180, 180, 105, 105, 60, 60, 1494, 1494, 1494, 232, 232, 1494, 60, 60, 88, 799, 799, 88, 60, 60]","[0.0, 0.0, 0.027654, 0.0, 0.0, 0.0, 0.000357, 0.0, 0.027703, 0.0, 0.0, 0.0, 0.0, 0.0, 0.0, 0.0, 0.000119, 0.0, 0.000139, 0.0, 0.022785, 0.0, 0.027484, 0.0, 4.3e-05, 0.0, 0.000249, 0.0, 0.0, 0.000132, 0.0, 0.0, 0.029611, 0.0, 0.162789, 0.0, 0.0, 0.0, 0.000175, 0.0]","[1, 1, 1, 1, -1, -1, 1, 1, 1, 1, -1, -1, 1, -1, 1, -1, -1, -1, 1, 1, 1, 1, -1, -1, 1, 1, 1, 1, 1, 1, 1, 1, -1, -1, -1, -1, -1, -1, 1, 1]"
video_conferencing,VLC_Teams,/indian-slp/Users/ug/ZEPA/Kritik/net_data/5G_Traffic_Datasets/VLC_Teams/teams_windows_20m_03.csv,pretrain,0,0.1607,True,2,0,0,33,5,44,0.047472,"[66, 66, 66, 66, 60, 60, 276, 276, 1035, 1506, 1506, 1035, 60, 60, 212, 212, 105, 123, 60, 105, 60, 123, 750, 141, 194, 141, 194, 92, 92, 750, 60, 60, 92, 92, 96, 96, 60, 60, 523, 523, 60, 60]","[0.0, 0.0, 0.1607, 0.0, 0.000229, 0.0, 0.000252, 0.0, 0.16124, 0.0, 0.0, 0.0, 0.000146, 0.0, 0.001315, 0.0, 0.162346, 0.0, 0.0, 0.0, 0.0, 0.0, 0.000444, 0.0, 0.0, 0.0, 0.0, 0.0, 0.0, 0.0, 0.160749, 0.0, 7.1e-05, 0.0, 9.3e-05, 0.0, 0.000182, 0.0, 0.000706, 0.0, 0.051319, 0.0]","[1, 1, -1, -1, 1, 1, 1, 1, -1, -1, -1, -1, 1, 1, 1, 1, -1, -1, 1, -1, 1, -1, 1, 1, 1, 1, 1, 1, 1, 1, -1, -1, -1, -1, -1, -1, 1, 1, -1, -1, 1, 1]"
video_conferencing,VLC_Teams,/indian-slp/Users/ug/ZEPA/Kritik/net_data/5G_Traffic_Datasets/VLC_Teams/teams_windows_20m_03.csv,pretrain,0,0.006836,True,2,0,0,33,5,44,0.047472,"[66, 66, 66, 60, 66, 60, 451, 451, 60, 60, 413, 413, 60, 60]","[0.0, 0.0, 0.006836, 0.0, 0.0, 0.0, 7.1e-05, 0.0, 0.005852, 0.0, 0.003524, 0.0, 0.047552, 0.0]","[1, 1, -1, 1, -1, 1, 1, 1, -1, -1, -1, -1, 1, 1]"
video_conferencing,VLC_Teams,/indian-slp/Users/ug/ZEPA/Kritik/net_data/5G_Traffic_Datasets/VLC_Teams/teams_windows_20m_03.csv,pretrain,0,0.013475,True,2,0,0,33,5,44,0.047472,"[66, 66, 66, 66, 60, 60, 340, 340, 60, 60, 320, 320, 335, 335, 60, 60, 321, 321, 336, 336, 60, 60, 322, 322, 60, 60]","[0.0, 0.0, 0.013475, 0.0, 0.000148, 0.0, 0.000154, 0.0, 0.013459, 0.0, 0.001044, 0.0, 0.004151, 0.0, 0.013273, 0.0, 0.001337, 0.0, 0.040454, 0.0, 0.013563, 0.0, 0.001689, 0.0, 0.043648, 0.0]","[1, 1, -1, -1, 1, 1, 1, 1, -1, -1, -1, -1, 1, 1, -1, -1, -1, -1, 1, 1, -1, -1, -1, -1, 1, 1]"
video_conferencing,VLC_Teams,/indian-slp/Users/ug/ZEPA/Kritik/net_data/5G_Traffic_Datasets/VLC_Teams/teams_windows_20m_03.csv,pretrain,0,0.005969,True,2,0,0,33,5,44,0.047472,"[66, 66, 66, 60, 60, 66, 281, 281, 60, 60, 317, 317, 60, 60]","[0.0, 0.0, 0.005969, 0.0, 0.0, 0.0, 0.000158, 0.0, 0.005733, 0.0, 0.000723, 0.0, 0.055597, 0.0]","[1, 1, -1, 1, 1, -1, 1, 1, -1, -1, -1, -1, 1, 1]"
video_conferencing,VLC_Teams,/indian-slp/Users/ug/ZEPA/Kritik/net_data/5G_Traffic_Datasets/VLC_Teams/teams_windows_20m_03.csv,pretrain,0,0.014081,True,2,0,0,33,5,44,0.047472,"[66, 66, 66, 66, 60, 60, 254, 254, 277, 277, 60, 60, 60, 60, 256, 256, 277, 277, 254, 254, 276, 276, 60, 60]","[0.0, 0.0, 0.014081, 0.0, 0.0, 0.0, 0.000148, 0.0, 0.01469, 0.0, 0.0, 0.0, 0.050072, 0.0, 0.028045, 0.0, 0.017423, 0.0, 0.002658, 0.0, 0.014456, 0.0, 0.045527, 0.0]","[1, 1, -1, -1, 1, 1, 1, 1, -1, -1, -1, -1, 1, 1, 1, 1, -1, -1, 1, 1, -1, -1, 1, 1]"
video_conferencing,VLC_Teams,/indian-slp/Users/ug/ZEPA/Kritik/net_data/5G_Traffic_Datasets/VLC_Teams/teams_windows_20m_03.csv,pretrain,0,0.009759,True,2,0,0,33,5,44,0.047472,"[66, 66, 66, 66, 60, 60, 340, 340, 60, 60, 320, 320, 335, 335, 60, 60, 321, 321, 336, 336, 60, 60, 322, 322, 60, 60]","[0.0, 0.0, 0.009759, 0.0, 0.0, 0.0, 0.000146, 0.0, 0.009539, 0.0, 0.001197, 0.0, 0.003438, 0.0, 0.009127, 0.0, 0.00145, 0.0, 0.003848, 0.0, 0.009723, 0.0, 0.00106, 0.0, 0.05439, 0.0]","[1, 1, -1, -1, 1, 1, 1, 1, -1, -1, -1, -1, 1, 1, -1, -1, -1, -1, 1, 1, -1, -1, -1, -1, 1, 1]"
video_conferencing,VLC_Teams,/indian-slp/Users/ug/ZEPA/Kritik/net_data/5G_Traffic_Datasets/VLC_Teams/teams_windows_20m_03.csv,pretrain,0,0.153508,True,0,0,0,33,5,44,0.047472,"[357, 357, 93, 93, 1494, 1494, 1494, 1494, 1494, 1494, 1494, 1494, 1494, 1494, 1494, 1494, 1387, 1387, 60, 60, 93, 93, 60, 60, 60, 60, 60, 60, 60, 60, 60, 60, 60, 60, 159, 159, 89, 89, 60, 60]","[0.0, 0.0, 0.0, 0.0, 9.1e-05, 0.0, 0.0, 0.0, 0.0, 0.0, 9.6e-05, 0.0, 0.0, 0.0, 0.0, 0.0, 0.000204, 0.0, 0.153117, 0.0, 0.001196, 0.0, 0.0, 0.0, 0.000166, 0.0, 0.0, 0.0, 0.000148, 0.0, 0.044067, 0.0, 0.007493, 0.0, 0.153244, 0.0, 0.000746, 0.0, 0.202514, 0.0]","[1, 1, 1, 1, 1, 1, 1, 1, 1, 1, 1, 1, 1, 1, 1, 1, 1, 1, -1, -1, -1, -1, -1, -1, -1, -1, -1, -1, -1, -1, -1, -1, 1, 1, -1, -1, 1, 1, -1, -1]"
video_conferencing,VLC_Teams,/indian-slp/Users/ug/ZEPA/Kritik/net_data/5G_Traffic_Datasets/VLC_Teams/teams_windows_20m_03.csv,pretrain,0,0.0054,True,2,0,0,33,5,44,0.047472,"[66, 66, 66, 66, 60, 60, 402, 1494, 402, 1494, 60, 60, 153, 153, 60, 60, 688, 688, 60, 60, 1506, 1506, 1506, 1506, 292, 292, 1506, 1506, 1506, 1506, 60, 60, 60, 60, 128, 128, 146, 146, 700, 700, 60, 60, 513, 513, 116, 116, 85, 60, 60, 85, 60, 60, 85, 85, 60, 60, 60, 60, 1506, 1506, 999, 60, 999, 1506]","[0.0, 0.0, 0.0054, 0.0, 0.0, 0.0, 0.000594, 0.0, 0.0, 0.0, 0.005528, 0.0, 0.0, 0.0, 0.0, 0.0, 0.000534, 0.0, 0.005279, 0.0, 0.002262, 0.0, 0.000108, 0.0, 0.0, 0.0, 0.0, 0.0, 0.0, 0.0, 0.0, 0.0, 3.2e-05, 0.0, 0.00156, 0.0, 0.000707, 0.0, 0.000508, 0.0, 0.003923, 0.0, 0.0, 0.0, 0.000143, 0.0, 0.000123, 0.0, 0.0, 0.0, 0.00073, 8.6e-05, 0.001048, 2.6e-05, 0.003757, 0.0, 0.042387, 0.0, 0.058605, 0.0, 0.000118, 0.0, 0.0, 0.0]","[1, 1, -1, -1, 1, 1, 1, 1, 1, 1, -1, -1, -1, -1, -1, -1, 1, 1, -1, -1, -1, -1, -1, -1, -1, -1, -1, -1, -1, -1, 1, 1, 1, 1, 1, 1, 1, 1, 1, 1, -1, -1, -1, -1, -1, -1, 1, 1, 1, 1, -1, -1, -1, -1, -1, -1, 1, 1, -1, -1, -1, 1, -1, -1]"
video_conferencing,VLC_Teams,/indian-slp/Users/ug/ZEPA/Kritik/net_data/5G_Traffic_Datasets/VLC_Teams/teams_windows_20m_03.csv,pretrain,0,0.013594,True,0,0,0,33,5,44,0.047472,"[207, 210, 207, 93, 210, 93, 210, 210, 212, 212, 60, 60, 60, 60, 93, 93, 60, 60, 60, 60, 60, 60, 431, 431, 431, 431, 432, 432, 85, 85, 85, 85, 85, 85, 430, 430, 85, 85, 60, 60, 60, 60]","[0.0, 0.0, 0.0, 0.0, 0.0, 0.0, 0.000418, 0.0, 0.0, 0.0, 0.013176, 0.0, 0.0, 0.0, 0.000148, 0.0, 0.000728, 0.0, 0.0, 0.0, 0.00053, 0.0, 0.000475, 0.0, 0.0, 0.0, 0.000126, 0.0, 0.000126, 0.0, 0.000663, 0.0, 0.0, 0.0, 0.0, 0.0, 0.000232, 0.0, 0.0018, 0.0, 0.0, 0.0]","[1, 1, 1, 1, 1, 1, 1, 1, 1, 1, -1, -1, -1, -1, -1, -1, -1, -1, -1, -1, -1, -1, -1, -1, -1, -1, -1, -1, -1, -1, -1, -1, -1, -1, -1, -1, -1, -1, 1, 1, 1, 1]"
video_conferencing,VLC_Teams,/indian-slp/Users/ug/ZEPA/Kritik/net_data/5G_Traffic_Datasets/VLC_Teams/teams_windows_20m_03.csv,pretrain,0,0.006562,True,2,0,0,33,5,44,0.047472,"[66, 66, 66, 66, 60, 60, 430, 1438, 430, 1438, 60, 60, 1506, 1506, 60, 60, 1506, 1506, 1246, 1246, 60, 60, 1506, 1506, 494, 494, 134, 134, 146, 146, 581, 581, 60, 60, 60, 60, 341, 341, 341, 341, 85, 85, 60, 60, 115, 115, 85, 85, 60, 60, 60, 60, 893, 893, 1506, 1506, 60, 235, 60, 235, 1506, 1506, 60, 60]","[0.0, 0.0, 0.006562, 0.0, 0.003932, 0.0, 0.000274, 0.0, 0.0, 0.0, 0.005538, 0.0, 0.001686, 0.0, 0.0, 0.0, 0.0, 0.0, 0.000161, 0.0, 0.000737, 0.0, 0.0, 0.0, 0.005232, 0.0, 0.000743, 0.0, 0.0, 0.0, 0.000149, 0.0, 0.00547, 0.0, 0.0, 0.0, 9.5e-05, 0.0, 0.000125, 0.0, 0.000162, 0.0, 0.0, 0.0, 0.0, 0.0, 0.0, 0.0, 0.005938, 0.0, 0.003399, 0.0, 0.0, 0.0, 0.000137, 0.0, 0.0, 0.0, 0.0, 0.0, 0.0, 0.0, 0.055021, 0.0]","[1, 1, -1, -1, 1, 1, 1, 1, 1, 1, -1, -1, -1, -1, 1, 1, -1, -1, -1, -1, 1, 1, -1, -1, -1, -1, 1, 1, 1, 1, 1, 1, -1, -1, -1, -1, -1, -1, -1, -1, -1, -1, 1, 1, -1, -1, 1, 1, -1, -1, 1, 1, -1, -1, -1, -1, 1, -1, 1, -1, -1, -1, 1, 1]"
video_conferencing,VLC_Teams,/indian-slp/Users/ug/ZEPA/Kritik/net_data/5G_Traffic_Datasets/VLC_Teams/teams_windows_20m_03.csv,pretrain,0,0.025436,True,2,0,0,33,5,44,0.047472,"[66, 66, 66, 66, 60, 60, 343, 1494, 343, 1494, 60, 60, 153, 153, 629, 629, 1506, 1506, 1506, 1506, 1225, 60, 60, 1225, 128, 128, 146, 146, 527, 527, 60, 60, 157, 157, 116, 116, 60, 60, 85, 85, 661, 661, 60, 60, 374, 374, 60, 60, 819, 819, 95, 95, 60, 60, 262, 262, 60, 60, 85, 85]","[0.0, 0.0, 0.025436, 0.0, 0.0, 0.0, 0.000163, 0.0, 0.0, 0.0, 0.025276, 0.0, 0.0, 0.0, 0.000544, 0.0, 0.026149, 0.0, 0.0, 0.0, 0.000147, 0.0, 0.0, 0.0, 0.001299, 0.0, 0.0, 0.0, 0.000244, 0.0, 0.023687, 0.0, 0.000249, 0.0, 0.0, 0.0, 9.5e-05, 0.0, 0.000144, 0.0, 0.024063, 0.0, 0.0, 0.0, 0.001576, 0.0, 0.023936, 0.0, 0.0022, 0.0, 0.000136, 0.0, 0.0, 0.0, 0.0, 0.0, 0.000106, 0.0, 0.0, 0.0]","[1, 1, -1, -1, 1, 1, 1, 1, 1, 1, -1, -1, -1, -1, 1, 1, -1, -1, -1, -1, -1, 1, 1, -1, 1, 1, 1, 1, 1, 1, -1, -1, -1, -1, -1, -1, 1, 1, 1, 1, -1, -1, 1, 1, 1, 1, -1, -1, -1, -1, -1, -1, 1, 1, -1, -1, 1, 1, -1, -1]"
video_conferencing,VLC_Teams,/indian-slp/Users/ug/ZEPA/Kritik/net_data/5G_Traffic_Datasets/VLC_Teams/teams_windows_20m_03.csv,pretrain,0,0.217393,True,2,0,0,33,5,44,0.047472,"[66, 66, 66, 66, 60, 60, 548, 1494, 1494, 548, 60, 60, 153, 153, 834, 834, 1506, 1506, 1506, 1506, 596, 596, 60, 60, 1506, 1506, 1506, 1506, 60, 60, 146, 128, 128, 146, 831, 831, 1146, 1146, 60, 60, 60, 60, 157, 157, 60, 60, 116, 116, 85, 85, 85, 85, 60, 60, 85, 85, 60, 60, 66, 66, 370, 370, 60, 60]","[0.0, 0.0, 0.217393, 0.0, 0.000171, 0.0, 0.000205, 0.0, 0.0, 0.0, 0.217665, 0.0, 0.068492, 0.0, 0.000824, 0.0, 0.232162, 0.0, 0.0, 0.0, 0.00012, 0.0, 0.0, 0.0, 0.0, 0.0, 0.0, 0.0, 0.000193, 0.0, 0.001439, 0.0, 0.0, 0.0, 0.000116, 0.0, 0.0, 0.0, 0.217286, 0.0, 0.000301, 0.0, 0.083669, 0.0, 0.03992, 0.0, 0.08578, 0.0, 0.000149, 0.0, 0.13144, 0.0, 0.047522, 0.0, 0.188042, 0.0, 0.023171, 0.0, 0.20334, 0.0, 0.632133, 0.0, 0.053285, 0.0]","[1, 1, -1, -1, 1, 1, 1, 1, 1, 1, -1, -1, -1, -1, 1, 1, -1, -1, -1, -1, -1, -1, 1, 1, -1, -1, -1, -1, 1, 1, 1, 1, 1, 1, 1, 1, 1, 1, -1, -1, -1, -1, -1, -1, 1, 1, -1, -1, 1, 1, -1, -1, 1, 1, 1, 1, -1, -1, -1, -1, -1, -1, 1, 1]"
video_conferencing,VLC_Teams,/indian-slp/Users/ug/ZEPA/Kritik/net_data/5G_Traffic_Datasets/VLC_Teams/teams_windows_20m_03.csv,pretrain,0,0.165684,True,2,0,0,33,5,44,0.047472,"[66, 66, 60, 60, 419, 1494, 66, 66, 419, 1494, 153, 153, 60, 60, 705, 705, 1506, 1506, 1506, 1506, 1506, 1506, 60, 641, 60, 641, 1506, 1506, 60, 60, 128, 146, 737, 146, 128, 1494, 1494, 1494, 737, 1494, 1472, 1472, 1494, 1494, 116, 116, 157, 157, 60, 60, 85, 85, 60, 60, 60, 60, 85, 85, 60, 60, 60, 60, 341, 341]","[0.0, 0.0, 0.165684, 0.0, 0.0, 0.0, 0.0, 0.0, 0.0, 0.0, 0.161531, 0.0, 0.0, 0.0, 0.000492, 0.0, 0.163964, 0.0, 7.8e-05, 0.0, 0.0, 0.0, 0.000123, 0.0, 0.0, 0.0, 0.0, 0.0, 0.000209, 0.0, 0.001127, 0.0, 0.0, 0.0, 0.0, 8.1e-05, 0.0, 0.0, 0.0, 0.0, 0.000129, 0.0, 0.0, 0.0, 0.161896, 0.0, 0.0, 0.0, 0.0, 0.0, 0.000135, 0.0, 0.000154, 0.0, 0.0, 0.0, 0.0, 0.0, 0.000235, 0.0, 0.0, 0.0, 0.160867, 0.0]","[1, 1, 1, 1, 1, 1, -1, -1, 1, 1, -1, -1, -1, -1, 1, 1, -1, -1, -1, -1, -1, -1, 1, -1, 1, -1, -1, -1, 1, 1, 1, 1, 1, 1, 1, 1, 1, 1, 1, 1, 1, 1, 1, 1, -1, -1, -1, -1, -1, -1, -1, -1, 1, 1, -1, -1, 1, 1, -1, -1, -1, -1, -1, -1]"
video_conferencing,VLC_Teams,/indian-slp/Users/ug/ZEPA/Kritik/net_data/5G_Traffic_Datasets/VLC_Teams/teams_windows_20m_03.csv,pretrain,0,0.014087,True,2,0,0,33,5,44,0.047472,"[66, 66, 66, 66, 60, 60, 504, 1438, 504, 1438, 1506, 1506, 1506, 60, 1506, 1246, 60, 1246, 1506, 1506, 60, 60, 566, 566, 134, 134, 146, 146, 152, 152, 152, 152, 152, 553, 152, 152, 553, 152, 151, 151, 152, 152, 152, 152, 152, 152, 152, 152, 152, 152, 152, 152, 152, 152, 151, 152, 152, 151, 152, 152, 152, 152, 152, 152]","[0.0, 0.0, 0.014087, 0.0, 0.000195, 0.0, 0.000206, 0.0, 0.0, 0.0, 0.01496, 0.0, 3.8e-05, 0.0, 0.0, 0.0, 0.000145, 0.0, 0.001451, 0.0, 0.0, 0.0, 0.011982, 0.0, 0.000916, 0.0, 0.000227, 0.0, 0.00156, 0.0, 0.0, 0.0, 0.0, 0.0, 0.0, 0.0, 0.0, 0.0, 3.5e-05, 0.0, 0.0, 0.0, 0.0, 0.0, 0.0, 0.0, 0.0, 0.0, 2.8e-05, 0.0, 0.0, 0.0, 0.0, 0.0, 0.0, 0.0, 0.0, 0.0, 3.6e-05, 0.0, 0.0, 0.0, 0.0, 0.0]","[1, 1, -1, -1, 1, 1, 1, 1, 1, 1, -1, -1, -1, 1, -1, -1, 1, -1, -1, -1, 1, 1, -1, -1, 1, 1, 1, 1, 1, 1, 1, 1, 1, 1, 1, 1, 1, 1, 1, 1, 1, 1, 1, 1, 1, 1, 1, 1, 1, 1, 1, 1, 1, 1, 1, 1, 1, 1, 1, 1, 1, 1, 1, 1]"
video_conferencing,VLC_Teams,/indian-slp/Users/ug/ZEPA/Kritik/net_data/5G_Traffic_Datasets/VLC_Teams/teams_windows_20m_03.csv,pretrain,0,0.009914,True,2,0,0,33,5,44,0.047472,"[66, 66, 1438, 438, 60, 60, 1438, 66, 438, 66, 60, 60, 1506, 1506, 1506, 1506, 60, 60, 1008, 1008, 134, 146, 146, 134, 401, 401, 60, 60, 60, 60, 341, 341, 60, 341, 341, 60, 60, 60, 115, 115, 85, 85, 85, 85, 256, 60, 60, 256, 92, 92, 89, 89, 789, 789, 175, 175, 60, 60, 290, 290, 1506, 60, 60, 1506]","[0.0, 0.0, 0.009914, 0.0, 0.0, 0.0, 0.0, 0.0, 0.0, 0.0, 0.003289, 0.0, 0.003546, 0.0, 0.0, 0.0, 0.000155, 0.0, 0.000186, 0.0, 0.002465, 0.0, 0.0, 0.0, 0.000135, 0.0, 0.005353, 0.0, 0.000214, 0.0, 0.000236, 0.0, 0.000996, 0.0, 0.0, 0.0, 0.0, 0.0, 0.000488, 0.0, 0.000114, 0.0, 0.0, 0.0, 0.000132, 0.0, 0.0, 0.0, 0.0, 0.0, 0.000211, 0.0, 0.0, 0.0, 0.0, 0.0, 0.019543, 0.0, 0.644174, 0.0, 0.0, 8e-05, 0.0, 0.0]","[1, 1, 1, 1, 1, 1, 1, -1, 1, -1, -1, -1, -1, -1, -1, -1, 1, 1, -1, -1, 1, 1, 1, 1, 1, 1, -1, -1, -1, -1, -1, -1, 1, -1, -1, -1, 1, -1, -1, -1, -1, -1, 1, 1, -1, 1, 1, -1, -1, -1, 1, 1, 1, 1, 1, 1, -1, -1, -1, -1, -1, 1, 1, -1]"
video_conferencing,VLC_Teams,/indian-slp/Users/ug/ZEPA/Kritik/net_data/5G_Traffic_Datasets/VLC_Teams/teams_windows_20m_03.csv,pretrain,0,0.006694,True,2,0,0,33,5,44,0.047472,"[66, 66, 66, 66, 791, 1438, 60, 60, 791, 1438, 318, 318, 134, 134, 146, 146, 376, 376, 205, 205, 60, 60, 60, 60, 60, 60, 60, 60, 357, 357, 85, 115, 256, 256, 115, 85, 92, 92, 60, 60, 60, 60, 60, 92, 92, 85, 256, 85, 60, 256, 89, 89, 89, 89, 607, 607, 179, 138, 1410, 138, 179, 1410, 60, 60]","[0.0, 0.0, 0.006694, 0.0, 3.1e-05, 0.0, 0.0, 0.0, 0.0, 0.0, 0.006694, 0.0, 0.002916, 0.0, 0.000135, 0.0, 0.000173, 0.0, 0.0, 0.0, 0.005194, 0.0, 0.001432, 0.0, 0.00011, 0.0, 0.0, 0.0, 0.014367, 0.0, 0.003658, 0.0, 0.0, 0.0, 0.0, 0.0, 0.000138, 0.0, 0.0, 0.0, 0.000107, 0.0, 0.0, 0.0, 0.0, 0.0, 0.0, 0.0, 0.0, 0.0, 0.0002, 0.0, 0.0, 0.0, 6.4e-05, 0.0, 0.0, 0.0, 0.0, 0.0, 0.0, 0.00016, 0.008063, 0.0]","[1, 1, -1, -1, 1, 1, 1, 1, 1, 1, -1, -1, 1, 1, 1, 1, 1, 1, 1, 1, -1, -1, -1, -1, -1, -1, -1, -1, -1, -1, -1, -1, -1, -1, -1, -1, -1, -1, 1, 1, 1, 1, 1, -1, -1, 1, -1, 1, 1, -1, 1, 1, 1, 1, 1, 1, 1, 1, 1, 1, 1, 1, -1, -1]"
video_conferencing,VLC_Teams,/indian-slp/Users/ug/ZEPA/Kritik/net_data/5G_Traffic_Datasets/VLC_Teams/teams_windows_20m_03.csv,pretrain,0,0.015945,True,0,0,0,33,5,44,0.047472,"[93, 506, 93, 506, 89, 89, 60, 60, 93, 93, 60, 60, 93, 93, 262, 262, 93, 93, 60, 60, 60, 60, 417, 417, 60, 60, 151, 151, 356, 356, 60, 60, 60, 60, 324, 324, 60, 60, 85, 85, 437, 437, 60, 60, 89, 89, 60, 60, 297, 297, 60, 60, 166, 166, 534, 534, 60, 60, 60, 60, 479, 479, 85, 85]","[0.0, 0.0, 0.0, 0.0, 0.006543, 0.0, 0.009402, 0.0, 0.0, 0.0, 0.044608, 0.0, 17.894852, 0.0, 0.0, 0.0, 0.005459, 0.0, 0.0, 0.0, 0.043706, 0.0, 0.024672, 0.0, 0.05342, 0.0, 0.466703, 0.0, 0.0, 0.0, 0.005407, 0.0, 3.2e-05, 0.0, 0.299471, 0.0, 0.005575, 0.0, 0.035571, 0.0, 0.0, 0.0, 0.000519, 0.0, 0.000431, 0.0, 0.005549, 0.0, 0.140357, 0.0, 0.049542, 0.0, 2.762699, 0.0, 0.0, 0.0, 0.005419, 0.0, 0.0, 0.0, 0.203603, 0.0, 0.0, 0.0]","[1, 1, 1, 1, 1, 1, -1, -1, -1, -1, 1, 1, 1, 1, 1, 1, -1, -1, -1, -1, 1, 1, -1, -1, 1, 1, 1, 1, 1, 1, -1, -1, -1, -1, 1, 1, -1, -1, -1, -1, -1, -1, 1, 1, 1, 1, -1, -1, -1, -1, 1, 1, 1, 1, 1, 1, -1, -1, -1, -1, -1, -1, -1, -1]"
video_conferencing,VLC_Teams,/indian-slp/Users/ug/ZEPA/Kritik/net_data/5G_Traffic_Datasets/VLC_Teams/teams_windows_20m_03.csv,pretrain,1,0.038052,True,0,0,0,33,5,44,0.047472,"[60, 60, 60, 60, 60, 60]","[0.0, 0.0, 0.038052, 0.0, 0.100521, 0.0]","[1, 1, -1, -1, -1, -1]"
video_conferencing,VLC_Teams,/indian-slp/Users/ug/ZEPA/Kritik/net_data/5G_Traffic_Datasets/VLC_Teams/teams_windows_20m_03.csv,pretrain,0,0.15402,True,0,0,0,33,5,44,0.047472,"[93, 93, 1494, 586, 1494, 586, 1494, 1494, 250, 250, 60, 60, 93, 93, 60, 60, 60, 60, 60, 60, 155, 155, 89, 89, 60, 60]","[0.0, 0.0, 0.0, 0.0, 0.0, 0.0, 0.0, 0.0, 0.0, 0.0, 0.15402, 0.0, 0.0, 0.0, 0.000374, 0.0, 0.043081, 0.0, 0.010052, 0.0, 0.143672, 0.0, 0.000852, 0.0, 0.198221, 0.0]","[1, 1, 1, 1, 1, 1, 1, 1, 1, 1, -1, -1, -1, -1, -1, -1, 1, 1, -1, -1, -1, -1, 1, 1, -1, -1]"
video_conferencing,VLC_Teams,/indian-slp/Users/ug/ZEPA/Kritik/net_data/5G_Traffic_Datasets/VLC_Teams/teams_windows_20m_03.csv,pretrain,0,0.161756,True,0,0,0,33,5,44,0.047472,"[60, 60, 66, 66, 93, 93, 312, 312, 809, 809, 93, 93, 60, 60, 60, 60, 136, 136, 60, 60]","[0.0, 0.0, 0.161756, 0.0, 12.923399, 0.0, 0.0, 0.0, 0.0, 0.0, 0.161706, 0.0, 0.0, 0.0, 0.042525, 0.0, 0.161375, 0.0, 0.043567, 0.0]","[1, 1, -1, -1, 1, 1, 1, 1, 1, 1, -1, -1, -1, -1, 1, 1, -1, -1, 1, 1]"
video_conferencing,VLC_Teams,/indian-slp/Users/ug/ZEPA/Kritik/net_data/5G_Traffic_Datasets/VLC_Teams/teams_windows_20m_03.csv,pretrain,0,0.037756,True,0,0,0,33,5,44,0.047472,"[103, 103, 92, 92, 60, 60, 937, 1464, 1464, 937, 60, 60, 338, 103, 103, 338, 60, 60, 92, 92, 60, 60, 92, 92, 66, 66, 92, 92, 66, 66, 1464, 1464, 60, 60, 762, 762, 340, 340, 103, 103, 60, 60, 92, 92, 60, 60, 1464, 1464, 765, 765, 60, 60, 339, 103, 103, 339, 60, 60, 92, 92, 60, 60, 103, 103]","[0.0, 0.0, 0.037756, 0.0, 0.039738, 0.0, 24.746339, 0.0, 0.0, 0.000142, 0.000143, 0.0, 0.00039, 0.0, 0.0, 0.0, 0.037356, 0.0, 0.00081, 0.0, 0.040676, 0.0, 0.248647, 0.0, 0.000192, 0.0, 0.314902, 0.0, 0.000172, 0.0, 5.655706, 0.0, 0.045829, 0.0, 0.037233, 0.0, 0.000913, 0.0, 0.0, 0.0, 0.040654, 0.0, 5.5e-05, 0.0, 0.045014, 0.0, 8.015268, 0.0, 0.0, 0.0, 0.000204, 0.0, 0.000948, 0.0, 0.0, 0.0, 0.038451, 0.0, 0.001739, 0.0, 0.042636, 0.0, 0.603444, 0.0]","[1, 1, -1, -1, 1, 1, -1, -1, -1, -1, 1, 1, 1, 1, 1, 1, -1, -1, -1, -1, 1, 1, -1, -1, 1, 1, -1, -1, 1, 1, -1, -1, 1, 1, -1, -1, 1, 1, 1, 1, -1, -1, -1, -1, 1, 1, -1, -1, -1, -1, 1, 1, 1, 1, 1, 1, -1, -1, -1, -1, 1, 1, 1, 1]"
video_conferencing,VLC_Teams,/indian-slp/Users/ug/ZEPA/Kritik/net_data/5G_Traffic_Datasets/VLC_Teams/teams_windows_20m_03.csv,pretrain,0,0.005787,True,0,0,0,33,5,44,0.047472,"[60, 60, 66, 66, 125, 125, 93, 93, 60, 60, 60, 60, 93, 93, 256, 256, 92, 92, 60, 60, 607, 607, 89, 89, 89, 89, 116, 116, 60, 60, 60, 60, 264, 264, 89, 89, 85, 85, 60, 60, 60, 60]","[0.0, 0.0, 0.005787, 0.0, 4.911245, 0.0, 0.0, 0.0, 0.006043, 0.0, 0.0, 0.0, 0.000121, 0.0, 0.001149, 0.0, 0.0, 0.0, 0.0, 0.0, 0.000563, 0.0, 0.0, 0.0, 0.0, 0.0, 0.0, 0.0, 0.006269, 0.0, 0.0, 0.0, 0.060852, 0.0, 0.003516, 0.0, 0.0, 0.0, 0.043261, 0.0, 0.004316, 0.0]","[1, 1, -1, -1, 1, 1, 1, 1, -1, -1, -1, -1, -1, -1, -1, -1, -1, -1, 1, 1, 1, 1, 1, 1, 1, 1, 1, 1, -1, -1, -1, -1, -1, -1, 1, 1, -1, -1, -1, -1, 1, 1]"
video_conferencing,VLC_Teams,/indian-slp/Users/ug/ZEPA/Kritik/net_data/5G_Traffic_Datasets/VLC_Teams/teams_windows_20m_03.csv,pretrain,0,0.153528,True,0,0,0,33,5,44,0.047472,"[60, 60, 66, 66, 93, 93, 195, 195, 1494, 109, 1494, 109, 1494, 1494, 60, 60, 93, 60, 93, 60, 60, 60, 60, 60, 60, 60, 155, 155, 89, 89, 60, 60]","[0.0, 0.0, 0.153528, 0.0, 23.619419, 0.0, 0.0, 0.0, 0.000157, 0.0, 0.0, 0.0, 0.0, 0.0, 0.158998, 0.0, 9.1e-05, 0.0, 0.0, 0.0, 0.000138, 0.0, 0.0, 0.0, 0.050316, 0.0, 0.154263, 0.0, 0.000593, 0.0, 0.19943, 0.0]","[1, 1, -1, -1, 1, 1, 1, 1, 1, 1, 1, 1, 1, 1, -1, -1, -1, -1, -1, -1, -1, -1, -1, -1, 1, 1, -1, -1, 1, 1, -1, -1]"
video_conferencing,VLC_Teams,/indian-slp/Users/ug/ZEPA/Kritik/net_data/5G_Traffic_Datasets/VLC_Teams/teams_windows_20m_03.csv,pretrain,0,0.005525,True,0,0,0,33,5,44,0.047472,"[60, 60, 66, 66, 166, 166, 93, 213, 93, 213, 60, 60, 60, 60, 93, 93, 60, 60, 102, 102, 227, 227, 60, 60, 60, 60, 517, 517, 85, 85, 89, 89, 60, 60, 85, 85, 759, 759, 60, 60, 846, 846, 217, 217, 60, 60, 60, 60, 85, 85, 60, 488, 60, 488, 93, 93, 213, 213, 166, 166, 60, 60, 60, 60]","[0.0, 0.0, 0.005525, 0.0, 0.224305, 0.0, 0.0, 0.0, 0.0, 0.0, 0.005796, 0.0, 0.000178, 0.0, 0.0, 0.0, 0.048048, 0.0, 0.02601, 0.0, 0.0, 0.0, 0.005342, 0.0, 0.119863, 0.0, 0.0, 0.0, 0.0, 0.0, 0.000789, 0.0, 0.005274, 0.0, 0.059039, 0.0, 0.0, 0.0, 0.0, 0.0, 0.01183, 0.0, 0.0, 0.0, 0.005139, 0.0, 0.000431, 0.0, 0.240029, 0.0, 0.0, 0.0, 0.0, 0.0, 27.747803, 0.0, 0.0, 0.0, 0.0, 0.0, 0.005656, 0.0, 0.0, 0.0]","[1, 1, -1, -1, 1, 1, 1, 1, 1, 1, -1, -1, -1, -1, -1, -1, 1, 1, 1, 1, 1, 1, -1, -1, 1, 1, -1, -1, -1, -1, 1, 1, -1, -1, -1, -1, -1, -1, 1, 1, 1, 1, 1, 1, -1, -1, -1, -1, -1, -1, 1, -1, 1, -1, 1, 1, 1, 1, 1, 1, -1, -1, -1, -1]"
video_conferencing,VLC_Teams,/indian-slp/Users/ug/ZEPA/Kritik/net_data/5G_Traffic_Datasets/VLC_Teams/teams_windows_20m_03.csv,pretrain,0,0.038808,True,0,0,0,33,5,44,0.047472,"[1464, 1464, 810, 60, 60, 810, 340, 340, 104, 104, 60, 60, 93, 93, 60, 60, 104, 104, 93, 93, 60, 60]","[0.0, 0.0, 0.000145, 0.0, 0.0, 0.0, 0.00082, 0.0, 0.0, 0.0, 0.037988, 0.0, 0.000298, 0.0, 0.041437, 0.0, 9.666292, 0.0, 0.037618, 0.0, 0.054671, 0.0]","[-1, -1, -1, 1, 1, -1, 1, 1, 1, 1, -1, -1, -1, -1, 1, 1, 1, 1, -1, -1, 1, 1]"
video_conferencing,VLC_Teams,/indian-slp/Users/ug/ZEPA/Kritik/net_data/5G_Traffic_Datasets/VLC_Teams/teams_windows_20m_03.csv,pretrain,0,0.00639,True,0,0,0,33,5,44,0.047472,"[60, 60, 66, 66, 93, 184, 184, 93, 60, 60, 60, 60, 93, 93, 60, 60, 256, 256, 92, 92, 179, 179, 89, 89, 89, 89, 1413, 1413, 60, 60, 60, 60, 306, 306, 247, 247, 60, 60, 89, 89, 60, 60]","[0.0, 0.0, 0.00639, 0.0, 14.862176, 0.0, 0.0, 0.0, 0.00584, 0.0, 0.0, 0.0, 0.00155, 0.0, 0.000983, 0.0, 0.0, 0.0, 0.0, 0.0, 0.000372, 0.0, 0.0, 0.0, 0.0, 0.0, 0.000143, 0.0, 0.005663, 0.0, 0.042005, 0.0, 1.277581, 0.0, 0.0, 0.0, 0.000291, 0.0, 0.000267, 0.0, 0.005877, 0.0]","[1, 1, -1, -1, 1, 1, 1, 1, -1, -1, -1, -1, -1, -1, 1, 1, -1, -1, -1, -1, 1, 1, 1, 1, 1, 1, 1, 1, -1, -1, -1, -1, -1, -1, -1, -1, 1, 1, 1, 1, -1, -1]"
video_conferencing,VLC_Teams,/indian-slp/Users/ug/ZEPA/Kritik/net_data/5G_Traffic_Datasets/VLC_Teams/teams_windows_20m_03.csv,pretrain,0,0.162021,True,0,0,0,33,5,44,0.047472,"[195, 93, 1494, 93, 1494, 195, 745, 1494, 745, 1494, 93, 60, 93, 60, 60, 60, 155, 155, 89, 89, 60, 60]","[0.0, 0.0, 0.0, 0.0, 0.0, 0.0, 0.000127, 0.0, 0.0, 0.0, 0.161894, 0.0, 0.0, 0.0, 0.053469, 0.0, 0.160673, 0.0, 0.0, 0.0, 0.225677, 0.0]","[1, 1, 1, 1, 1, 1, 1, 1, 1, 1, -1, -1, -1, -1, 1, 1, -1, -1, 1, 1, -1, -1]"
video_conferencing,VLC_Teams,/indian-slp/Users/ug/ZEPA/Kritik/net_data/5G_Traffic_Datasets/VLC_Teams/teams_windows_20m_03.csv,pretrain,0,0.015136,True,2,0,0,33,5,44,0.047472,"[66, 66, 66, 1506, 1506, 659, 659, 60, 66, 60, 60, 60, 60, 60, 318, 318, 146, 146, 134, 134, 597, 597, 60, 60, 60, 60, 60, 60, 357, 357, 896, 60, 896, 115, 115, 60, 85, 85, 85, 85, 1506, 60, 1506, 1506, 60, 1506, 60, 1506, 60, 1506, 1506, 1506, 60, 1506, 1506, 1506, 60, 1506, 1506, 1506, 1506, 60, 1506, 1506]","[0.0, 0.0, 0.015136, 0.0, 0.0, 0.0, 0.0, 0.0, 0.0, 0.0, 0.012726, 0.0, 0.0, 0.0, 0.000431, 0.0, 0.000473, 0.0, 0.0, 0.0, 0.000189, 0.0, 0.013466, 0.0, 0.0, 0.0, 0.0, 0.0, 0.000318, 0.0, 0.002908, 0.0, 0.0, 0.0, 0.0, 0.0, 0.0, 0.0, 0.0, 0.0, 5.4e-05, 0.0, 0.0, 0.0, 0.0, 0.0, 0.0, 0.0, 0.0, 0.0, 3e-05, 0.0, 0.0, 0.0, 0.0, 0.0, 0.0, 0.0, 0.0, 0.0, 3.5e-05, 0.0, 0.0, 0.0]","[1, 1, -1, 1, 1, 1, 1, 1, -1, 1, -1, -1, -1, -1, -1, -1, 1, 1, 1, 1, 1, 1, -1, -1, -1, -1, -1, -1, -1, -1, -1, 1, -1, -1, -1, 1, -1, -1, 1, 1, -1, 1, -1, -1, 1, -1, 1, -1, 1, -1, -1, -1, 1, -1, -1, -1, 1, -1, -1, -1, -1, 1, -1, -1]"
video_conferencing,VLC_Teams,/indian-slp/Users/ug/ZEPA/Kritik/net_data/5G_Traffic_Datasets/VLC_Teams/teams_windows_20m_03.csv,pretrain,0,0.038747,True,0,0,0,33,5,44,0.047472,"[104, 104, 93, 93, 60, 60]","[0.0, 0.0, 0.038747, 0.0, 0.054927, 0.0]","[1, 1, -1, -1, 1, 1]"
video_conferencing,VLC_Teams,/indian-slp/Users/ug/ZEPA/Kritik/net_data/5G_Traffic_Datasets/VLC_Teams/teams_windows_20m_03.csv,pretrain,0,0.153489,True,0,0,0,33,5,44,0.047472,"[195, 562, 93, 1494, 195, 1494, 93, 1494, 1494, 562, 60, 60, 93, 93, 60, 60, 60, 60, 60, 60, 60, 60, 155, 155, 89, 89, 60, 60]","[0.0, 0.0, 0.0, 0.0, 0.0, 0.0, 0.0, 0.0, 0.000133, 0.0, 0.153356, 0.0, 0.0, 0.0, 0.000343, 0.0, 0.000401, 0.0, 0.000438, 0.0, 0.044362, 0.0, 0.155909, 0.0, 0.000655, 0.0, 0.283281, 0.0]","[1, 1, 1, 1, 1, 1, 1, 1, 1, 1, -1, -1, -1, -1, -1, -1, -1, -1, -1, -1, 1, 1, -1, -1, 1, 1, -1, -1]"
video_conferencing,VLC_Teams,/indian-slp/Users/ug/ZEPA/Kritik/net_data/5G_Traffic_Datasets/VLC_Teams/teams_windows_20m_03.csv,pretrain,1,0.0,False,0,0,0,33,5,44,0.047472,"[158, 158, 141, 141, 142, 142, 147, 147, 141, 141, 143, 143, 141, 141, 149, 149, 173, 173, 90, 90, 157, 157, 134, 134, 135, 135, 129, 129, 137, 137, 138, 138, 140, 140, 90, 146, 90, 146, 135, 135, 128, 128, 140, 140, 144, 144, 140, 140, 122, 122, 105, 105, 113, 113, 102, 102, 90, 90, 104, 104, 111, 111, 159, 159]","[0.0, 0.0, 0.019054, 0.0, 0.019921, 0.0, 0.020092, 0.0, 0.024949, 0.0, 0.0199, 0.0, 0.015034, 0.0, 0.025051, 0.0, 0.019983, 0.0, 0.0, 0.0, 0.014974, 0.0, 0.021014, 0.0, 0.024907, 0.0, 0.014332, 0.0, 0.020573, 0.0, 0.020098, 0.0, 0.018969, 0.0, 0.021703, 0.0, 0.0, 0.0, 0.020068, 0.0, 0.019062, 0.0, 0.020337, 0.0, 0.020137, 0.0, 0.01996, 0.0, 0.024933, 0.0, 0.020057, 0.0, 0.013928, 0.0, 0.025009, 0.0, 0.020064, 0.0, 0.0, 0.0, 0.020979, 0.0, 0.020378, 0.0]","[-1, -1, -1, -1, -1, -1, -1, -1, -1, -1, -1, -1, -1, -1, -1, -1, -1, -1, -1, -1, -1, -1, -1, -1, -1, -1, -1, -1, -1, -1, -1, -1, -1, -1, -1, -1, -1, -1, -1, -1, -1, -1, -1, -1, -1, -1, -1, -1, -1, -1, -1, -1, -1, -1, -1, -1, -1, -1, -1, -1, -1, -1, -1, -1]"
video_conferencing,VLC_Teams,/indian-slp/Users/ug/ZEPA/Kritik/net_data/5G_Traffic_Datasets/VLC_Teams/teams_windows_20m_03.csv,pretrain,1,0.03044,True,0,0,0,33,5,44,0.047472,"[158, 158, 114, 114, 158, 158, 114, 114, 146, 146, 158, 158, 114, 114, 158, 158, 114, 114, 146, 146, 146, 146, 158, 158, 114, 114, 158, 158, 114, 114, 158, 158, 114, 114, 158, 158, 114, 114, 146, 146, 158, 158, 114, 114, 146, 146, 158, 158, 114, 114, 158, 158, 114, 114, 158, 158, 114, 114, 146, 146, 158, 158, 114, 114]","[0.0, 0.0, 0.03044, 0.0, 1.040637, 0.0, 0.061024, 0.0, 0.007166, 0.0, 1.049697, 0.0, 0.047749, 0.0, 1.015555, 0.0, 0.054977, 0.0, 0.309368, 0.0, 0.409536, 0.0, 0.391081, 0.0, 0.079808, 0.0, 1.084321, 0.0, 0.074998, 0.0, 1.091113, 0.0, 0.079169, 0.0, 1.079724, 0.0, 0.030039, 0.0, 0.96605, 0.0, 0.111203, 0.0, 0.048104, 0.0, 0.359591, 0.0, 0.66227, 0.0, 0.047398, 0.0, 1.06165, 0.0, 0.069157, 0.0, 1.043022, 0.0, 0.071715, 0.0, 0.766084, 0.0, 0.322323, 0.0, 0.032222, 0.0]","[1, 1, -1, -1, 1, 1, -1, -1, 1, 1, 1, 1, -1, -1, 1, 1, -1, -1, -1, -1, 1, 1, 1, 1, -1, -1, 1, 1, -1, -1, 1, 1, -1, -1, 1, 1, -1, -1, -1, -1, 1, 1, -1, -1, 1, 1, 1, 1, -1, -1, 1, 1, -1, -1, 1, 1, -1, -1, -1, -1, 1, 1, -1, -1]"
video_conferencing,VLC_Teams,/indian-slp/Users/ug/ZEPA/Kritik/net_data/5G_Traffic_Datasets/VLC_Teams/teams_windows_20m_03.csv,pretrain,1,0.615495,True,0,0,0,33,5,44,0.047472,"[146, 146, 158, 158, 114, 114, 134, 134, 158, 158, 114, 114, 158, 158, 114, 114, 158, 158, 114, 114, 146, 146, 134, 134, 158, 158, 114, 114, 158, 158, 114, 114, 158, 158, 114, 114, 134, 134, 158, 158, 114, 114, 146, 146, 158, 158, 114, 114, 158, 158, 114, 114, 134, 134, 158, 158, 114, 114, 158, 158, 114, 114, 134, 134]","[0.0, 0.0, 0.490123, 0.0, 0.125372, 0.0, 0.340195, 0.0, 0.704719, 0.0, 0.060691, 0.0, 1.054345, 0.0, 0.060972, 0.0, 1.110915, 0.0, 0.109144, 0.0, 0.658483, 0.0, 0.170777, 0.0, 0.281277, 0.0, 0.059234, 0.0, 1.103237, 0.0, 0.051083, 0.0, 1.057336, 0.0, 0.098478, 0.0, 0.459987, 0.0, 0.596991, 0.0, 0.11305, 0.0, 0.779053, 0.0, 0.283087, 0.0, 0.072663, 0.0, 1.090604, 0.0, 0.079963, 0.0, 0.184961, 0.0, 0.847255, 0.0, 0.031678, 0.0, 1.074024, 0.0, 0.026724, 0.0, 0.3503, 0.0]","[1, 1, 1, 1, -1, -1, -1, -1, 1, 1, -1, -1, 1, 1, -1, -1, 1, 1, -1, -1, 1, 1, -1, -1, 1, 1, -1, -1, 1, 1, -1, -1, 1, 1, -1, -1, -1, -1, 1, 1, -1, -1, 1, 1, 1, 1, -1, -1, 1, 1, -1, -1, -1, -1, 1, 1, -1, -1, 1, 1, -1, -1, -1, -1]"
video_conferencing,VLC_Teams,/indian-slp/Users/ug/ZEPA/Kritik/net_data/5G_Traffic_Datasets/VLC_Teams/teams_windows_20m_03.csv,pretrain,1,0.055408,True,0,0,0,33,5,44,0.047472,"[158, 158, 114, 114, 106, 106, 146, 146, 94, 94, 158, 158, 114, 114, 158, 158, 114, 114, 182, 182, 106, 106, 158, 158, 114, 114, 94, 94, 158, 158, 114, 114, 146, 146, 158, 158, 114, 114, 158, 158, 182, 182, 114, 114, 158, 158, 114, 114, 158, 158, 114, 114, 146, 146, 158, 158, 114, 114, 158, 158, 114, 114, 158, 158]","[0.0, 0.0, 0.055408, 0.0, 0.187755, 0.0, 0.126593, 0.0, 0.0, 0.0, 0.745677, 0.0, 0.06046, 0.0, 1.054576, 0.0, 0.050625, 0.0, 0.370581, 0.0, 0.611559, 0.0, 0.032104, 0.0, 0.061721, 0.0, 0.034136, 0.0, 1.071143, 0.0, 0.078578, 0.0, 0.490293, 0.0, 0.593364, 0.0, 0.066942, 0.0, 1.095927, 0.0, 0.075093, 0.0, 0.002648, 0.0, 1.07741, 0.0, 0.048631, 0.0, 1.019233, 0.0, 0.04467, 0.0, 0.615725, 0.0, 0.451856, 0.0, 0.064292, 0.0, 1.048871, 0.0, 0.07009, 0.0, 1.092672, 0.0]","[1, 1, -1, -1, 1, 1, -1, -1, -1, -1, 1, 1, -1, -1, 1, 1, -1, -1, 1, 1, 1, 1, 1, 1, -1, -1, -1, -1, 1, 1, -1, -1, -1, -1, 1, 1, -1, -1, 1, 1, 1, 1, -1, -1, 1, 1, -1, -1, 1, 1, -1, -1, -1, -1, 1, 1, -1, -1, 1, 1, -1, -1, 1, 1]"
video_conferencing,VLC_Teams,/indian-slp/Users/ug/ZEPA/Kritik/net_data/5G_Traffic_Datasets/VLC_Teams/teams_windows_20m_03.csv,pretrain,0,0.044431,True,0,0,0,33,5,44,0.047472,"[97, 97, 93, 93, 60, 60, 97, 97, 93, 93, 60, 60, 97, 97, 93, 93, 60, 60, 97, 97, 93, 93, 60, 60, 97, 97, 93, 93, 60, 60, 97, 97, 93, 93, 60, 60, 97, 97, 93, 93, 60, 60, 97, 97, 93, 93, 60, 60, 97, 97, 93, 93, 60, 60, 97, 97, 93, 93, 60, 60, 97, 97, 93, 93]","[0.0, 0.0, 0.044431, 0.0, 0.043509, 0.0, 14.960586, 0.0, 0.043673, 0.0, 0.052108, 0.0, 14.957383, 0.0, 0.044964, 0.0, 0.048686, 0.0, 14.962052, 0.0, 0.043984, 0.0, 0.047239, 0.0, 14.966545, 0.0, 0.044317, 0.0, 0.04925, 0.0, 14.955079, 0.0, 0.044345, 0.0, 0.048435, 0.0, 14.968411, 0.0, 0.044367, 0.0, 0.047593, 0.0, 14.955147, 0.0, 0.043869, 0.0, 0.045667, 0.0, 14.958427, 0.0, 0.043699, 0.0, 0.049744, 0.0, 14.955767, 0.0, 0.043817, 0.0, 0.048892, 0.0, 14.953763, 0.0, 0.043716, 0.0]","[1, 1, -1, -1, 1, 1, 1, 1, -1, -1, 1, 1, 1, 1, -1, -1, 1, 1, 1, 1, -1, -1, 1, 1, 1, 1, -1, -1, 1, 1, 1, 1, -1, -1, 1, 1, 1, 1, -1, -1, 1, 1, 1, 1, -1, -1, 1, 1, 1, 1, -1, -1, 1, 1, 1, 1, -1, -1, 1, 1, 1, 1, -1, -1]"
video_conferencing,VLC_Teams,/indian-slp/Users/ug/ZEPA/Kritik/net_data/5G_Traffic_Datasets/VLC_Teams/teams_windows_20m_03.csv,pretrain,0,0.042025,True,0,0,0,33,5,44,0.047472,"[1494, 148, 1494, 148, 1494, 406, 1494, 406, 60, 60, 60, 60, 60, 60, 703, 703, 60, 60, 819, 819, 60, 60, 85, 85, 60, 60, 1506, 1506, 1506, 1506, 60, 60, 1153, 1153, 109, 1494, 109, 1494, 60, 85, 60, 85, 703, 703, 60, 60, 819, 819, 85, 85, 60, 60, 60, 60, 1506, 1506, 1506, 1506, 437, 437, 60, 60, 819, 819]","[0.0, 0.0, 0.0, 0.0, 0.0, 0.0, 0.0, 0.0, 0.042025, 0.0, 0.000393, 0.0, 0.0, 0.0, 0.022477, 0.0, 0.049397, 0.0, 0.038486, 0.0, 0.082576, 0.0, 0.000138, 0.0, 0.041161, 0.0, 0.01514, 0.0, 0.0, 0.0, 0.0, 0.0, 0.0, 0.0, 0.009722, 0.0, 0.0, 0.0, 0.042024, 0.0, 0.0, 0.0, 0.058295, 0.0, 0.054563, 0.0, 7.478342, 0.0, 0.088752, 0.0, 0.0, 0.0, 0.041898, 0.0, 8.881244, 0.0, 0.0, 0.0, 0.0, 0.0, 0.000166, 0.0, 0.089882, 0.0]","[1, 1, 1, 1, 1, 1, 1, 1, -1, -1, -1, -1, -1, -1, -1, -1, 1, 1, 1, 1, -1, -1, 1, 1, -1, -1, -1, -1, -1, -1, 1, 1, -1, -1, 1, 1, 1, 1, -1, 1, -1, 1, -1, -1, 1, 1, 1, 1, 1, 1, -1, -1, -1, -1, -1, -1, -1, -1, -1, -1, 1, 1, 1, 1]"
video_conferencing,VLC_Teams,/indian-slp/Users/ug/ZEPA/Kritik/net_data/5G_Traffic_Datasets/VLC_Teams/teams_windows_20m_03.csv,pretrain,0,0.178351,True,0,0,0,33,5,44,0.047472,"[137, 137, 1506, 1506, 1506, 1506, 60, 60, 60, 60, 819, 819, 60, 60, 85, 85, 60, 60, 325, 325, 1506, 1506, 1506, 1506, 60, 60, 60, 60, 819, 819, 60, 60, 85, 85, 60, 60, 1506, 1506, 1506, 397, 1506, 397, 60, 60, 819, 819, 85, 60, 85, 60, 60, 60, 990, 990, 60, 60, 819, 819, 60, 60, 85, 85, 60, 60]","[0.0, 0.0, 0.0, 0.0, 0.0, 0.0, 0.0, 0.0, 0.05457, 0.0, 0.086111, 0.0, 0.03767, 0.0, 8.8e-05, 0.0, 0.037076, 0.0, 7.566174, 0.0, 0.0, 0.0, 0.0, 0.0, 8.2e-05, 0.0, 0.046871, 0.0, 8.96705, 0.0, 0.037297, 0.0, 0.0, 0.0, 0.037161, 0.0, 0.013444, 0.0, 0.0, 0.0, 0.0, 0.0, 0.000409, 0.0, 0.654562, 0.0, 0.104973, 0.0, 0.0, 0.0, 0.03747, 0.0, 20.013363, 0.0, 0.046774, 0.0, 20.048113, 0.0, 0.037685, 0.0, 0.000219, 0.0, 0.036938, 0.0]","[-1, -1, -1, -1, -1, -1, 1, 1, 1, 1, 1, 1, -1, -1, 1, 1, -1, -1, -1, -1, -1, -1, -1, -1, 1, 1, 1, 1, 1, 1, -1, -1, 1, 1, -1, -1, -1, -1, -1, -1, -1, -1, 1, 1, 1, 1, 1, -1, 1, -1, -1, -1, -1, -1, 1, 1, 1, 1, -1, -1, 1, 1, -1, -1]"
video_conferencing,VLC_Teams,/indian-slp/Users/ug/ZEPA/Kritik/net_data/5G_Traffic_Datasets/VLC_Teams/teams_windows_20m_03.csv,pretrain,1,0.058428,True,0,0,0,33,5,44,0.047472,"[264, 264, 228, 228, 264, 264, 228, 228, 264, 264, 228, 228, 264, 264, 228, 228, 264, 264, 228, 228, 264, 264, 228, 228, 264, 264, 228, 228, 264, 264, 228, 228, 264, 264, 228, 228, 264, 264, 228, 228, 264, 264, 228, 228, 264, 264, 228, 228, 264, 264, 228, 228, 264, 264, 228, 228, 264, 264, 228, 228, 264, 264, 228, 228]","[0.0, 0.0, 0.058428, 0.0, 20.208418, 0.0, 0.058836, 0.0, 20.226765, 0.0, 0.058298, 0.0, 20.198146, 0.0, 0.057701, 0.0, 20.196905, 0.0, 0.058327, 0.0, 20.173524, 0.0, 0.05774, 0.0, 20.175222, 0.0, 0.057745, 0.0, 20.204373, 0.0, 0.058436, 0.0, 20.208131, 0.0, 0.057838, 0.0, 20.197224, 0.0, 0.057848, 0.0, 20.2069, 0.0, 0.057482, 0.0, 20.209532, 0.0, 0.057921, 0.0, 20.206036, 0.0, 0.060655, 0.0, 20.175396, 0.0, 0.057784, 0.0, 20.227287, 0.0, 0.058167, 0.0, 20.224072, 0.0, 0.057668, 0.0]","[1, 1, -1, -1, 1, 1, -1, -1, 1, 1, -1, -1, 1, 1, -1, -1, 1, 1, -1, -1, 1, 1, -1, -1, 1, 1, -1, -1, 1, 1, -1, -1, 1, 1, -1, -1, 1, 1, -1, -1, 1, 1, -1, -1, 1, 1, -1, -1, 1, 1, -1, -1, 1, 1, -1, -1, 1, 1, -1, -1, 1, 1, -1, -1]"
video_conferencing,VLC_Teams,/indian-slp/Users/ug/ZEPA/Kritik/net_data/5G_Traffic_Datasets/VLC_Teams/teams_windows_20m_03.csv,pretrain,1,0.062417,True,0,0,0,33,5,44,0.047472,"[264, 264, 228, 228, 264, 264, 228, 228, 264, 264, 228, 228, 264, 264, 228, 228, 264, 264, 228, 228, 264, 264, 228, 228, 264, 264, 228, 228, 264, 264, 228, 228, 264, 264, 228, 228, 264, 264, 228, 228, 264, 264, 228, 228, 264, 264, 228, 228, 264, 264, 228, 228, 264, 264, 228, 228, 264, 264, 228, 228, 264, 264, 228, 228]","[0.0, 0.0, 0.062417, 0.0, 20.204429, 0.0, 0.062442, 0.0, 20.223159, 0.0, 0.061694, 0.0, 20.19475, 0.0, 0.061629, 0.0, 20.192977, 0.0, 0.061832, 0.0, 20.165147, 0.0, 0.062182, 0.0, 20.22889, 0.0, 0.061986, 0.0, 20.200674, 0.0, 0.061958, 0.0, 20.203125, 0.0, 0.062026, 0.0, 20.193619, 0.0, 0.062038, 0.0, 20.203018, 0.0, 0.062723, 0.0, 20.20428, 0.0, 0.062717, 0.0, 20.202721, 0.0, 0.061754, 0.0, 20.22458, 0.0, 0.062906, 0.0, 20.219733, 0.0, 0.061681, 0.0, 20.225141, 0.0, 0.062343, 0.0]","[1, 1, -1, -1, 1, 1, -1, -1, 1, 1, -1, -1, 1, 1, -1, -1, 1, 1, -1, -1, 1, 1, -1, -1, 1, 1, -1, -1, 1, 1, -1, -1, 1, 1, -1, -1, 1, 1, -1, -1, 1, 1, -1, -1, 1, 1, -1, -1, 1, 1, -1, -1, 1, 1, -1, -1, 1, 1, -1, -1, 1, 1, -1, -1]"
video_conferencing,VLC_Teams,/indian-slp/Users/ug/ZEPA/Kritik/net_data/5G_Traffic_Datasets/VLC_Teams/teams_windows_20m_03.csv,pretrain,1,0.060363,True,0,0,0,33,5,44,0.047472,"[264, 264, 228, 228, 264, 264, 228, 228, 264, 264, 228, 228, 264, 264, 228, 228, 264, 264, 228, 228, 264, 264, 228, 228, 264, 264, 228, 228, 264, 264, 228, 228, 264, 264, 228, 228, 264, 264, 228, 228, 264, 264, 228, 228, 264, 264, 228, 228, 264, 264, 228, 228, 264, 264, 228, 228, 264, 264, 228, 228, 264, 264, 228, 228]","[0.0, 0.0, 0.060363, 0.0, 20.206483, 0.0, 0.060543, 0.0, 20.225058, 0.0, 0.060215, 0.0, 20.196069, 0.0, 0.060277, 0.0, 20.194489, 0.0, 0.060298, 0.0, 20.166806, 0.0, 0.060497, 0.0, 20.23045, 0.0, 0.06043, 0.0, 20.20223, 0.0, 0.0874, 0.0, 20.177683, 0.0, 0.060042, 0.0, 20.195603, 0.0, 0.060118, 0.0, 20.204938, 0.0, 0.060654, 0.0, 20.206349, 0.0, 0.060299, 0.0, 20.205139, 0.0, 0.060226, 0.0, 20.226108, 0.0, 0.061407, 0.0, 20.221232, 0.0, 0.060155, 0.0, 20.226667, 0.0, 0.060365, 0.0]","[1, 1, -1, -1, 1, 1, -1, -1, 1, 1, -1, -1, 1, 1, -1, -1, 1, 1, -1, -1, 1, 1, -1, -1, 1, 1, -1, -1, 1, 1, -1, -1, 1, 1, -1, -1, 1, 1, -1, -1, 1, 1, -1, -1, 1, 1, -1, -1, 1, 1, -1, -1, 1, 1, -1, -1, 1, 1, -1, -1, 1, 1, -1, -1]"
video_conferencing,VLC_Teams,/indian-slp/Users/ug/ZEPA/Kritik/net_data/5G_Traffic_Datasets/VLC_Teams/teams_windows_20m_03.csv,pretrain,1,0.060363,True,0,0,0,33,5,44,0.047472,"[264, 264, 228, 228, 264, 264, 228, 228, 264, 264, 228, 228, 264, 264, 228, 228, 264, 264, 228, 228, 264, 264, 228, 228, 264, 264, 228, 228, 264, 264, 228, 228, 264, 264, 228, 228, 264, 264, 228, 228, 264, 264, 228, 228, 264, 264, 228, 228, 264, 264, 228, 228, 264, 264, 228, 228, 264, 264, 228, 228, 264, 264, 228, 228]","[0.0, 0.0, 0.060363, 0.0, 20.206483, 0.0, 0.060543, 0.0, 20.225058, 0.0, 0.060215, 0.0, 20.196069, 0.0, 0.060277, 0.0, 20.194489, 0.0, 0.060298, 0.0, 20.22574, 0.0, 0.060237, 0.0, 20.224931, 0.0, 0.060436, 0.0, 20.203247, 0.0, 0.060701, 0.0, 20.204275, 0.0, 0.06416, 0.0, 20.189529, 0.0, 0.061053, 0.0, 20.205056, 0.0, 0.060459, 0.0, 20.206275, 0.0, 0.060145, 0.0, 20.207698, 0.0, 0.060122, 0.0, 20.222742, 0.0, 0.060193, 0.0, 20.222712, 0.0, 0.061218, 0.0, 20.173504, 0.0, 0.060087, 0.0]","[1, 1, -1, -1, 1, 1, -1, -1, 1, 1, -1, -1, 1, 1, -1, -1, 1, 1, -1, -1, 1, 1, -1, -1, 1, 1, -1, -1, 1, 1, -1, -1, 1, 1, -1, -1, 1, 1, -1, -1, 1, 1, -1, -1, 1, 1, -1, -1, 1, 1, -1, -1, 1, 1, -1, -1, 1, 1, -1, -1, 1, 1, -1, -1]"
video_conferencing,VLC_Teams,/indian-slp/Users/ug/ZEPA/Kritik/net_data/5G_Traffic_Datasets/VLC_Teams/teams_windows_20m_03.csv,pretrain,0,0.014004,True,0,6,0,33,5,44,0.047472,"[60, 60, 66, 66, 78, 78, 60, 60, 60, 60, 60, 60, 60, 60, 60, 60]","[0.0, 0.0, 0.014004, 0.0, 29.952299, 0.0, 0.00012, 0.0, 0.000176, 0.0, 0.0, 0.0, 0.314821, 0.0, 0.014125, 0.0]","[1, 1, -1, -1, -1, -1, -1, -1, 1, 1, 1, 1, 1, 1, -1, -1]"
video_conferencing,VLC_Teams,/indian-slp/Users/ug/ZEPA/Kritik/net_data/5G_Traffic_Datasets/VLC_Teams/teams_windows_20m_03.csv,pretrain,0,0.005047,True,2,4,2,33,5,44,0.047472,"[66, 66, 60, 66, 66, 60, 259, 259, 60, 60, 1506, 1506, 1506, 1506, 948, 948, 60, 60, 180, 180, 60, 60, 312, 312, 175, 175, 141, 141, 60, 60, 122, 92, 92, 92, 122, 92, 206, 206, 92, 60, 60, 60, 60, 92, 85, 85, 60, 60, 60, 60]","[0.0, 0.0, 0.005047, 0.0, 0.0, 0.0, 0.000255, 0.0, 0.005397, 0.0, 0.000577, 0.0, 0.0, 0.0, 0.000143, 0.0, 0.00021, 0.0, 0.00233, 0.0, 0.005106, 0.0, 0.000229, 0.0, 0.00038, 0.0, 0.0, 0.0, 0.005389, 0.0, 0.00092, 0.0, 0.0, 0.0, 0.0, 0.0, 0.000134, 0.0, 0.000152, 0.0, 0.0, 0.0, 0.0, 0.0, 0.005235, 0.0, 0.0, 0.0, 0.000382, 0.0]","[1, 1, 1, -1, -1, 1, 1, 1, -1, -1, -1, -1, -1, -1, -1, -1, 1, 1, 1, 1, -1, -1, -1, -1, 1, 1, 1, 1, -1, -1, -1, -1, 1, 1, -1, -1, -1, -1, -1, 1, 1, 1, 1, -1, -1, -1, 1, 1, -1, -1]"
video_conferencing,VLC_Teams,/indian-slp/Users/ug/ZEPA/Kritik/net_data/5G_Traffic_Datasets/VLC_Teams/teams_windows_20m_03.csv,pretrain,0,0.161561,True,0,4,0,33,5,44,0.047472,"[60, 60, 60, 60, 60, 60]","[0.0, 0.0, 0.161561, 0.0, 0.00015, 0.0]","[1, 1, -1, -1, 1, 1]"
video_conferencing,VLC_Teams,/indian-slp/Users/ug/ZEPA/Kritik/net_data/5G_Traffic_Datasets/VLC_Teams/teams_windows_20m_03.csv,pretrain,0,0.012977,True,0,6,0,33,5,44,0.047472,"[60, 60, 66, 66, 78, 60, 60, 78, 60, 60, 60, 60, 60, 60, 60, 60]","[0.0, 0.0, 0.012977, 0.0, 29.9783, 0.0, 0.0, 0.0, 0.00012, 0.0, 0.000136, 0.0, 0.300836, 0.0, 0.013852, 0.0]","[1, 1, -1, -1, -1, -1, -1, -1, 1, 1, 1, 1, 1, 1, -1, -1]"
video_conferencing,VLC_Teams,/indian-slp/Users/ug/ZEPA/Kritik/net_data/5G_Traffic_Datasets/VLC_Teams/teams_windows_20m_03.csv,pretrain,0,0.104173,True,2,2,2,33,5,44,0.047472,"[66, 66, 66, 66, 213, 60, 60, 213, 60, 292, 60, 60, 60, 292, 60, 60, 60, 60]","[0.0, 0.0, 0.104173, 0.0, 0.000246, 0.0, 0.0, 0.0, 0.114696, 0.0, 0.0, 0.0, 0.0, 0.0, 0.0, 0.0, 0.000843, 0.0]","[1, 1, -1, -1, 1, 1, 1, 1, -1, -1, -1, 1, -1, -1, -1, 1, 1, 1]"
video_conferencing,VLC_Teams,/indian-slp/Users/ug/ZEPA/Kritik/net_data/5G_Traffic_Datasets/VLC_Teams/teams_windows_20m_03.csv,pretrain,0,0.0,False,0,0,2,33,5,44,0.047472,"[104, 104, 104, 104, 104, 104, 104, 104, 104, 104, 104, 104, 82, 85, 85, 82, 60, 60, 163, 163, 60, 60]","[0.0, 0.0, 0.254645, 0.0, 0.300569, 0.0, 0.612645, 0.0, 1.205193, 0.0, 2.402123, 0.0, 0.225926, 0.0, 0.0, 0.0, 0.057853, 0.0, 4.51961, 0.0, 9.616333, 0.0]","[1, 1, 1, 1, 1, 1, 1, 1, 1, 1, 1, 1, 1, 1, 1, 1, 1, 1, 1, 1, 1, 1]"
video_conferencing,VLC_Teams,/indian-slp/Users/ug/ZEPA/Kritik/net_data/5G_Traffic_Datasets/VLC_Teams/teams_windows_20m_03.csv,pretrain,0,0.058063,True,2,0,0,33,5,44,0.047472,"[66, 66, 66, 66, 60, 60, 264, 264, 1506, 1506, 60, 60, 1386, 1386, 1506, 1506, 60, 60, 212, 212, 60, 105, 60, 105, 123, 123, 515, 92, 141, 92, 141, 515, 1494, 235, 92, 235, 92, 1494, 60, 60, 60, 60, 92, 92, 60, 60, 60, 60, 1506, 1506, 1506, 1506, 1506, 1506, 1506, 1506, 1506, 1506, 696, 60, 696, 60, 60, 60]","[0.0, 0.0, 0.058063, 0.0, 0.0002, 0.0, 0.001086, 0.0, 0.058258, 0.0, 0.000157, 0.0, 0.0, 0.0, 0.0, 0.0, 8.6e-05, 0.0, 0.009246, 0.0, 0.05863, 0.0, 0.0, 0.0, 0.0, 0.0, 0.00092, 0.0, 0.0, 0.0, 0.0, 0.0, 0.000154, 0.0, 0.0, 0.0, 0.0, 0.0, 0.057622, 0.0, 0.0, 0.0, 0.0, 0.0, 0.000753, 0.0, 0.0, 0.0, 0.195171, 0.0, 8.3e-05, 0.0, 0.0, 0.0, 0.000105, 0.0, 0.0, 0.000176, 0.0, 0.0, 0.0, 0.0, 0.0, 0.0]","[1, 1, -1, -1, 1, 1, 1, 1, -1, -1, 1, 1, -1, -1, -1, -1, 1, 1, 1, 1, 1, -1, 1, -1, -1, -1, 1, 1, 1, 1, 1, 1, 1, 1, 1, 1, 1, 1, 1, 1, -1, -1, -1, -1, -1, -1, -1, -1, -1, -1, -1, -1, -1, -1, -1, -1, -1, -1, -1, 1, -1, 1, 1, 1]"
video_conferencing,VLC_Teams,/indian-slp/Users/ug/ZEPA/Kritik/net_data/5G_Traffic_Datasets/VLC_Teams/teams_windows_20m_03.csv,pretrain,0,0.060394,True,2,0,0,33,5,44,0.047472,"[66, 66, 66, 66, 60, 60, 264, 264, 1506, 1506, 1386, 1506, 1386, 1506, 60, 60, 212, 212, 60, 60, 123, 105, 105, 123, 137, 92, 141, 92, 481, 1494, 481, 141, 137, 1494, 92, 92, 92, 60, 60, 92, 60, 60, 60, 60, 60, 60, 1506, 1506, 1506, 1506, 1506, 1506, 60, 60, 1506, 1506, 1506, 1506, 60, 60, 1506, 1506, 1506, 1506]","[0.0, 0.0, 0.060394, 0.0, 0.00024, 0.0, 0.000963, 0.0, 0.06103, 0.0, 7.4e-05, 0.0, 0.0, 0.0, 0.000161, 0.0, 0.009307, 0.0, 0.061344, 0.0, 0.0, 0.0, 0.0, 0.0, 0.001234, 0.0, 0.0, 0.0, 0.0, 0.0, 0.0, 0.0, 0.0, 0.0, 4.9e-05, 0.0, 0.059282, 0.0, 0.0, 0.0, 0.000381, 0.0, 0.00049, 0.0, 0.040854, 0.0, 0.203874, 0.0, 0.0, 0.0, 0.000122, 0.0, 0.0, 0.0, 0.000158, 0.0, 0.0, 0.0, 0.0, 0.0, 0.0, 0.0, 0.0, 0.0]","[1, 1, -1, -1, 1, 1, 1, 1, -1, -1, -1, -1, -1, -1, 1, 1, 1, 1, 1, 1, -1, -1, -1, -1, 1, 1, 1, 1, 1, 1, 1, 1, 1, 1, 1, 1, -1, 1, 1, -1, -1, -1, -1, -1, -1, -1, -1, -1, -1, -1, -1, -1, 1, 1, -1, -1, -1, -1, 1, 1, -1, -1, -1, -1]"
video_conferencing,VLC_Teams,/indian-slp/Users/ug/ZEPA/Kritik/net_data/5G_Traffic_Datasets/VLC_Teams/teams_windows_20m_03.csv,pretrain,0,0.005997,True,0,4,0,33,5,44,0.047472,"[60, 60, 60, 60, 60, 60]","[0.0, 0.0, 0.005997, 0.0, 0.0, 0.0]","[1, 1, 1, -1, 1, -1]"
video_conferencing,VLC_Teams,/indian-slp/Users/ug/ZEPA/Kritik/net_data/5G_Traffic_Datasets/VLC_Teams/teams_windows_20m_03.csv,pretrain,0,0.024252,True,0,4,0,33,5,44,0.047472,"[60, 60, 60, 60, 60, 60]","[0.0, 0.0, 0.024252, 0.0, 0.000162, 0.0]","[1, 1, -1, -1, 1, 1]"
video_conferencing,VLC_Teams,/indian-slp/Users/ug/ZEPA/Kritik/net_data/5G_Traffic_Datasets/VLC_Teams/teams_windows_20m_03.csv,pretrain,0,0.027099,True,0,4,0,33,5,44,0.047472,"[60, 60, 60, 60, 60, 60]","[0.0, 0.0, 0.027099, 0.0, 0.0, 0.0]","[1, 1, -1, 1, -1, 1]"
video_conferencing,VLC_Teams,/indian-slp/Users/ug/ZEPA/Kritik/net_data/5G_Traffic_Datasets/VLC_Teams/teams_windows_20m_03.csv,pretrain,0,0.00843,True,0,4,0,33,5,44,0.047472,"[60, 60, 60, 60, 60, 60]","[0.0, 0.0, 0.00843, 0.0, 0.000151, 0.0]","[1, 1, -1, -1, 1, 1]"
video_conferencing,VLC_Teams,/indian-slp/Users/ug/ZEPA/Kritik/net_data/5G_Traffic_Datasets/VLC_Teams/teams_windows_20m_03.csv,pretrain,0,0.014148,True,0,4,0,33,5,44,0.047472,"[60, 60, 60, 60, 60, 60]","[0.0, 0.0, 0.014148, 0.0, 0.0, 0.0]","[1, 1, -1, -1, 1, 1]"
video_conferencing,VLC_Teams,/indian-slp/Users/ug/ZEPA/Kritik/net_data/5G_Traffic_Datasets/VLC_Teams/teams_windows_20m_03.csv,pretrain,0,0.010519,True,0,4,0,33,5,44,0.047472,"[60, 60, 60, 60, 60, 60]","[0.0, 0.0, 0.010519, 0.0, 0.000156, 0.0]","[1, 1, -1, -1, 1, 1]"
video_conferencing,VLC_Teams,/indian-slp/Users/ug/ZEPA/Kritik/net_data/5G_Traffic_Datasets/VLC_Teams/teams_windows_20m_03.csv,pretrain,0,0.014462,True,0,4,0,33,5,44,0.047472,"[60, 60, 60, 60, 60, 60]","[0.0, 0.0, 0.014462, 0.0, 0.0, 0.0]","[1, 1, 1, -1, -1, 1]"
video_conferencing,VLC_Teams,/indian-slp/Users/ug/ZEPA/Kritik/net_data/5G_Traffic_Datasets/VLC_Teams/teams_windows_20m_03.csv,pretrain,0,0.009726,True,0,4,0,33,5,44,0.047472,"[60, 60, 60, 60, 60, 60]","[0.0, 0.0, 0.009726, 0.0, 0.000265, 0.0]","[1, 1, -1, -1, 1, 1]"
video_conferencing,VLC_Teams,/indian-slp/Users/ug/ZEPA/Kritik/net_data/5G_Traffic_Datasets/VLC_Teams/teams_windows_20m_03.csv,pretrain,0,0.009698,True,2,4,2,33,5,44,0.047472,"[66, 66, 66, 66, 60, 60, 259, 259, 60, 60, 1506, 1506, 1506, 1506, 60, 60, 948, 948, 180, 180, 60, 60, 312, 312, 141, 141, 175, 175, 60, 60, 92, 92, 122, 122, 92, 92, 206, 206, 60, 60, 92, 92, 60, 60, 60, 60, 60, 60, 85, 85, 60, 60]","[0.0, 0.0, 0.009698, 0.0, 0.0, 0.0, 0.000243, 0.0, 0.009488, 0.0, 0.008973, 0.0, 0.000127, 0.0, 0.0, 0.0, 0.0, 0.0, 0.004153, 0.0, 0.009626, 0.0, 0.000559, 0.0, 0.000573, 0.0, 0.0, 0.0, 0.009431, 0.0, 0.000824, 0.0, 0.0, 0.0, 0.0, 0.0, 0.0, 0.0, 0.0, 0.0, 6.2e-05, 0.0, 1.6e-05, 0.0, 0.000126, 0.0, 0.011755, 0.0, 0.0, 0.0, 0.000336, 0.0]","[1, 1, -1, -1, 1, 1, 1, 1, -1, -1, -1, -1, -1, -1, 1, 1, -1, -1, 1, 1, -1, -1, -1, -1, 1, 1, 1, 1, -1, -1, -1, -1, -1, -1, 1, 1, -1, -1, 1, 1, -1, -1, 1, 1, 1, 1, 1, 1, -1, -1, -1, -1]"
video_conferencing,VLC_Teams,/indian-slp/Users/ug/ZEPA/Kritik/net_data/5G_Traffic_Datasets/VLC_Teams/teams_windows_20m_03.csv,pretrain,1,0.037842,True,0,0,0,33,5,44,0.047472,"[60, 60, 60, 60, 60, 60]","[0.0, 0.0, 0.037842, 0.0, 0.100357, 0.0]","[1, 1, -1, -1, -1, -1]"
video_conferencing,VLC_Teams,/indian-slp/Users/ug/ZEPA/Kritik/net_data/5G_Traffic_Datasets/VLC_Teams/teams_windows_20m_03.csv,pretrain,0,0.013718,True,0,6,0,33,5,44,0.047472,"[60, 60, 66, 66, 78, 78, 60, 60, 60, 60, 60, 60, 60, 60, 60, 60]","[0.0, 0.0, 0.013718, 0.0, 29.957236, 0.0, 0.0, 0.0, 9.8e-05, 0.0, 0.000121, 0.0, 0.312791, 0.0, 0.013498, 0.0]","[1, 1, -1, -1, -1, -1, -1, -1, 1, 1, 1, 1, 1, 1, -1, -1]"
video_conferencing,VLC_Teams,/indian-slp/Users/ug/ZEPA/Kritik/net_data/5G_Traffic_Datasets/VLC_Teams/teams_windows_20m_03.csv,pretrain,0,0.006171,True,0,4,0,33,5,44,0.047472,"[60, 60, 66, 66, 78, 78, 60, 60, 60, 60, 60, 60, 60, 60]","[0.0, 0.0, 0.006171, 0.0, 29.983282, 0.0, 0.0, 0.0, 0.000175, 0.0, 0.000131, 0.0, 0.005892, 0.0]","[1, 1, -1, -1, -1, -1, -1, -1, 1, 1, 1, 1, -1, -1]"
video_conferencing,VLC_Teams,/indian-slp/Users/ug/ZEPA/Kritik/net_data/5G_Traffic_Datasets/VLC_Teams/teams_windows_20m_03.csv,pretrain,0,0.014402,True,0,6,0,33,5,44,0.047472,"[60, 60, 66, 66, 60, 60, 78, 78, 60, 60, 60, 60, 60, 60, 60, 60]","[0.0, 0.0, 0.014402, 0.0, 29.95312, 0.0, 0.0, 0.0, 0.0, 0.0, 9.7e-05, 0.0, 0.308702, 0.0, 0.014454, 0.0]","[1, 1, -1, -1, -1, -1, -1, -1, 1, 1, 1, 1, 1, 1, -1, -1]"
video_conferencing,VLC_Teams,/indian-slp/Users/ug/ZEPA/Kritik/net_data/5G_Traffic_Datasets/VLC_Teams/teams_windows_20m_03.csv,pretrain,0,0.009527,True,2,0,0,33,5,44,0.047472,"[66, 66, 66, 66, 60, 60, 1506, 659, 659, 1506, 60, 60, 60, 60, 318, 318, 134, 134, 146, 146, 576, 576, 60, 60, 60, 60, 60, 60, 357, 357, 85, 85, 60, 60, 85, 85, 115, 115, 60, 60, 836, 836, 60, 60, 60, 60, 1506, 1506, 1506, 1506, 1506, 1506, 1506, 60, 60, 60, 60, 1506, 1506, 60, 1506, 60, 60, 60]","[0.0, 0.0, 0.009527, 0.0, 0.000142, 0.0, 0.0002, 0.0, 0.0, 0.0, 0.010144, 0.0, 0.0, 0.0, 0.000221, 0.0, 0.000213, 0.0, 0.0, 0.0, 0.000168, 0.0, 0.009684, 0.0, 0.0, 0.0, 0.0, 0.0, 0.00037, 0.0, 0.001065, 0.0, 0.0, 0.0, 0.0, 0.0, 0.0, 0.0, 0.000896, 0.0, 0.0, 0.0, 9.6e-05, 0.0, 0.0, 0.0, 0.0, 0.0, 0.0, 0.0, 8.4e-05, 0.0, 0.0, 0.0, 0.0, 0.0, 0.0, 0.0, 0.0, 0.000102, 0.0, 0.0, 0.0, 0.0]","[1, 1, -1, -1, 1, 1, 1, 1, 1, 1, -1, -1, -1, -1, -1, -1, 1, 1, 1, 1, 1, 1, -1, -1, -1, -1, -1, -1, -1, -1, 1, 1, 1, 1, -1, -1, -1, -1, 1, 1, -1, -1, 1, 1, 1, 1, -1, -1, -1, -1, -1, -1, -1, 1, 1, 1, 1, -1, -1, 1, -1, 1, 1, 1]"
video_conferencing,VLC_Teams,/indian-slp/Users/ug/ZEPA/Kritik/net_data/5G_Traffic_Datasets/VLC_Teams/teams_windows_20m_03.csv,pretrain,0,0.0,False,0,14,2,33,5,44,0.047472,"[78, 78, 60, 60, 60, 60, 60, 60, 60, 60, 60, 60, 60, 60, 60, 60, 60, 60, 60, 60]","[0.0, 0.0, 0.000139, 0.0, 0.00011, 0.0, 0.0, 0.0, 0.30298, 0.0, 0.606443, 0.0, 1.214512, 0.0, 2.402572, 0.0, 4.800487, 0.0, 9.615451, 0.0]","[-1, -1, -1, -1, 1, 1, 1, 1, 1, 1, 1, 1, 1, 1, 1, 1, 1, 1, 1, 1]"
video_conferencing,VLC_Teams,/indian-slp/Users/ug/ZEPA/Kritik/net_data/5G_Traffic_Datasets/VLC_Teams/teams_windows_20m_03.csv,pretrain,0,0.005662,True,0,0,0,33,5,44,0.047472,"[93, 222, 93, 222, 93, 93, 60, 60, 60, 60, 334, 334, 144, 144, 60, 60, 217, 217, 60, 60, 213, 213, 166, 93, 166, 93, 60, 93, 93, 60, 60, 60, 60, 60, 85, 575, 60, 60, 575, 85, 89, 89, 60, 60, 213, 93, 213, 166, 166, 93, 60, 60, 60, 60, 93, 93, 60, 60, 60, 60, 441, 441, 85, 85]","[0.0, 0.0, 0.0, 0.0, 0.005662, 0.0, 0.0, 0.0, 0.055078, 0.0, 0.005267, 0.0, 0.002039, 0.0, 0.005545, 0.0, 0.035377, 0.0, 0.050652, 0.0, 27.847722, 0.0, 0.0, 0.0, 0.0, 0.0, 0.006004, 0.0, 0.0, 0.0, 0.0, 0.0, 0.042607, 0.0, 0.168343, 0.0, 0.0, 0.0, 0.0, 0.0, 0.000605, 0.0, 0.005301, 0.0, 19.79572, 0.0, 0.0, 0.0, 0.0, 0.0, 0.005673, 0.0, 0.0, 0.0, 0.00014, 0.0, 0.000149, 0.0, 0.043951, 0.0, 0.177109, 0.0, 0.000138, 0.0]","[1, 1, 1, 1, -1, -1, -1, -1, 1, 1, -1, -1, 1, 1, -1, -1, -1, -1, 1, 1, 1, 1, 1, 1, 1, 1, -1, -1, -1, -1, -1, -1, 1, 1, -1, -1, 1, 1, -1, -1, 1, 1, -1, -1, 1, 1, 1, 1, 1, 1, -1, -1, -1, -1, -1, -1, -1, -1, 1, 1, -1, -1, -1, -1]"
video_conferencing,VLC_Teams,/indian-slp/Users/ug/ZEPA/Kritik/net_data/5G_Traffic_Datasets/VLC_Teams/teams_windows_20m_03.csv,pretrain,0,0.164575,True,2,0,0,33,5,44,0.047472,"[66, 66, 66, 66, 60, 60, 285, 1506, 1506, 1506, 60, 60, 1506, 1506, 1506, 554, 60, 1506, 554, 60, 1506, 60, 60, 212, 212, 60, 105, 60, 105, 1139, 1139, 1494, 1494, 1150, 1150, 60, 60, 509, 60, 509, 60]","[0.0, 0.0, 0.164575, 0.0, 0.000451, 0.0, 0.000297, 0.15989, 0.0, 0.0, 0.0, 0.0, 0.0, 0.000113, 0.0, 0.00012, 0.0, 0.0, 0.0, 0.0, 0.0, 3.9e-05, 0.0, 0.002409, 0.0, 0.162265, 0.0, 0.0, 0.0, 0.000375, 0.0, 0.0, 0.000131, 0.0, 0.0, 0.162282, 0.0, 0.03343, 0.0, 0.0, 0.0]","[1, 1, -1, -1, 1, 1, 1, -1, -1, -1, 1, 1, -1, -1, -1, -1, 1, -1, -1, 1, -1, 1, 1, 1, 1, 1, -1, 1, -1, 1, 1, 1, 1, 1, 1, -1, -1, -1, 1, -1, 1]"
video_conferencing,VLC_Teams,/indian-slp/Users/ug/ZEPA/Kritik/net_data/5G_Traffic_Datasets/VLC_Teams/teams_windows_20m_03.csv,pretrain,0,0.005764,True,0,0,0,33,5,44,0.047472,"[60, 60, 66, 66, 93, 184, 125, 184, 125, 93, 60, 60, 60, 60, 60, 60, 93, 256, 93, 256, 92, 92, 60, 60, 179, 89, 89, 89, 179, 89, 635, 635, 256, 92, 256, 92, 60, 60, 89, 89, 120, 120, 608, 608, 60, 60, 60, 60, 60, 60, 264, 264, 89, 89, 264, 85, 60, 60, 264, 85, 89, 89, 60, 60]","[0.0, 0.0, 0.005764, 0.0, 13.663258, 0.0, 0.0, 0.0, 0.0, 0.0, 0.006419, 0.0, 0.000108, 0.0, 0.0, 0.0, 0.002428, 0.0, 0.0, 0.0, 0.000122, 0.0, 0.000103, 0.0, 0.000173, 0.0, 0.0, 0.0, 0.0, 0.0, 0.000129, 0.0, 0.001175, 0.0, 0.0, 0.0, 0.000129, 0.0, 0.000131, 0.0, 0.0, 0.0, 0.0, 0.0, 0.005327, 0.0, 0.000327, 0.0, 0.040781, 0.0, 0.135786, 0.0, 0.000343, 0.0, 0.001295, 0.0, 0.0, 0.0, 0.0, 0.0, 0.000108, 0.0, 0.005427, 0.0]","[1, 1, -1, -1, 1, 1, 1, 1, 1, 1, -1, -1, -1, -1, -1, -1, -1, -1, -1, -1, -1, -1, 1, 1, 1, 1, 1, 1, 1, 1, 1, 1, -1, -1, -1, -1, 1, 1, 1, 1, 1, 1, 1, 1, -1, -1, -1, -1, -1, -1, -1, -1, 1, 1, -1, -1, 1, 1, -1, -1, 1, 1, -1, -1]"
video_conferencing,VLC_Teams,/indian-slp/Users/ug/ZEPA/Kritik/net_data/5G_Traffic_Datasets/VLC_Teams/teams_windows_20m_03.csv,pretrain,0,0.037611,True,0,0,0,33,5,44,0.047472,"[104, 104, 93, 93, 60, 60, 1464, 1242, 1464, 1242, 60, 60, 340, 104, 104, 340, 60, 60, 93, 93, 60, 60]","[0.0, 0.0, 0.037611, 0.0, 0.041172, 0.0, 3.85081, 0.0, 0.0, 0.0, 0.000163, 0.0, 0.000887, 0.0, 0.0, 0.0, 0.037138, 0.0, 0.00042, 0.0, 0.052356, 0.0]","[1, 1, -1, -1, 1, 1, -1, -1, -1, -1, 1, 1, 1, 1, 1, 1, -1, -1, -1, -1, 1, 1]"
video_conferencing,VLC_Teams,/indian-slp/Users/ug/ZEPA/Kritik/net_data/5G_Traffic_Datasets/VLC_Teams/teams_windows_20m_03.csv,pretrain,0,0.150034,True,0,0,0,33,5,44,0.047472,"[784, 1494, 1494, 784, 195, 1494, 93, 1494, 93, 195, 60, 60, 60, 60, 93, 93, 60, 60, 155, 155, 89, 89, 60, 60]","[0.0, 0.0, 0.0, 0.0, 0.0, 0.0, 0.0, 0.0, 0.0, 0.0, 0.150034, 0.0, 0.000869, 0.0, 0.011572, 0.0, 0.055139, 0.0, 0.149481, 0.0, 0.000673, 0.0, 0.198827, 0.0]","[1, 1, 1, 1, 1, 1, 1, 1, 1, 1, -1, -1, -1, -1, -1, -1, 1, 1, -1, -1, 1, 1, -1, -1]"
